-- MySQL dump 10.13  Distrib 5.7.30, for Linux (x86_64)
--
-- Host: localhost    Database: forge
-- ------------------------------------------------------
-- Server version	5.7.30-0ubuntu0.18.04.1

/*!40101 SET @OLD_CHARACTER_SET_CLIENT=@@CHARACTER_SET_CLIENT */;
/*!40101 SET @OLD_CHARACTER_SET_RESULTS=@@CHARACTER_SET_RESULTS */;
/*!40101 SET @OLD_COLLATION_CONNECTION=@@COLLATION_CONNECTION */;
/*!40101 SET NAMES utf8 */;
/*!40103 SET @OLD_TIME_ZONE=@@TIME_ZONE */;
/*!40103 SET TIME_ZONE='+00:00' */;
/*!40014 SET @OLD_UNIQUE_CHECKS=@@UNIQUE_CHECKS, UNIQUE_CHECKS=0 */;
/*!40014 SET @OLD_FOREIGN_KEY_CHECKS=@@FOREIGN_KEY_CHECKS, FOREIGN_KEY_CHECKS=0 */;
/*!40101 SET @OLD_SQL_MODE=@@SQL_MODE, SQL_MODE='NO_AUTO_VALUE_ON_ZERO' */;
/*!40111 SET @OLD_SQL_NOTES=@@SQL_NOTES, SQL_NOTES=0 */;

--
-- Table structure for table `activity_log`
--

DROP TABLE IF EXISTS `activity_log`;
/*!40101 SET @saved_cs_client     = @@character_set_client */;
/*!40101 SET character_set_client = utf8 */;
CREATE TABLE `activity_log` (
  `id` int(10) unsigned NOT NULL AUTO_INCREMENT,
  `log_name` varchar(191) COLLATE utf8mb4_unicode_ci DEFAULT NULL,
  `description` varchar(191) COLLATE utf8mb4_unicode_ci NOT NULL,
  `subject_id` int(11) DEFAULT NULL,
  `subject_type` varchar(191) COLLATE utf8mb4_unicode_ci DEFAULT NULL,
  `causer_id` int(11) DEFAULT NULL,
  `causer_type` varchar(191) COLLATE utf8mb4_unicode_ci DEFAULT NULL,
  `properties` text COLLATE utf8mb4_unicode_ci,
  `created_at` timestamp NULL DEFAULT NULL,
  `updated_at` timestamp NULL DEFAULT NULL,
  PRIMARY KEY (`id`),
  KEY `activity_log_log_name_index` (`log_name`)
) ENGINE=InnoDB AUTO_INCREMENT=295 DEFAULT CHARSET=utf8mb4 COLLATE=utf8mb4_unicode_ci;
/*!40101 SET character_set_client = @saved_cs_client */;

--
-- Dumping data for table `activity_log`
--

LOCK TABLES `activity_log` WRITE;
/*!40000 ALTER TABLE `activity_log` DISABLE KEYS */;
INSERT INTO `activity_log` VALUES (1,'default','updated',16,'App\\Models\\Project\\ProjectInformation',1,'App\\User','{\"attributes\":{\"project_id\":16,\"sponsor_id\":1,\"ocid\":\"ocds-aaaaaa-16\",\"stage_id\":1,\"project_need\":\"<p>The need of the Project emanates from the following; a) the capacity of the existing hostels is very low&nbsp;compared with the demand (1,200 of 6,068 students gets accommodation, which translates to an absorption&nbsp;capacity of just 20%); b) the LGTI has limited financial capability to execute the Project on its own through&nbsp;the public procurement route as the estimated capital expenditure (capex) for the Project is TZS 12,726&nbsp;million (excluding interest during construction) while the cash balance available with the LGTI at the end of&nbsp;fiscal 2018 was only TZS 148 million; c) the students living in the private hostels are exposed to unfavorable&nbsp;and unhygienic living conditions, which adversely affects their health and education leading to low grades&nbsp;and pass rates; and d) the students, particularly females, are exposed to major safety and security issues&nbsp;due to travelling alone to and from the institute and minimal or no security measures at these hostels.<\\/p>\",\"description_services\":\"<p>Since education is a social and public good, its knock-on effects have a profound impact on the society at&nbsp;large, both in the short and long term. Similarly, the Project would benefit the students in various ways such&nbsp;as: a) improved grades and pass rates; b) savings in costs related to rent, healthcare and transportation; c)&nbsp;improved employability and earning potential; d) safety and security; e) saving in travel time, which can be&nbsp;utilized for productive activities; and f) easier access to educational facilities along with peer learning.<\\/p>\",\"reasons_ppp\":\"<p>Given the need to combine both the construction and operation in one contract, and considering the LGTI&rsquo;s&nbsp;limited financing ability, we recommend a design, build, finance, operate, maintain, and transfer (DBFOMT)&nbsp;model. This optimizes the ProjectCo&rsquo;s incentives structure and minimizes the lifecycle costs of&nbsp; construction&nbsp;and operation. Further, we have provided an illustrative set of input and output specifications that the&nbsp;ProjectCo will be expected to fulfill under the PPP agreement for the Project in addition to a set of&nbsp;performance standards on which the performance of the ProjectCo would be evaluated during the course of&nbsp;the Project.<\\/p>\",\"stakeholder_consultation\":null,\"description_asset\":\"<p>The hostel buildings will have 640 four-student rooms, and will be able to accommodate 2,560 students. This&nbsp;will improve the students&rsquo; absorption capacity from 20% to 62% of the enrolled students (including the&nbsp;existing capacity of 1,200 student and additional capacity of 2,560 students the Project is expected to&nbsp;create). The estimated capex of the Project is TZS 12,726 million (excluding interest during construction), of&nbsp;which construction cost of the hostel buildings is TZS 11,830 million (93% of the total capex) and the cost of&nbsp;room furniture is TZS 897 million (7% of the total capex).<\\/p>\",\"project_summary_document\":\"Pre-feasibility study report\",\"project_value_usd\":5.46,\"project_value_second\":12726,\"ppp_delivery_model_id\":1},\"old\":{\"project_id\":16,\"sponsor_id\":9,\"ocid\":\"ocds-aaaaaa-16\",\"stage_id\":1,\"project_need\":\"<p>The need of the Project emanates from the following; a) the capacity of the existing hostels is very low&nbsp;compared with the demand (1,200 of 6,068 students gets accommodation, which translates to an absorption&nbsp;capacity of just 20%); b) the LGTI has limited financial capability to execute the Project on its own through&nbsp;the public procurement route as the estimated capital expenditure (capex) for the Project is TZS 12,726&nbsp;million (excluding interest during construction) while the cash balance available with the LGTI at the end of&nbsp;fiscal 2018 was only TZS 148 million; c) the students living in the private hostels are exposed to unfavorable&nbsp;and unhygienic living conditions, which adversely affects their health and education leading to low grades&nbsp;and pass rates; and d) the students, particularly females, are exposed to major safety and security issues&nbsp;due to travelling alone to and from the institute and minimal or no security measures at these hostels.<\\/p>\",\"description_services\":\"<p>Since education is a social and public good, its knock-on effects have a profound impact on the society at&nbsp;large, both in the short and long term. Similarly, the Project would benefit the students in various ways such&nbsp;as: a) improved grades and pass rates; b) savings in costs related to rent, healthcare and transportation; c)&nbsp;improved employability and earning potential; d) safety and security; e) saving in travel time, which can be&nbsp;utilized for productive activities; and f) easier access to educational facilities along with peer learning.<\\/p>\",\"reasons_ppp\":\"<p>Given the need to combine both the construction and operation in one contract, and considering the LGTI&rsquo;s&nbsp;limited financing ability, we recommend a design, build, finance, operate, maintain, and transfer (DBFOMT)&nbsp;model. This optimizes the ProjectCo&rsquo;s incentives structure and minimizes the lifecycle costs of&nbsp; construction&nbsp;and operation. Further, we have provided an illustrative set of input and output specifications that the&nbsp;ProjectCo will be expected to fulfill under the PPP agreement for the Project in addition to a set of&nbsp;performance standards on which the performance of the ProjectCo would be evaluated during the course of&nbsp;the Project.<\\/p>\",\"stakeholder_consultation\":null,\"description_asset\":\"<p>The hostel buildings will have 640 four-student rooms, and will be able to accommodate 2,560 students. This&nbsp;will improve the students&rsquo; absorption capacity from 20% to 62% of the enrolled students (including the&nbsp;existing capacity of 1,200 student and additional capacity of 2,560 students the Project is expected to&nbsp;create). The estimated capex of the Project is TZS 12,726 million (excluding interest during construction), of&nbsp;which construction cost of the hostel buildings is TZS 11,830 million (93% of the total capex) and the cost of&nbsp;room furniture is TZS 897 million (7% of the total capex).<\\/p>\",\"project_summary_document\":\"Pre-feasibility study report\",\"project_value_usd\":5.46,\"project_value_second\":12726,\"ppp_delivery_model_id\":null}}','2020-02-11 12:57:50','2020-02-11 12:57:50'),(2,'default','deleted',2,'App\\Models\\Media',1,'App\\User','{\"attributes\":{\"name\":\"Unra-Logo\",\"old_name\":\"Unra-Logo.jpg\",\"extension\":\"jpg\",\"mime_type\":\"image\\/jpeg\",\"width\":null,\"height\":null,\"section\":\"par\",\"project\":0,\"path\":\"\\/img\\/parties\\/Unra-Logo.jpg\",\"position\":1,\"size\":0,\"uniqueToken\":null}}','2020-02-11 14:23:26','2020-02-11 14:23:26'),(3,'default','created',8,'App\\Models\\Media',1,'App\\User','{\"attributes\":{\"name\":\"40a3e58c-1072-4937-953b-d74ac94fe3e2\",\"old_name\":\"Arusha-city-council.png\",\"extension\":\"png\",\"mime_type\":\"image\\/png\",\"width\":null,\"height\":null,\"section\":\"par\",\"project\":0,\"path\":\"\\/vault\\/0\\/par\\/1\\/Arusha-city-council-40a3e58c-1072-4937-953b-d74ac94fe3e2.png\",\"position\":1,\"size\":45123,\"uniqueToken\":\"19awzd374rj25shzvxufnu\"}}','2020-02-11 14:24:54','2020-02-11 14:24:54'),(4,'default','updated',1,'App\\Models\\Entity',1,'App\\User','{\"attributes\":{\"name\":\"Arusha City Council\",\"name_representative\":null,\"address\":null,\"tel\":null,\"fax\":null,\"email\":null,\"description\":\"The Uganda National Roads Authority (UNRA) was established by the National Authority Act, No. 15 of 2006. UNRA became operational on 1st July 2008. The mandate of UNRA is to develop and maintain the national roads network, advise Government on general roads policy and contribute to addressing of transport concerns.\",\"facebook\":null,\"twitter\":null,\"instagram\":null,\"url\":\"https:\\/\\/www.unra.go.ug\\/\"},\"old\":{\"name\":\"Uganda National Roads Authority (UNRA)\",\"name_representative\":null,\"address\":null,\"tel\":null,\"fax\":null,\"email\":null,\"description\":\"The Uganda National Roads Authority (UNRA) was established by the National Authority Act, No. 15 of 2006. UNRA became operational on 1st July 2008. The mandate of UNRA is to develop and maintain the national roads network, advise Government on general roads policy and contribute to addressing of transport concerns.\",\"facebook\":null,\"twitter\":null,\"instagram\":null,\"url\":\"https:\\/\\/www.unra.go.ug\\/\"}}','2020-02-11 14:24:58','2020-02-11 14:24:58'),(5,'default','deleted',3,'App\\Models\\Media',1,'App\\User','{\"attributes\":{\"name\":\"Uganda_People\'s_Defence_Force_emblem.png\",\"old_name\":\"Uganda_People\'s_Defence_Force_emblem.png\",\"extension\":\"png\",\"mime_type\":\"image\\/png\",\"width\":null,\"height\":null,\"section\":\"par\",\"project\":0,\"path\":\"\\/img\\/parties\\/Uganda_People\'s_Defence_Force_emblem.png\",\"position\":2,\"size\":0,\"uniqueToken\":null}}','2020-02-11 14:25:22','2020-02-11 14:25:22'),(6,'default','created',9,'App\\Models\\Media',1,'App\\User','{\"attributes\":{\"name\":\"6a2ad9b0-77a9-43f6-a8cd-cf1f0b803496\",\"old_name\":\"Moshi-municipal-council.png\",\"extension\":\"png\",\"mime_type\":\"image\\/png\",\"width\":null,\"height\":null,\"section\":\"par\",\"project\":0,\"path\":\"\\/vault\\/0\\/par\\/2\\/Moshi-municipal-council-6a2ad9b0-77a9-43f6-a8cd-cf1f0b803496.png\",\"position\":2,\"size\":45123,\"uniqueToken\":\"e1r8esuolvis5ptcghic3p\"}}','2020-02-11 14:25:27','2020-02-11 14:25:27'),(7,'default','updated',2,'App\\Models\\Entity',1,'App\\User','{\"attributes\":{\"name\":\"Moshi Municipal Council\",\"name_representative\":null,\"address\":null,\"tel\":null,\"fax\":null,\"email\":null,\"description\":\"Lorem ipsum dolor sit amet, consectetur adipiscing elit. Etiam condimentum diam non diam egestas consequat. Duis pharetra felis euismod dui dapibus tempor. Vivamus at ipsum id tellus elementum ultricies sed eu tellus. Curabitur eget tellus id enim ullamcorper laoreet in ut risus. Fusce et libero non lacus condimentum consequat dictum sit amet enim. Sed id nisi porttitor, imperdiet nisi quis, egestas tellus. Suspendisse facilisis, urna nec tincidunt ullamcorper, velit odio ultricies sem, vitae scelerisque ligula diam ut urna. Nunc lobortis vulputate tristique. Donec semper leo lacus, nec iaculis enim varius vitae.\",\"facebook\":null,\"twitter\":null,\"instagram\":null,\"url\":\"http:\\/\\/www.defence.go.ug\\/\"},\"old\":{\"name\":\"Ministry of Defence\",\"name_representative\":null,\"address\":null,\"tel\":null,\"fax\":null,\"email\":null,\"description\":\"Lorem ipsum dolor sit amet, consectetur adipiscing elit. Etiam condimentum diam non diam egestas consequat. Duis pharetra felis euismod dui dapibus tempor. Vivamus at ipsum id tellus elementum ultricies sed eu tellus. Curabitur eget tellus id enim ullamcorper laoreet in ut risus. Fusce et libero non lacus condimentum consequat dictum sit amet enim. Sed id nisi porttitor, imperdiet nisi quis, egestas tellus. Suspendisse facilisis, urna nec tincidunt ullamcorper, velit odio ultricies sem, vitae scelerisque ligula diam ut urna. Nunc lobortis vulputate tristique. Donec semper leo lacus, nec iaculis enim varius vitae. \",\"facebook\":null,\"twitter\":null,\"instagram\":null,\"url\":\"http:\\/\\/www.defence.go.ug\\/\"}}','2020-02-11 14:25:30','2020-02-11 14:25:30'),(8,'default','deleted',4,'App\\Models\\Media',1,'App\\User','{\"attributes\":{\"name\":\"Ministry-of-Works-Logo.jpg\",\"old_name\":\"Ministry-of-Works-Logo.jpg\",\"extension\":\"jpg\",\"mime_type\":\"image\\/jpeg\",\"width\":null,\"height\":null,\"section\":\"par\",\"project\":0,\"path\":\"\\/img\\/parties\\/Ministry-of-Works-Logo.jpg\",\"position\":3,\"size\":0,\"uniqueToken\":null}}','2020-02-11 14:25:54','2020-02-11 14:25:54'),(9,'default','created',10,'App\\Models\\Media',1,'App\\User','{\"attributes\":{\"name\":\"314abcc1-58dc-4eee-a5c2-911ed3b878d2\",\"old_name\":\"dar-es-salaam-city-council.png\",\"extension\":\"png\",\"mime_type\":\"image\\/png\",\"width\":null,\"height\":null,\"section\":\"par\",\"project\":0,\"path\":\"\\/vault\\/0\\/par\\/3\\/dar-es-salaam-city-council-314abcc1-58dc-4eee-a5c2-911ed3b878d2.png\",\"position\":3,\"size\":45123,\"uniqueToken\":\"wpc34ls8eu6vnbkmcqd0e\"}}','2020-02-11 14:26:00','2020-02-11 14:26:00'),(10,'default','updated',3,'App\\Models\\Entity',1,'App\\User','{\"attributes\":{\"name\":\"Dar es Salaam City Council\",\"name_representative\":null,\"address\":null,\"tel\":null,\"fax\":null,\"email\":null,\"description\":\"On behalf of the Government of Uganda, we engage in monitoring and provisioning of transport infrastructure support functions, regulatory functions and research activities related to roads, rail, water or air transport & other engineering works.\",\"facebook\":null,\"twitter\":null,\"instagram\":null,\"url\":\"https:\\/\\/www.works.go.ug\\/\"},\"old\":{\"name\":\"Ministry of Works and Transport\",\"name_representative\":null,\"address\":null,\"tel\":null,\"fax\":null,\"email\":null,\"description\":\"On behalf of the Government of Uganda, we engage in monitoring and provisioning of transport infrastructure support functions, regulatory functions and research activities related to roads, rail, water or air transport & other engineering works.\",\"facebook\":null,\"twitter\":null,\"instagram\":null,\"url\":\"https:\\/\\/www.works.go.ug\\/\"}}','2020-02-11 14:26:02','2020-02-11 14:26:02'),(11,'default','deleted',5,'App\\Models\\Media',1,'App\\User','{\"attributes\":{\"name\":\"180px-Uganda_Wildlife_Authority_Logo.jpg\",\"old_name\":\"180px-Uganda_Wildlife_Authority_Logo.jpg\",\"extension\":\"jpeg\",\"mime_type\":\"image\\/jpeg\",\"width\":null,\"height\":null,\"section\":\"par\",\"project\":0,\"path\":\"\\/img\\/parties\\/180px-Uganda_Wildlife_Authority_Logo.jpg\",\"position\":4,\"size\":0,\"uniqueToken\":null}}','2020-02-11 14:26:29','2020-02-11 14:26:29'),(12,'default','created',11,'App\\Models\\Media',1,'App\\User','{\"attributes\":{\"name\":\"07743bee-d8c6-4a1f-b580-6be2ef2eda1c\",\"old_name\":\"Ilala-city-council.png\",\"extension\":\"png\",\"mime_type\":\"image\\/png\",\"width\":null,\"height\":null,\"section\":\"par\",\"project\":0,\"path\":\"\\/vault\\/0\\/par\\/4\\/Ilala-city-council-07743bee-d8c6-4a1f-b580-6be2ef2eda1c.png\",\"position\":4,\"size\":15360,\"uniqueToken\":\"p7ilabnkxd8vojebrtar2\"}}','2020-02-11 14:26:35','2020-02-11 14:26:35'),(13,'default','updated',4,'App\\Models\\Entity',1,'App\\User','{\"attributes\":{\"name\":\"Ilala Municipal Council\",\"name_representative\":null,\"address\":null,\"tel\":null,\"fax\":null,\"email\":null,\"description\":\"Uganda Wildlife Authority (UWA) is a semi-autonomous government agency that conserves and manages Uganda\\u2019s wildlife for the people of Uganda and the whole world.\",\"facebook\":null,\"twitter\":null,\"instagram\":null,\"url\":\"http:\\/\\/www.ugandawildlife.org\\/\"},\"old\":{\"name\":\"Uganda Wildlife Authority\",\"name_representative\":null,\"address\":null,\"tel\":null,\"fax\":null,\"email\":null,\"description\":\"Uganda Wildlife Authority (UWA) is a semi-autonomous government agency that conserves and manages Uganda\\u2019s wildlife for the people of Uganda and the whole world.\",\"facebook\":null,\"twitter\":null,\"instagram\":null,\"url\":\"http:\\/\\/www.ugandawildlife.org\\/\"}}','2020-02-11 14:26:38','2020-02-11 14:26:38'),(14,'default','deleted',6,'App\\Models\\Media',1,'App\\User','{\"attributes\":{\"name\":\"logo_0\",\"old_name\":\"logo_0.png\",\"extension\":\"png\",\"mime_type\":\"image\\/png\",\"width\":null,\"height\":null,\"section\":\"par\",\"project\":0,\"path\":\"\\/img\\/parties\\/logo_0.png\",\"position\":5,\"size\":0,\"uniqueToken\":null}}','2020-02-11 14:27:20','2020-02-11 14:27:20'),(15,'default','created',12,'App\\Models\\Media',1,'App\\User','{\"attributes\":{\"name\":\"ff3052cb-002b-4de4-a094-6bd05af829f1\",\"old_name\":\"kinondoni-city-council.png\",\"extension\":\"png\",\"mime_type\":\"image\\/png\",\"width\":null,\"height\":null,\"section\":\"par\",\"project\":0,\"path\":\"\\/vault\\/0\\/par\\/5\\/kinondoni-city-council-ff3052cb-002b-4de4-a094-6bd05af829f1.png\",\"position\":5,\"size\":45123,\"uniqueToken\":\"dq16g2jxtfc9cs0gq1mwu\"}}','2020-02-11 14:27:25','2020-02-11 14:27:25'),(16,'default','updated',5,'App\\Models\\Entity',1,'App\\User','{\"attributes\":{\"name\":\"Kinondoni Municipal Council\",\"name_representative\":null,\"address\":null,\"tel\":null,\"fax\":null,\"email\":null,\"description\":\"Kinondoni Municipal Council\",\"facebook\":null,\"twitter\":null,\"instagram\":null,\"url\":null},\"old\":{\"name\":\"Mbale District Local Government\",\"name_representative\":null,\"address\":null,\"tel\":null,\"fax\":null,\"email\":null,\"description\":\"Mbale District is a district in Eastern Uganda. It is named after the largest city in the district, Mbale, which also serves as the main administrative and commercial center in the sub-region.\",\"facebook\":null,\"twitter\":null,\"instagram\":null,\"url\":\"https:\\/\\/www.mbale.go.ug\\/\"}}','2020-02-11 14:27:30','2020-02-11 14:27:30'),(17,'default','deleted',7,'App\\Models\\Media',1,'App\\User','{\"attributes\":{\"name\":\"ursb\",\"old_name\":\"ursb.png\",\"extension\":\"png\",\"mime_type\":\"image\\/png\",\"width\":null,\"height\":null,\"section\":\"par\",\"project\":0,\"path\":\"\\/img\\/parties\\/ursb.png\",\"position\":6,\"size\":0,\"uniqueToken\":null}}','2020-02-11 14:28:01','2020-02-11 14:28:01'),(18,'default','created',13,'App\\Models\\Media',1,'App\\User','{\"attributes\":{\"name\":\"d6dadb88-2d10-433c-9fb5-f28aeea98ea1\",\"old_name\":\"temeke-city-council.jpg\",\"extension\":\"jpeg\",\"mime_type\":\"image\\/jpeg\",\"width\":null,\"height\":null,\"section\":\"par\",\"project\":0,\"path\":\"\\/vault\\/0\\/par\\/6\\/temeke-city-council-d6dadb88-2d10-433c-9fb5-f28aeea98ea1.jpeg\",\"position\":6,\"size\":11340,\"uniqueToken\":\"e4ci9fh3teouc9kc5tb28\"}}','2020-02-11 14:28:06','2020-02-11 14:28:06'),(19,'default','updated',6,'App\\Models\\Entity',1,'App\\User','{\"attributes\":{\"name\":\"Temeke Municipal Council\",\"name_representative\":null,\"address\":null,\"tel\":null,\"fax\":null,\"email\":null,\"description\":\"Temeke Municipal Council\",\"facebook\":null,\"twitter\":null,\"instagram\":null,\"url\":null},\"old\":{\"name\":\"Uganda Registration Services Bureau\",\"name_representative\":null,\"address\":null,\"tel\":null,\"fax\":null,\"email\":null,\"description\":\"The Uganda Registration Services Bureau (URSB) is a semi-autonomous government agency, established by Act of Parliament in 1998 in Uganda. URSB is responsible for civil registrations (including marriages and divorces but not including births, adoptions, or deaths), business registrations (setups and liquidations), registration of patents and intellectual property rights, and any other registrations required by law.\",\"facebook\":null,\"twitter\":null,\"instagram\":null,\"url\":\"https:\\/\\/ursb.go.ug\\/\"}}','2020-02-11 14:28:10','2020-02-11 14:28:10'),(20,'default','updated',1,'App\\Models\\Entity',1,'App\\User','{\"attributes\":{\"name\":\"Arusha City Council\",\"name_representative\":null,\"address\":null,\"tel\":null,\"fax\":null,\"email\":null,\"description\":\"Arusha City Council\",\"facebook\":null,\"twitter\":null,\"instagram\":null,\"url\":null},\"old\":{\"name\":\"Arusha City Council\",\"name_representative\":null,\"address\":null,\"tel\":null,\"fax\":null,\"email\":null,\"description\":\"The Uganda National Roads Authority (UNRA) was established by the National Authority Act, No. 15 of 2006. UNRA became operational on 1st July 2008. The mandate of UNRA is to develop and maintain the national roads network, advise Government on general roads policy and contribute to addressing of transport concerns.\",\"facebook\":null,\"twitter\":null,\"instagram\":null,\"url\":\"https:\\/\\/www.unra.go.ug\\/\"}}','2020-02-11 14:28:39','2020-02-11 14:28:39'),(21,'default','updated',2,'App\\Models\\Entity',1,'App\\User','{\"attributes\":{\"name\":\"Moshi Municipal Council\",\"name_representative\":null,\"address\":null,\"tel\":null,\"fax\":null,\"email\":null,\"description\":\"Lorem ipsum dolor sit amet, consectetur adipiscing elit. Etiam condimentum diam non diam egestas consequat. Duis pharetra felis euismod dui dapibus tempor. Vivamus at ipsum id tellus elementum ultricies sed eu tellus. Curabitur eget tellus id enim ullamcorper laoreet in ut risus. Fusce et libero non lacus condimentum consequat dictum sit amet enim. Sed id nisi porttitor, imperdiet nisi quis, egestas tellus. Suspendisse facilisis, urna nec tincidunt ullamcorper, velit odio ultricies sem, vitae scelerisque ligula diam ut urna. Nunc lobortis vulputate tristique. Donec semper leo lacus, nec iaculis enim varius vitae.\",\"facebook\":null,\"twitter\":null,\"instagram\":null,\"url\":null},\"old\":{\"name\":\"Moshi Municipal Council\",\"name_representative\":null,\"address\":null,\"tel\":null,\"fax\":null,\"email\":null,\"description\":\"Lorem ipsum dolor sit amet, consectetur adipiscing elit. Etiam condimentum diam non diam egestas consequat. Duis pharetra felis euismod dui dapibus tempor. Vivamus at ipsum id tellus elementum ultricies sed eu tellus. Curabitur eget tellus id enim ullamcorper laoreet in ut risus. Fusce et libero non lacus condimentum consequat dictum sit amet enim. Sed id nisi porttitor, imperdiet nisi quis, egestas tellus. Suspendisse facilisis, urna nec tincidunt ullamcorper, velit odio ultricies sem, vitae scelerisque ligula diam ut urna. Nunc lobortis vulputate tristique. Donec semper leo lacus, nec iaculis enim varius vitae.\",\"facebook\":null,\"twitter\":null,\"instagram\":null,\"url\":\"http:\\/\\/www.defence.go.ug\\/\"}}','2020-02-11 14:28:49','2020-02-11 14:28:49'),(22,'default','updated',4,'App\\Models\\Entity',1,'App\\User','{\"attributes\":{\"name\":\"Ilala Municipal Council\",\"name_representative\":null,\"address\":null,\"tel\":null,\"fax\":null,\"email\":null,\"description\":\"Ilala Municipal Council\",\"facebook\":null,\"twitter\":null,\"instagram\":null,\"url\":null},\"old\":{\"name\":\"Ilala Municipal Council\",\"name_representative\":null,\"address\":null,\"tel\":null,\"fax\":null,\"email\":null,\"description\":\"Uganda Wildlife Authority (UWA) is a semi-autonomous government agency that conserves and manages Uganda\\u2019s wildlife for the people of Uganda and the whole world.\",\"facebook\":null,\"twitter\":null,\"instagram\":null,\"url\":\"http:\\/\\/www.ugandawildlife.org\\/\"}}','2020-02-11 14:29:03','2020-02-11 14:29:03'),(23,'default','updated',3,'App\\Models\\Entity',1,'App\\User','{\"attributes\":{\"name\":\"Dar es Salaam City Council\",\"name_representative\":null,\"address\":null,\"tel\":null,\"fax\":null,\"email\":null,\"description\":\"Dar es Salaam City Council\",\"facebook\":null,\"twitter\":null,\"instagram\":null,\"url\":\"https:\\/\\/www.works.go.ug\\/\"},\"old\":{\"name\":\"Dar es Salaam City Council\",\"name_representative\":null,\"address\":null,\"tel\":null,\"fax\":null,\"email\":null,\"description\":\"On behalf of the Government of Uganda, we engage in monitoring and provisioning of transport infrastructure support functions, regulatory functions and research activities related to roads, rail, water or air transport & other engineering works.\",\"facebook\":null,\"twitter\":null,\"instagram\":null,\"url\":\"https:\\/\\/www.works.go.ug\\/\"}}','2020-02-11 14:29:31','2020-02-11 14:29:31'),(24,'default','created',14,'App\\Models\\Media',1,'App\\User','{\"attributes\":{\"name\":\"79c38d27-f362-4ef2-a0e6-e601cda56ab9\",\"old_name\":\"mbeya-city-council.jpg\",\"extension\":\"jpeg\",\"mime_type\":\"image\\/jpeg\",\"width\":null,\"height\":null,\"section\":\"par\",\"project\":0,\"path\":\"\\/vault\\/0\\/par\\/7\\/mbeya-city-council-79c38d27-f362-4ef2-a0e6-e601cda56ab9.jpeg\",\"position\":7,\"size\":15054,\"uniqueToken\":\"4a2ua84osqhkccat0wt94s\"}}','2020-02-11 14:30:15','2020-02-11 14:30:15'),(25,'default','created',7,'App\\Models\\Entity',1,'App\\User','{\"attributes\":{\"name\":\"Mbeya City Council\",\"name_representative\":\"Mbeya City Council\",\"address\":null,\"tel\":null,\"fax\":null,\"email\":null,\"description\":\"Mbeya City Council\",\"facebook\":null,\"twitter\":null,\"instagram\":null,\"url\":null}}','2020-02-11 14:30:15','2020-02-11 14:30:15'),(26,'default','created',15,'App\\Models\\Media',1,'App\\User','{\"attributes\":{\"name\":\"0061084e-9876-482d-aad1-94c93a0e7bde\",\"old_name\":\"Mwanza-city-council.png\",\"extension\":\"png\",\"mime_type\":\"image\\/png\",\"width\":null,\"height\":null,\"section\":\"par\",\"project\":0,\"path\":\"\\/vault\\/0\\/par\\/8\\/Mwanza-city-council-0061084e-9876-482d-aad1-94c93a0e7bde.png\",\"position\":8,\"size\":14771,\"uniqueToken\":\"fu47m4bcdluou9eyk70y2q\"}}','2020-02-11 14:30:34','2020-02-11 14:30:34'),(27,'default','created',8,'App\\Models\\Entity',1,'App\\User','{\"attributes\":{\"name\":\"Mwanza City Council\",\"name_representative\":\"Mwanza City Council\",\"address\":null,\"tel\":null,\"fax\":null,\"email\":null,\"description\":\"Mwanza City Council\",\"facebook\":null,\"twitter\":null,\"instagram\":null,\"url\":null}}','2020-02-11 14:30:34','2020-02-11 14:30:34'),(28,'default','created',16,'App\\Models\\Media',1,'App\\User','{\"attributes\":{\"name\":\"e6ade05d-fcf4-47a8-baa0-58549c162dba\",\"old_name\":\"Dodoma-city-council.png\",\"extension\":\"png\",\"mime_type\":\"image\\/png\",\"width\":null,\"height\":null,\"section\":\"par\",\"project\":0,\"path\":\"\\/vault\\/0\\/par\\/9\\/Dodoma-city-council-e6ade05d-fcf4-47a8-baa0-58549c162dba.png\",\"position\":9,\"size\":45123,\"uniqueToken\":\"paugoca6ngv482zfh79l\"}}','2020-02-11 14:31:07','2020-02-11 14:31:07'),(29,'default','created',9,'App\\Models\\Entity',1,'App\\User','{\"attributes\":{\"name\":\"Dodoma City Council\",\"name_representative\":\"Dodoma City Council\",\"address\":null,\"tel\":null,\"fax\":null,\"email\":null,\"description\":\"Dodoma City Council\",\"facebook\":null,\"twitter\":null,\"instagram\":null,\"url\":null}}','2020-02-11 14:31:08','2020-02-11 14:31:08'),(30,'default','created',17,'App\\Models\\Media',1,'App\\User','{\"attributes\":{\"name\":\"a4eaf7a0-2efb-4cb9-95fe-217e71edfd47\",\"old_name\":\"Mtwara-Mikindani-municipal-council.jpg\",\"extension\":\"jpeg\",\"mime_type\":\"image\\/jpeg\",\"width\":null,\"height\":null,\"section\":\"par\",\"project\":0,\"path\":\"\\/vault\\/0\\/par\\/10\\/Mtwara-Mikindani-municipal-council-a4eaf7a0-2efb-4cb9-95fe-217e71edfd47.jpeg\",\"position\":10,\"size\":2090,\"uniqueToken\":\"o368p23fm9o43kqa52dshz\"}}','2020-02-11 14:31:33','2020-02-11 14:31:33'),(31,'default','created',10,'App\\Models\\Entity',1,'App\\User','{\"attributes\":{\"name\":\"Mtwara\\/Mikindani Municipal Council\",\"name_representative\":\"Mtwara\\/Mikindani Municipal Council\",\"address\":null,\"tel\":null,\"fax\":null,\"email\":null,\"description\":\"Mtwara\\/Mikindani Municipal Council\",\"facebook\":null,\"twitter\":null,\"instagram\":null,\"url\":null}}','2020-02-11 14:31:33','2020-02-11 14:31:33'),(32,'default','created',18,'App\\Models\\Media',1,'App\\User','{\"attributes\":{\"name\":\"41f2c91e-46b2-475a-93dd-56f25b426057\",\"old_name\":\"Local-government-training-institute-LGTI.jpg\",\"extension\":\"jpeg\",\"mime_type\":\"image\\/jpeg\",\"width\":null,\"height\":null,\"section\":\"par\",\"project\":0,\"path\":\"\\/vault\\/0\\/par\\/11\\/Local-government-training-institute-LGTI-41f2c91e-46b2-475a-93dd-56f25b426057.jpeg\",\"position\":11,\"size\":7779,\"uniqueToken\":\"a1kxreo631u8td0fdn6uir\"}}','2020-02-11 14:31:55','2020-02-11 14:31:55'),(33,'default','created',11,'App\\Models\\Entity',1,'App\\User','{\"attributes\":{\"name\":\"Local Government Training Institute (LGTI)\",\"name_representative\":null,\"address\":null,\"tel\":null,\"fax\":null,\"email\":null,\"description\":\"Local Government Training Institute (LGTI)\",\"facebook\":null,\"twitter\":null,\"instagram\":null,\"url\":null}}','2020-02-11 14:31:55','2020-02-11 14:31:55'),(34,'default','updated',10,'App\\Models\\Project\\ProjectInformation',1,'App\\User','{\"attributes\":{\"project_id\":10,\"sponsor_id\":1,\"ocid\":\"ocds-aaaaaa-10\",\"stage_id\":1,\"project_need\":\"<p>It is observed that the existing market at Mbuyuni Bondeni is an obsolete structure and it faces issues with&nbsp;overcrowding. With a capacity of about 100 vendors a day, it observes more than 800 vendors a day. This&nbsp;leads to encroachments and congestion on adjoining roads. Due to informal nature of the market, it is&nbsp;difficult for the LGA to realise revenues from the market. The current layout also poses health and safety&nbsp;concerns.&acute;`<\\/p>\",\"description_services\":\"<p>Moshi Municipal Council (MCC), the LGA of Moshi, has envisioned the re-development and expansion of&nbsp;existing Mbuyuni market facility in Moshi to provide safe and hygienic commercial\\/retail space in the City&nbsp;that is accessible by all income groups, especially lower income groups. Thus, this development is expected&nbsp;to address basic retail related needs of the larger community.<\\/p>\\r\\n<p>While the retail sector in Tanzania majorly comprises informal open-air markets, there has been a growth&nbsp;in demand for modern retail space and formal retail formats. In the short term, increasing development in&nbsp;the formal retail sector is expected to drive the investment in modern retail. For example, new formal and&nbsp;modern retail spaces are being developed in Dar es Salaam, which have attracted a range of retailers.<\\/p>\",\"reasons_ppp\":\"<p>The financial assessment was carried out for the selected PPP commercial arrangement of BOT with User&nbsp;Pays. The financial analysis also draws upon the project configuration. As identified under the legal review,&nbsp;&lsquo;small-scale&rsquo; PPP projects (total project value less than USD 70 million) may have a duration of 15 years&nbsp;(upper limit). Accordingly, a project duration of 15 years was considered.<\\/p>\",\"stakeholder_consultation\":null,\"description_asset\":\"<p>Moshi Municipal Council (MCC), the LGA of Moshi, has envisioned the re-development and expansion of existing Mbuyuni market facility in Moshi to provide safe and hygienic commercial\\/retail space in the City that is accessible by all income groups, especially lower income groups. Thus, this development is expected to address basic retail related needs of the larger community.&nbsp; While the retail sector in Tanzania majorly comprises informal open-air markets, there has been a growth in demand for modern retail space and formal retail formats. In the short term, increasing development in the formal retail sector is expected to drive the investment in modern retail. For example, new formal and modern retail spaces are being developed in Dar es Salaam, which have attracted a range of retailers.&nbsp;<\\/p>\",\"project_summary_document\":\"Pre- feasibility study report\",\"project_value_usd\":70,\"project_value_second\":163046,\"ppp_delivery_model_id\":5},\"old\":{\"project_id\":10,\"sponsor_id\":1,\"ocid\":\"ocds-aaaaaa-10\",\"stage_id\":1,\"project_need\":\"<p>It is observed that the existing market at Mbuyuni Bondeni is an obsolete structure and it faces issues with&nbsp;overcrowding. With a capacity of about 100 vendors a day, it observes more than 800 vendors a day. This&nbsp;leads to encroachments and congestion on adjoining roads. Due to informal nature of the market, it is&nbsp;difficult for the LGA to realise revenues from the market. The current layout also poses health and safety&nbsp;concerns.<\\/p>\",\"description_services\":\"<p>Moshi Municipal Council (MCC), the LGA of Moshi, has envisioned the re-development and expansion of&nbsp;existing Mbuyuni market facility in Moshi to provide safe and hygienic commercial\\/retail space in the City&nbsp;that is accessible by all income groups, especially lower income groups. Thus, this development is expected&nbsp;to address basic retail related needs of the larger community.<\\/p>\\r\\n<p>While the retail sector in Tanzania majorly comprises informal open-air markets, there has been a growth&nbsp;in demand for modern retail space and formal retail formats. In the short term, increasing development in&nbsp;the formal retail sector is expected to drive the investment in modern retail. For example, new formal and&nbsp;modern retail spaces are being developed in Dar es Salaam, which have attracted a range of retailers.<\\/p>\",\"reasons_ppp\":\"<p>The financial assessment was carried out for the selected PPP commercial arrangement of BOT with User&nbsp;Pays. The financial analysis also draws upon the project configuration. As identified under the legal review,&nbsp;&lsquo;small-scale&rsquo; PPP projects (total project value less than USD 70 million) may have a duration of 15 years&nbsp;(upper limit). Accordingly, a project duration of 15 years was considered.<\\/p>\",\"stakeholder_consultation\":null,\"description_asset\":\"<p>Moshi Municipal Council (MCC), the LGA of Moshi, has envisioned the re-development and expansion of existing Mbuyuni market facility in Moshi to provide safe and hygienic commercial\\/retail space in the City that is accessible by all income groups, especially lower income groups. Thus, this development is expected to address basic retail related needs of the larger community.&nbsp; While the retail sector in Tanzania majorly comprises informal open-air markets, there has been a growth in demand for modern retail space and formal retail formats. In the short term, increasing development in the formal retail sector is expected to drive the investment in modern retail. For example, new formal and modern retail spaces are being developed in Dar es Salaam, which have attracted a range of retailers.&nbsp;<\\/p>\",\"project_summary_document\":\"Pre- feasibility study report\",\"project_value_usd\":70,\"project_value_second\":163046,\"ppp_delivery_model_id\":5}}','2020-02-11 14:32:21','2020-02-11 14:32:21'),(35,'default','created',127,'App\\Models\\Project\\ContractMilestones\\ContractMilestone',1,'App\\User','{\"attributes\":{\"project_id\":10,\"name\":\"test milestone\",\"milestone_type_id\":2,\"date\":\"2020-02-10 00:00:00\",\"description\":\"test milestone\",\"milestone_category_id\":1}}','2020-02-11 14:32:50','2020-02-11 14:32:50'),(36,'default','created',1,'App\\Models\\Project\\PerformanceInformation\\KeyPerformanceIndicators\\PI_KeyPerformanceIndicator',1,'App\\User','{\"attributes\":{\"year\":2020,\"target\":\"2000000\",\"achievement\":\"test\",\"type_id\":1,\"pi_key_performance_main_id\":10}}','2020-02-11 14:33:27','2020-02-11 14:33:27'),(37,'default','created',2,'App\\Models\\Project\\ProjectDetails\\PD_Announcement',1,'App\\User','{\"attributes\":{\"project_details_id\":10,\"name\":\"test anouncement\",\"description\":\"<p>test anouncement<\\/p>\"}}','2020-02-11 14:33:50','2020-02-11 14:33:50'),(38,'default','updated',1,'App\\User',1,'App\\User','{\"attributes\":{\"name\":\"admin\",\"email\":\"admin@admin.com\",\"telephone\":\"612345678\",\"inactive\":0},\"old\":{\"name\":\"admin\",\"email\":\"admin@admin.com\",\"telephone\":\"612345678\",\"inactive\":0}}','2020-02-11 15:26:11','2020-02-11 15:26:11'),(39,'default','updated',1,'App\\User',1,'App\\User','{\"attributes\":{\"name\":\"admin\",\"email\":\"admin@admin.com\",\"telephone\":\"612345678\",\"inactive\":0},\"old\":{\"name\":\"admin\",\"email\":\"admin@admin.com\",\"telephone\":\"612345678\",\"inactive\":0}}','2020-02-11 15:28:12','2020-02-11 15:28:12'),(40,'default','updated',11,'App\\User',11,'App\\User','{\"attributes\":{\"name\":\"Adetoun Latifat Adetona\",\"email\":\"adetounadetona@yahoo.com\",\"telephone\":\"123456789\",\"inactive\":0},\"old\":{\"name\":\"Adetoun Latifat Adetona\",\"email\":\"adetounadetona@yahoo.com\",\"telephone\":\"123456789\",\"inactive\":0}}','2020-02-11 15:29:37','2020-02-11 15:29:37'),(41,'default','updated',8,'App\\User',8,'App\\User','{\"attributes\":{\"name\":\"Project Coordinator\",\"email\":\"jmontero@aninver.com\",\"telephone\":null,\"inactive\":0},\"old\":{\"name\":\"Project Coordinator\",\"email\":\"jmontero@aninver.com\",\"telephone\":null,\"inactive\":0}}','2020-02-11 15:29:51','2020-02-11 15:29:51'),(42,'default','created',19,'App\\Models\\Media',1,'App\\User','{\"attributes\":{\"name\":\"b99df60b-0491-4685-82cf-d1d220b8c7d7\",\"old_name\":\"zanzibar_coat_of_arms.jpg\",\"extension\":\"jpeg\",\"mime_type\":\"image\\/jpeg\",\"width\":null,\"height\":null,\"section\":\"par\",\"project\":0,\"path\":\"\\/vault\\/0\\/par\\/12\\/zanzibar_coat_of_arms-b99df60b-0491-4685-82cf-d1d220b8c7d7.jpeg\",\"position\":12,\"size\":17858,\"uniqueToken\":\"41bs0jykjv7rl5c457kmz\"}}','2020-02-11 15:57:59','2020-02-11 15:57:59'),(43,'default','created',12,'App\\Models\\Entity',1,'App\\User','{\"attributes\":{\"name\":\"Zanzibar PPP Department\",\"name_representative\":\"Zanzibar PPP Department\",\"address\":null,\"tel\":null,\"fax\":null,\"email\":null,\"description\":\"Zanzibar PPP Department\",\"facebook\":null,\"twitter\":null,\"instagram\":null,\"url\":null}}','2020-02-11 15:57:59','2020-02-11 15:57:59'),(44,'default','updated',10,'App\\User',1,'App\\User','{\"attributes\":{\"name\":\"Jose Montero\",\"email\":\"aninver.it@gmail.com\",\"telephone\":\"123456678\",\"inactive\":0},\"old\":{\"name\":\"Jose Montero\",\"email\":\"aninver.it@gmail.com\",\"telephone\":\"123456678\",\"inactive\":0}}','2020-02-11 15:58:18','2020-02-11 15:58:18'),(45,'default','updated',9,'App\\User',1,'App\\User','{\"attributes\":{\"name\":\"Miguel Martin\",\"email\":\"mmartin@aninver.com\",\"telephone\":\"951 76 79 73\",\"inactive\":0},\"old\":{\"name\":\"Miguel Martin\",\"email\":\"mmartin@aninver.com\",\"telephone\":\"951 76 79 73\",\"inactive\":0}}','2020-02-11 15:58:30','2020-02-11 15:58:30'),(46,'default','updated',11,'App\\User',1,'App\\User','{\"attributes\":{\"name\":\"Adetoun Latifat Adetona\",\"email\":\"adetounadetona@yahoo.com\",\"telephone\":\"123456789\",\"inactive\":0},\"old\":{\"name\":\"Adetoun Latifat Adetona\",\"email\":\"adetounadetona@yahoo.com\",\"telephone\":\"123456789\",\"inactive\":0}}','2020-02-11 15:58:43','2020-02-11 15:58:43'),(47,'default','updated',11,'App\\User',11,'App\\User','{\"attributes\":{\"name\":\"Adetoun Latifat Adetona\",\"email\":\"adetounadetona@yahoo.com\",\"telephone\":\"123456789\",\"inactive\":1},\"old\":{\"name\":\"Adetoun Latifat Adetona\",\"email\":\"adetounadetona@yahoo.com\",\"telephone\":\"123456789\",\"inactive\":0}}','2020-03-24 16:20:50','2020-03-24 16:20:50'),(48,'default','updated',11,'App\\User',11,'App\\User','{\"attributes\":{\"name\":\"Adetoun Latifat Adetona\",\"email\":\"adetounadetona@yahoo.com\",\"telephone\":\"123456789\",\"inactive\":1},\"old\":{\"name\":\"Adetoun Latifat Adetona\",\"email\":\"adetounadetona@yahoo.com\",\"telephone\":\"123456789\",\"inactive\":1}}','2020-03-24 16:20:50','2020-03-24 16:20:50'),(49,'default','updated',1,'App\\User',1,'App\\User','{\"attributes\":{\"name\":\"admin\",\"email\":\"admin@admin.com\",\"telephone\":\"612345678\",\"inactive\":1},\"old\":{\"name\":\"admin\",\"email\":\"admin@admin.com\",\"telephone\":\"612345678\",\"inactive\":0}}','2020-03-24 16:26:18','2020-03-24 16:26:18'),(50,'default','updated',1,'App\\User',1,'App\\User','{\"attributes\":{\"name\":\"admin\",\"email\":\"admin@admin.com\",\"telephone\":\"612345678\",\"inactive\":1},\"old\":{\"name\":\"admin\",\"email\":\"admin@admin.com\",\"telephone\":\"612345678\",\"inactive\":1}}','2020-03-24 16:26:18','2020-03-24 16:26:18'),(51,'default','updated',11,'App\\User',NULL,NULL,'{\"attributes\":{\"name\":\"Adetoun Latifat Adetona\",\"email\":\"mon_montero@yahoo.es\",\"telephone\":\"123456789\",\"inactive\":0},\"old\":{\"name\":\"Adetoun Latifat Adetona\",\"email\":\"mon_montero@yahoo.es\",\"telephone\":\"123456789\",\"inactive\":0}}','2020-03-24 18:35:27','2020-03-24 18:35:27'),(52,'default','updated',11,'App\\User',11,'App\\User','{\"attributes\":{\"name\":\"Adetoun Latifat Adetona\",\"email\":\"mon_montero@yahoo.es\",\"telephone\":\"123456789\",\"inactive\":0},\"old\":{\"name\":\"Adetoun Latifat Adetona\",\"email\":\"mon_montero@yahoo.es\",\"telephone\":\"123456789\",\"inactive\":0}}','2020-03-24 18:35:36','2020-03-24 18:35:36'),(53,'default','updated',11,'App\\User',11,'App\\User','{\"attributes\":{\"name\":\"Adetoun Latifat Adetona\",\"email\":\"adetounadetona@yahoo.com\",\"telephone\":\"123456789\",\"inactive\":0},\"old\":{\"name\":\"Adetoun Latifat Adetona\",\"email\":\"adetounadetona@yahoo.com\",\"telephone\":\"123456789\",\"inactive\":0}}','2020-03-24 18:36:33','2020-03-24 18:36:33'),(54,'default','updated',11,'App\\User',11,'App\\User','{\"attributes\":{\"name\":\"Adetoun Latifat Adetona\",\"email\":\"adetounadetona@yahoo.com\",\"telephone\":\"123456789\",\"inactive\":0},\"old\":{\"name\":\"Adetoun Latifat Adetona\",\"email\":\"adetounadetona@yahoo.com\",\"telephone\":\"123456789\",\"inactive\":0}}','2020-03-25 08:07:19','2020-03-25 08:07:19'),(55,'default','created',128,'App\\Models\\Project\\ContractMilestones\\ContractMilestone',1,'App\\User','{\"attributes\":{\"project_id\":16,\"name\":\"test milestone\",\"milestone_type_id\":2,\"date\":\"2020-03-29 00:00:00\",\"description\":\"test milestone\",\"milestone_category_id\":1}}','2020-03-30 14:10:49','2020-03-30 14:10:49'),(56,'default','updated',11,'App\\User',11,'App\\User','{\"attributes\":{\"name\":\"Adetoun Latifat Adetona\",\"email\":\"adetounadetona@yahoo.com\",\"telephone\":\"123456789\",\"inactive\":0},\"old\":{\"name\":\"Adetoun Latifat Adetona\",\"email\":\"adetounadetona@yahoo.com\",\"telephone\":\"123456789\",\"inactive\":0}}','2020-04-06 11:38:51','2020-04-06 11:38:51'),(57,'default','deleted',10,'App\\Models\\Project\\Project',11,'App\\User','{\"attributes\":{\"id\":10,\"name\":\"Re-construction and expansion of existing Mbuyuni market (Bondeni Ward), Moshi Municipal Council\"}}','2020-04-06 11:42:19','2020-04-06 11:42:19'),(58,'default','deleted',14,'App\\Models\\Project\\Project',11,'App\\User','{\"attributes\":{\"id\":14,\"name\":\"Boko Dawasa Bus Terminal\"}}','2020-04-06 11:42:26','2020-04-06 11:42:26'),(59,'default','deleted',15,'App\\Models\\Project\\Project',11,'App\\User','{\"attributes\":{\"id\":15,\"name\":\"Arusha City Council Solid Waste Management\"}}','2020-04-06 11:42:32','2020-04-06 11:42:32'),(60,'default','deleted',16,'App\\Models\\Project\\Project',11,'App\\User','{\"attributes\":{\"id\":16,\"name\":\"SWM and student hostel\"}}','2020-04-06 11:42:36','2020-04-06 11:42:36'),(61,'default','deleted',17,'App\\Models\\Project\\Project',11,'App\\User','{\"attributes\":{\"id\":17,\"name\":\"Baraa and Njiro Markets\"}}','2020-04-06 11:42:41','2020-04-06 11:42:41'),(62,'default','deleted',18,'App\\Models\\Project\\Project',11,'App\\User','{\"attributes\":{\"id\":18,\"name\":\"Ilala & Buguruni Markets\"}}','2020-04-06 11:42:46','2020-04-06 11:42:46'),(63,'default','deleted',19,'App\\Models\\Project\\Project',11,'App\\User','{\"attributes\":{\"id\":19,\"name\":\"Chanika Daladala terminal\"}}','2020-04-06 11:42:51','2020-04-06 11:42:51'),(64,'default','deleted',20,'App\\Models\\Project\\Project',11,'App\\User','{\"attributes\":{\"id\":20,\"name\":\"Msasani Fish Market\"}}','2020-04-06 11:42:55','2020-04-06 11:42:55'),(65,'default','deleted',21,'App\\Models\\Project\\Project',11,'App\\User','{\"attributes\":{\"id\":21,\"name\":\"Stereo Market\"}}','2020-04-06 11:42:59','2020-04-06 11:42:59'),(66,'default','deleted',22,'App\\Models\\Project\\Project',11,'App\\User','{\"attributes\":{\"id\":22,\"name\":\"Mbeya - City park\"}}','2020-04-06 11:43:03','2020-04-06 11:43:03'),(67,'default','deleted',23,'App\\Models\\Project\\Project',11,'App\\User','{\"attributes\":{\"id\":23,\"name\":\"Sisimba bus & Uyole Daladala terminals\"}}','2020-04-06 11:43:07','2020-04-06 11:43:07'),(68,'default','deleted',24,'App\\Models\\Project\\Project',11,'App\\User','{\"attributes\":{\"id\":24,\"name\":\"Mbeya - Solid Waste Management\"}}','2020-04-06 11:43:12','2020-04-06 11:43:12'),(69,'default','deleted',25,'App\\Models\\Project\\Project',11,'App\\User','{\"attributes\":{\"id\":25,\"name\":\"Buhongwa Truck Terminal\"}}','2020-04-06 11:43:16','2020-04-06 11:43:16'),(70,'default','deleted',26,'App\\Models\\Project\\Project',11,'App\\User','{\"attributes\":{\"id\":26,\"name\":\"Mtwara\\/Mikindani - Solid Waste Management\"}}','2020-04-06 11:43:20','2020-04-06 11:43:20'),(71,'default','deleted',27,'App\\Models\\Project\\Project',11,'App\\User','{\"attributes\":{\"id\":27,\"name\":\"Dodoma - Solid Waste Management\"}}','2020-04-06 11:43:24','2020-04-06 11:43:24'),(72,'default','created',28,'App\\Models\\Project\\Project',11,'App\\User','{\"attributes\":{\"id\":28,\"name\":\"test\"}}','2020-04-06 11:47:27','2020-04-06 11:47:27'),(73,'default','updated',28,'App\\Models\\Project\\ProjectInformation',11,'App\\User','{\"attributes\":{\"project_id\":28,\"sponsor_id\":7,\"ocid\":\"ocds-aaaaaa-28\",\"stage_id\":1,\"project_need\":null,\"description_services\":null,\"reasons_ppp\":null,\"stakeholder_consultation\":null,\"description_asset\":\"<p>nnnn<\\/p>\",\"project_summary_document\":null,\"project_value_usd\":7777777,\"project_value_second\":8888888,\"ppp_delivery_model_id\":null},\"old\":{\"project_id\":28,\"sponsor_id\":7,\"ocid\":\"ocds-aaaaaa-28\",\"stage_id\":1,\"project_need\":null,\"description_services\":null,\"reasons_ppp\":null,\"stakeholder_consultation\":null,\"description_asset\":null,\"project_summary_document\":null,\"project_value_usd\":7777777,\"project_value_second\":8888888,\"ppp_delivery_model_id\":null}}','2020-04-06 11:49:02','2020-04-06 11:49:02'),(74,'default','updated',9,'App\\User',NULL,NULL,'{\"attributes\":{\"name\":\"Miguel Martin\",\"email\":\"mon_montero@yahoo.es\",\"telephone\":\"951 76 79 73\",\"inactive\":0},\"old\":{\"name\":\"Miguel Martin\",\"email\":\"mon_montero@yahoo.es\",\"telephone\":\"951 76 79 73\",\"inactive\":0}}','2020-04-07 09:51:03','2020-04-07 09:51:03'),(75,'default','updated',9,'App\\User',9,'App\\User','{\"attributes\":{\"name\":\"Miguel Martin\",\"email\":\"mon_montero@yahoo.es\",\"telephone\":\"951 76 79 73\",\"inactive\":0},\"old\":{\"name\":\"Miguel Martin\",\"email\":\"mon_montero@yahoo.es\",\"telephone\":\"951 76 79 73\",\"inactive\":0}}','2020-04-07 09:52:14','2020-04-07 09:52:14'),(76,'default','updated',9,'App\\User',9,'App\\User','{\"attributes\":{\"name\":\"Miguel Martin\",\"email\":\"mmartin@aninver.com\",\"telephone\":\"951 76 79 73\",\"inactive\":0},\"old\":{\"name\":\"Miguel Martin\",\"email\":\"mmartin@aninver.com\",\"telephone\":\"951 76 79 73\",\"inactive\":0}}','2020-04-07 09:52:52','2020-04-07 09:52:52'),(77,'default','created',29,'App\\Models\\Project\\Project',9,'App\\User','{\"attributes\":{\"id\":29,\"name\":\"Zancibar infrastructure project\"}}','2020-04-08 09:14:23','2020-04-08 09:14:23'),(78,'default','updated',9,'App\\User',1,'App\\User','{\"attributes\":{\"name\":\"Miguel Martin\",\"email\":\"mmartin@aninver.com\",\"telephone\":\"951 76 79 73\",\"inactive\":0},\"old\":{\"name\":\"Miguel Martin\",\"email\":\"mmartin@aninver.com\",\"telephone\":\"951 76 79 73\",\"inactive\":0}}','2020-04-08 09:37:49','2020-04-08 09:37:49'),(79,'default','updated',9,'App\\User',9,'App\\User','{\"attributes\":{\"name\":\"Miguel Martin\",\"email\":\"mmartin@aninver.com\",\"telephone\":\"951 76 79 73\",\"inactive\":0},\"old\":{\"name\":\"Miguel Martin\",\"email\":\"mmartin@aninver.com\",\"telephone\":\"951 76 79 73\",\"inactive\":0}}','2020-04-08 09:46:03','2020-04-08 09:46:03'),(80,'default','updated',1,'App\\User',1,'App\\User','{\"attributes\":{\"name\":\"admin\",\"email\":\"admin@admin.com\",\"telephone\":\"612345678\",\"inactive\":0},\"old\":{\"name\":\"admin\",\"email\":\"admin@admin.com\",\"telephone\":\"612345678\",\"inactive\":0}}','2020-04-08 09:47:40','2020-04-08 09:47:40'),(81,'default','updated',3,'App\\Models\\Banner',9,'App\\User','{\"attributes\":{\"name\":\"Kampala - Jinja Expressway PPP project\",\"description\":\"The project involves the development of a six-lane, 77km limited access toll road between Kampala, the capital of Uganda, and Jinja.\",\"url\":\"https:\\/\\/www.infrapppworld.com\\/project\\/kampala-jinja-expressway-ppp-project\",\"active\":0},\"old\":{\"name\":\"Kampala - Jinja Expressway PPP project\",\"description\":\"The project involves the development of a six-lane, 77km limited access toll road between Kampala, the capital of Uganda, and Jinja.\",\"url\":\"https:\\/\\/www.infrapppworld.com\\/project\\/kampala-jinja-expressway-ppp-project\",\"active\":1}}','2020-04-08 14:29:07','2020-04-08 14:29:07'),(82,'default','updated',2,'App\\Models\\Banner',9,'App\\User','{\"attributes\":{\"name\":\"Justice Law and Order Sector (JLOS) office building on BOT\",\"description\":\"The project involves the provision of approximately 102,000 square meters of office space.\",\"url\":\"https:\\/\\/www.infrapppworld.com\\/project\\/justice-law-and-order-sector-jlos-office-building-on-bot\",\"active\":1},\"old\":{\"name\":\"Justice Law and Order Sector (JLOS) office building on BOT\",\"description\":\"The project involves the provision of approximately 102,000 square meters of office space.\",\"url\":\"https:\\/\\/www.infrapppworld.com\\/project\\/justice-law-and-order-sector-jlos-office-building-on-bot\",\"active\":0}}','2020-04-08 14:29:07','2020-04-08 14:29:07'),(83,'default','deleted',3,'App\\Models\\Banner',9,'App\\User','{\"attributes\":{\"name\":\"Kampala - Jinja Expressway PPP project\",\"description\":\"The project involves the development of a six-lane, 77km limited access toll road between Kampala, the capital of Uganda, and Jinja.\",\"url\":\"https:\\/\\/www.infrapppworld.com\\/project\\/kampala-jinja-expressway-ppp-project\",\"active\":0}}','2020-04-08 14:29:11','2020-04-08 14:29:11'),(84,'default','deleted',1,'App\\Models\\Banner',9,'App\\User','{\"attributes\":{\"name\":\"Uganda People\\u2019s Defence Forces housing accommodation PPP project\",\"description\":\"The project involves the construction of housing accommodation for UPDF (Uganda People\\u2019s Defence Forces) personnel, chief\\u2019s office block and redevelopment of Acacia Mess through Public Private Partnership (PPP) Arrangements.\",\"url\":\"https:\\/\\/www.infrapppworld.com\\/project\\/uganda-people-s-defence-forces-housing-accommodation-ppp-project\",\"active\":0}}','2020-04-08 14:29:15','2020-04-08 14:29:15'),(85,'default','updated',2,'App\\Models\\Banner',9,'App\\User','{\"attributes\":{\"name\":\"Justice Law and Order Sector (JLOS) office building on BOT\",\"description\":\"The project involves the provision of approximately 102,000 square meters of office space.\",\"url\":\"https:\\/\\/www.infrapppworld.com\\/project\\/justice-law-and-order-sector-jlos-office-building-on-bot\",\"active\":0},\"old\":{\"name\":\"Justice Law and Order Sector (JLOS) office building on BOT\",\"description\":\"The project involves the provision of approximately 102,000 square meters of office space.\",\"url\":\"https:\\/\\/www.infrapppworld.com\\/project\\/justice-law-and-order-sector-jlos-office-building-on-bot\",\"active\":1}}','2020-04-08 14:29:25','2020-04-08 14:29:25'),(86,'default','updated',2,'App\\Models\\Banner',9,'App\\User','{\"attributes\":{\"name\":\"Justice Law and Order Sector (JLOS) office building on BOT\",\"description\":\"The project involves the provision of approximately 102,000 square meters of office space.\",\"url\":\"https:\\/\\/www.infrapppworld.com\\/project\\/justice-law-and-order-sector-jlos-office-building-on-bot\",\"active\":0},\"old\":{\"name\":\"Justice Law and Order Sector (JLOS) office building on BOT\",\"description\":\"The project involves the provision of approximately 102,000 square meters of office space.\",\"url\":\"https:\\/\\/www.infrapppworld.com\\/project\\/justice-law-and-order-sector-jlos-office-building-on-bot\",\"active\":0}}','2020-04-08 14:29:25','2020-04-08 14:29:25'),(87,'default','deleted',2,'App\\Models\\Banner',9,'App\\User','{\"attributes\":{\"name\":\"Justice Law and Order Sector (JLOS) office building on BOT\",\"description\":\"The project involves the provision of approximately 102,000 square meters of office space.\",\"url\":\"https:\\/\\/www.infrapppworld.com\\/project\\/justice-law-and-order-sector-jlos-office-building-on-bot\",\"active\":0}}','2020-04-08 14:29:28','2020-04-08 14:29:28'),(88,'default','updated',1,'App\\Models\\Slider',9,'App\\User','{\"attributes\":{\"name\":\"Kampala - Jinja Expressway PPP project\",\"description\":\"The project involves the development of a six-lane, 77km limited access toll road between Kampala, the capital of Uganda, and Jinja.\",\"url\":\"\\/project\\/1\\/kampala-jinja-expressway-ppp-project\",\"white\":0,\"active\":0},\"old\":{\"name\":\"Kampala - Jinja Expressway PPP project\",\"description\":\"The project involves the development of a six-lane, 77km limited access toll road between Kampala, the capital of Uganda, and Jinja.\",\"url\":\"\\/project\\/1\\/kampala-jinja-expressway-ppp-project\",\"white\":0,\"active\":1}}','2020-04-08 14:29:59','2020-04-08 14:29:59'),(89,'default','updated',2,'App\\Models\\Slider',9,'App\\User','{\"attributes\":{\"name\":\"Uganda People\\u2019s Defence Forces housing accommodation PPP project\",\"description\":\"The project involves the construction of housing accommodation for UPDF (Uganda People\\u2019s Defence Forces) personnel, chief\\u2019s office block and redevelopment of Acacia Mess through Public Private Partnership (PPP) Arrangements.\",\"url\":\"\\/project\\/3\\/uganda-peoples-defence-forces-housing-accommodation-ppp-project\",\"white\":1,\"active\":0},\"old\":{\"name\":\"Uganda People\\u2019s Defence Forces housing accommodation PPP project\",\"description\":\"The project involves the construction of housing accommodation for UPDF (Uganda People\\u2019s Defence Forces) personnel, chief\\u2019s office block and redevelopment of Acacia Mess through Public Private Partnership (PPP) Arrangements.\",\"url\":\"\\/project\\/3\\/uganda-peoples-defence-forces-housing-accommodation-ppp-project\",\"white\":1,\"active\":1}}','2020-04-08 14:30:02','2020-04-08 14:30:02'),(90,'default','deleted',1,'App\\Models\\Slider',9,'App\\User','{\"attributes\":{\"name\":\"Kampala - Jinja Expressway PPP project\",\"description\":\"The project involves the development of a six-lane, 77km limited access toll road between Kampala, the capital of Uganda, and Jinja.\",\"url\":\"\\/project\\/1\\/kampala-jinja-expressway-ppp-project\",\"white\":0,\"active\":0}}','2020-04-08 14:30:07','2020-04-08 14:30:07'),(91,'default','deleted',2,'App\\Models\\Slider',9,'App\\User','{\"attributes\":{\"name\":\"Uganda People\\u2019s Defence Forces housing accommodation PPP project\",\"description\":\"The project involves the construction of housing accommodation for UPDF (Uganda People\\u2019s Defence Forces) personnel, chief\\u2019s office block and redevelopment of Acacia Mess through Public Private Partnership (PPP) Arrangements.\",\"url\":\"\\/project\\/3\\/uganda-peoples-defence-forces-housing-accommodation-ppp-project\",\"white\":1,\"active\":0}}','2020-04-08 14:30:11','2020-04-08 14:30:11'),(92,'default','updated',3,'App\\Models\\Slider',9,'App\\User','{\"attributes\":{\"name\":\"Waste-to-energy PPP plant\",\"description\":\"The project will be developed on design, build, finance and operate (DBFO) basis. The concession will be for period of 20 years.\",\"url\":\"http:\\/\\/3.8.82.65\\/dashboard\",\"white\":1,\"active\":1},\"old\":{\"name\":\"Kampala waste-to-energy PPP plant\",\"description\":\"The project will be developed on design, build, finance and operate (DBFO) basis. The concession will be for period of 20 years.\",\"url\":\"\\/project\\/2\\/kampala-waste-to-energy-ppp-plant\",\"white\":1,\"active\":1}}','2020-04-08 14:30:50','2020-04-08 14:30:50'),(93,'default','deleted',30,'App\\Models\\Project\\Project',1,'App\\User','{\"attributes\":{\"id\":30,\"name\":\"ZZB- Import Project name-1662252386\"}}','2020-04-08 17:04:58','2020-04-08 17:04:58'),(94,'default','deleted',31,'App\\Models\\Project\\Project',1,'App\\User','{\"attributes\":{\"id\":31,\"name\":\"ZZB- Import Project name-2052498889\"}}','2020-04-08 17:05:20','2020-04-08 17:05:20'),(95,'default','created',12,'App\\User',1,'App\\User','{\"attributes\":{\"name\":\"dataentry dummy\",\"email\":\"mon_montero@yahoo.es\",\"telephone\":null,\"inactive\":0}}','2020-04-08 17:08:20','2020-04-08 17:08:20'),(96,'default','created',1,'App\\Models\\Task',12,'App\\User','{\"attributes\":{\"user_id\":12,\"project_id\":29,\"section\":\"i\",\"position\":1,\"status\":null,\"reason_declined\":null,\"name\":\"Request for modification\",\"reason\":\"update USD 1000 - 1010\",\"data_json\":\"{\\\"sectors\\\":[\\\"5\\\"],\\\"regions\\\":[\\\"2\\\"],\\\"project_value_usd\\\":\\\"1010\\\",\\\"stage\\\":\\\"1\\\",\\\"sponsor\\\":\\\"12\\\",\\\"project_value_second\\\":\\\"2.303\\\",\\\"cofog\\\":null,\\\"ppp_delivery_model\\\":null}\"}}','2020-04-08 17:18:14','2020-04-08 17:18:14'),(97,'default','updated',12,'App\\User',12,'App\\User','{\"attributes\":{\"name\":\"dataentry dummy\",\"email\":\"mon_montero@yahoo.es\",\"telephone\":null,\"inactive\":0},\"old\":{\"name\":\"dataentry dummy\",\"email\":\"mon_montero@yahoo.es\",\"telephone\":null,\"inactive\":0}}','2020-04-08 17:19:21','2020-04-08 17:19:21'),(98,'default','updated',9,'App\\User',9,'App\\User','{\"attributes\":{\"name\":\"Miguel Martin\",\"email\":\"mmartin@aninver.com\",\"telephone\":\"951 76 79 73\",\"inactive\":0},\"old\":{\"name\":\"Miguel Martin\",\"email\":\"mmartin@aninver.com\",\"telephone\":\"951 76 79 73\",\"inactive\":0}}','2020-04-08 17:56:22','2020-04-08 17:56:22'),(99,'default','updated',1,'App\\User',1,'App\\User','{\"attributes\":{\"name\":\"admin\",\"email\":\"admin@admin.com\",\"telephone\":\"612345678\",\"inactive\":0},\"old\":{\"name\":\"admin\",\"email\":\"admin@admin.com\",\"telephone\":\"612345678\",\"inactive\":0}}','2020-04-08 17:56:44','2020-04-08 17:56:44'),(100,'default','updated',9,'App\\User',9,'App\\User','{\"attributes\":{\"name\":\"Miguel Martin\",\"email\":\"mmartin@aninver.com\",\"telephone\":\"951 76 79 73\",\"inactive\":0},\"old\":{\"name\":\"Miguel Martin\",\"email\":\"mmartin@aninver.com\",\"telephone\":\"951 76 79 73\",\"inactive\":0}}','2020-04-08 18:33:12','2020-04-08 18:33:12'),(101,'default','updated',1,'App\\User',1,'App\\User','{\"attributes\":{\"name\":\"admin\",\"email\":\"admin@admin.com\",\"telephone\":\"612345678\",\"inactive\":0},\"old\":{\"name\":\"admin\",\"email\":\"admin@admin.com\",\"telephone\":\"612345678\",\"inactive\":0}}','2020-04-08 18:40:14','2020-04-08 18:40:14'),(102,'default','updated',10,'App\\User',NULL,NULL,'{\"attributes\":{\"name\":\"Jose Montero\",\"email\":\"aninver.it@gmail.com\",\"telephone\":\"123456678\",\"inactive\":0},\"old\":{\"name\":\"Jose Montero\",\"email\":\"aninver.it@gmail.com\",\"telephone\":\"123456678\",\"inactive\":0}}','2020-04-08 18:45:35','2020-04-08 18:45:35'),(103,'default','updated',1,'App\\Models\\Task',10,'App\\User','{\"attributes\":{\"user_id\":12,\"project_id\":29,\"section\":\"i\",\"position\":1,\"status\":1,\"reason_declined\":null,\"name\":\"Request for modification\",\"reason\":\"update USD 1000 - 1010\",\"data_json\":\"{\\\"sectors\\\":[\\\"5\\\"],\\\"regions\\\":[\\\"2\\\"],\\\"project_value_usd\\\":\\\"1010\\\",\\\"stage\\\":\\\"1\\\",\\\"sponsor\\\":\\\"12\\\",\\\"project_value_second\\\":\\\"2.303\\\",\\\"cofog\\\":null,\\\"ppp_delivery_model\\\":null}\"},\"old\":{\"user_id\":12,\"project_id\":29,\"section\":\"i\",\"position\":1,\"status\":null,\"reason_declined\":null,\"name\":\"Request for modification\",\"reason\":\"update USD 1000 - 1010\",\"data_json\":\"{\\\"sectors\\\":[\\\"5\\\"],\\\"regions\\\":[\\\"2\\\"],\\\"project_value_usd\\\":\\\"1010\\\",\\\"stage\\\":\\\"1\\\",\\\"sponsor\\\":\\\"12\\\",\\\"project_value_second\\\":\\\"2.303\\\",\\\"cofog\\\":null,\\\"ppp_delivery_model\\\":null}\"}}','2020-04-08 21:56:39','2020-04-08 21:56:39'),(104,'default','created',2,'App\\Models\\Task',12,'App\\User','{\"attributes\":{\"user_id\":12,\"project_id\":29,\"section\":\"i\",\"position\":1,\"status\":null,\"reason_declined\":null,\"name\":\"Request for modification\",\"reason\":\"Test modification\",\"data_json\":\"{\\\"sectors\\\":[\\\"5\\\"],\\\"regions\\\":[\\\"2\\\"],\\\"project_value_usd\\\":\\\"1000\\\",\\\"stage\\\":\\\"1\\\",\\\"sponsor\\\":\\\"12\\\",\\\"project_value_second\\\":\\\"2.303\\\",\\\"cofog\\\":null,\\\"ppp_delivery_model\\\":null}\"}}','2020-04-08 22:01:44','2020-04-08 22:01:44'),(105,'default','updated',2,'App\\Models\\Task',10,'App\\User','{\"attributes\":{\"user_id\":12,\"project_id\":29,\"section\":\"i\",\"position\":1,\"status\":0,\"reason_declined\":\"test denied\",\"name\":\"Request for modification\",\"reason\":\"Test modification\",\"data_json\":\"{\\\"sectors\\\":[\\\"5\\\"],\\\"regions\\\":[\\\"2\\\"],\\\"project_value_usd\\\":\\\"1000\\\",\\\"stage\\\":\\\"1\\\",\\\"sponsor\\\":\\\"12\\\",\\\"project_value_second\\\":\\\"2.303\\\",\\\"cofog\\\":null,\\\"ppp_delivery_model\\\":null}\"},\"old\":{\"user_id\":12,\"project_id\":29,\"section\":\"i\",\"position\":1,\"status\":null,\"reason_declined\":null,\"name\":\"Request for modification\",\"reason\":\"Test modification\",\"data_json\":\"{\\\"sectors\\\":[\\\"5\\\"],\\\"regions\\\":[\\\"2\\\"],\\\"project_value_usd\\\":\\\"1000\\\",\\\"stage\\\":\\\"1\\\",\\\"sponsor\\\":\\\"12\\\",\\\"project_value_second\\\":\\\"2.303\\\",\\\"cofog\\\":null,\\\"ppp_delivery_model\\\":null}\"}}','2020-04-08 22:02:05','2020-04-08 22:02:05'),(106,'default','created',3,'App\\Models\\Task',12,'App\\User','{\"attributes\":{\"user_id\":12,\"project_id\":29,\"section\":\"i\",\"position\":1,\"status\":null,\"reason_declined\":null,\"name\":\"Request for modification\",\"reason\":\"test task admin 3\",\"data_json\":\"{\\\"sectors\\\":[\\\"5\\\"],\\\"regions\\\":[\\\"2\\\"],\\\"project_value_usd\\\":\\\"1000\\\",\\\"stage\\\":\\\"1\\\",\\\"sponsor\\\":\\\"12\\\",\\\"project_value_second\\\":\\\"2.303\\\",\\\"cofog\\\":null,\\\"ppp_delivery_model\\\":null}\"}}','2020-04-08 22:19:46','2020-04-08 22:19:46'),(107,'default','updated',3,'App\\Models\\Task',10,'App\\User','{\"attributes\":{\"user_id\":12,\"project_id\":29,\"section\":\"i\",\"position\":1,\"status\":1,\"reason_declined\":null,\"name\":\"Request for modification\",\"reason\":\"test task admin 3\",\"data_json\":\"{\\\"sectors\\\":[\\\"5\\\"],\\\"regions\\\":[\\\"2\\\"],\\\"project_value_usd\\\":\\\"1000\\\",\\\"stage\\\":\\\"1\\\",\\\"sponsor\\\":\\\"12\\\",\\\"project_value_second\\\":\\\"2.303\\\",\\\"cofog\\\":null,\\\"ppp_delivery_model\\\":null}\"},\"old\":{\"user_id\":12,\"project_id\":29,\"section\":\"i\",\"position\":1,\"status\":null,\"reason_declined\":null,\"name\":\"Request for modification\",\"reason\":\"test task admin 3\",\"data_json\":\"{\\\"sectors\\\":[\\\"5\\\"],\\\"regions\\\":[\\\"2\\\"],\\\"project_value_usd\\\":\\\"1000\\\",\\\"stage\\\":\\\"1\\\",\\\"sponsor\\\":\\\"12\\\",\\\"project_value_second\\\":\\\"2.303\\\",\\\"cofog\\\":null,\\\"ppp_delivery_model\\\":null}\"}}','2020-04-08 22:23:30','2020-04-08 22:23:30'),(108,'default','created',4,'App\\Models\\Task',12,'App\\User','{\"attributes\":{\"user_id\":12,\"project_id\":29,\"section\":\"i\",\"position\":1,\"status\":null,\"reason_declined\":null,\"name\":\"Request for modification\",\"reason\":\"test 4\",\"data_json\":\"{\\\"sectors\\\":[\\\"5\\\"],\\\"regions\\\":[\\\"2\\\"],\\\"project_value_usd\\\":\\\"1020\\\",\\\"stage\\\":\\\"1\\\",\\\"sponsor\\\":\\\"12\\\",\\\"project_value_second\\\":\\\"2.303\\\",\\\"cofog\\\":null,\\\"ppp_delivery_model\\\":null}\"}}','2020-04-08 22:25:59','2020-04-08 22:25:59'),(109,'default','updated',10,'App\\User',10,'App\\User','{\"attributes\":{\"name\":\"Jose Montero\",\"email\":\"aninver.it@gmail.com\",\"telephone\":\"123456678\",\"inactive\":0},\"old\":{\"name\":\"Jose Montero\",\"email\":\"aninver.it@gmail.com\",\"telephone\":\"123456678\",\"inactive\":0}}','2020-04-08 22:35:42','2020-04-08 22:35:42'),(110,'default','deleted',32,'App\\Models\\Project\\Project',1,'App\\User','{\"attributes\":{\"id\":32,\"name\":\"ZZB- Import Project name-1528292934\"}}','2020-04-08 22:37:34','2020-04-08 22:37:34'),(111,'default','updated',1,'App\\User',1,'App\\User','{\"attributes\":{\"name\":\"admin\",\"email\":\"admin@admin.com\",\"telephone\":\"612345678\",\"inactive\":0},\"old\":{\"name\":\"admin\",\"email\":\"admin@admin.com\",\"telephone\":\"612345678\",\"inactive\":0}}','2020-04-08 22:37:42','2020-04-08 22:37:42'),(112,'default','updated',12,'App\\User',12,'App\\User','{\"attributes\":{\"name\":\"dataentry dummy\",\"email\":\"mon_montero@yahoo.es\",\"telephone\":null,\"inactive\":0},\"old\":{\"name\":\"dataentry dummy\",\"email\":\"mon_montero@yahoo.es\",\"telephone\":null,\"inactive\":0}}','2020-04-08 22:39:59','2020-04-08 22:39:59'),(113,'default','updated',12,'App\\User',1,'App\\User','{\"attributes\":{\"name\":\"Dataentry Generic\",\"email\":\"mon_montero@yahoo.es\",\"telephone\":null,\"inactive\":0},\"old\":{\"name\":\"dataentry dummy\",\"email\":\"mon_montero@yahoo.es\",\"telephone\":null,\"inactive\":0}}','2020-04-09 15:43:15','2020-04-09 15:43:15'),(114,'default','updated',29,'App\\Models\\Project\\Project',1,'App\\User','{\"attributes\":{\"name\":\"Zancibar infrastructure project\"},\"old\":{\"name\":\"Zanzibar infrastructure project\"}}','2020-04-09 15:44:59','2020-04-09 15:44:59'),(115,'default','updated',12,'App\\User',NULL,NULL,'{\"attributes\":{\"name\":\"Dataentry Generic\",\"email\":\"mon_montero@yahoo.es\",\"telephone\":null,\"inactive\":0},\"old\":{\"name\":\"Dataentry Generic\",\"email\":\"mon_montero@yahoo.es\",\"telephone\":null,\"inactive\":0}}','2020-04-09 15:52:08','2020-04-09 15:52:08'),(116,'default','updated',4,'App\\Models\\Task',1,'App\\User','{\"attributes\":{\"user_id\":12,\"project_id\":29,\"section\":\"i\",\"position\":1,\"status\":1,\"reason_declined\":null,\"name\":\"Request for modification\",\"reason\":\"test 4\",\"data_json\":\"{\\\"sectors\\\":[\\\"5\\\"],\\\"regions\\\":[\\\"2\\\"],\\\"project_value_usd\\\":\\\"1020\\\",\\\"stage\\\":\\\"1\\\",\\\"sponsor\\\":\\\"12\\\",\\\"project_value_second\\\":\\\"2.303\\\",\\\"cofog\\\":null,\\\"ppp_delivery_model\\\":null}\"},\"old\":{\"user_id\":12,\"project_id\":29,\"section\":\"i\",\"position\":1,\"status\":null,\"reason_declined\":null,\"name\":\"Request for modification\",\"reason\":\"test 4\",\"data_json\":\"{\\\"sectors\\\":[\\\"5\\\"],\\\"regions\\\":[\\\"2\\\"],\\\"project_value_usd\\\":\\\"1020\\\",\\\"stage\\\":\\\"1\\\",\\\"sponsor\\\":\\\"12\\\",\\\"project_value_second\\\":\\\"2.303\\\",\\\"cofog\\\":null,\\\"ppp_delivery_model\\\":null}\"}}','2020-04-09 15:52:41','2020-04-09 15:52:41'),(117,'default','deleted',4,'App\\Models\\Task',1,'App\\User','{\"attributes\":{\"user_id\":12,\"project_id\":29,\"section\":\"i\",\"position\":1,\"status\":1,\"reason_declined\":null,\"name\":\"Request for modification\",\"reason\":\"test 4\",\"data_json\":\"{\\\"sectors\\\":[\\\"5\\\"],\\\"regions\\\":[\\\"2\\\"],\\\"project_value_usd\\\":\\\"1020\\\",\\\"stage\\\":\\\"1\\\",\\\"sponsor\\\":\\\"12\\\",\\\"project_value_second\\\":\\\"2.303\\\",\\\"cofog\\\":null,\\\"ppp_delivery_model\\\":null}\"}}','2020-04-09 15:52:47','2020-04-09 15:52:47'),(118,'default','deleted',3,'App\\Models\\Task',1,'App\\User','{\"attributes\":{\"user_id\":12,\"project_id\":29,\"section\":\"i\",\"position\":1,\"status\":1,\"reason_declined\":null,\"name\":\"Request for modification\",\"reason\":\"test task admin 3\",\"data_json\":\"{\\\"sectors\\\":[\\\"5\\\"],\\\"regions\\\":[\\\"2\\\"],\\\"project_value_usd\\\":\\\"1000\\\",\\\"stage\\\":\\\"1\\\",\\\"sponsor\\\":\\\"12\\\",\\\"project_value_second\\\":\\\"2.303\\\",\\\"cofog\\\":null,\\\"ppp_delivery_model\\\":null}\"}}','2020-04-09 15:52:51','2020-04-09 15:52:51'),(119,'default','deleted',1,'App\\Models\\Task',1,'App\\User','{\"attributes\":{\"user_id\":12,\"project_id\":29,\"section\":\"i\",\"position\":1,\"status\":1,\"reason_declined\":null,\"name\":\"Request for modification\",\"reason\":\"update USD 1000 - 1010\",\"data_json\":\"{\\\"sectors\\\":[\\\"5\\\"],\\\"regions\\\":[\\\"2\\\"],\\\"project_value_usd\\\":\\\"1010\\\",\\\"stage\\\":\\\"1\\\",\\\"sponsor\\\":\\\"12\\\",\\\"project_value_second\\\":\\\"2.303\\\",\\\"cofog\\\":null,\\\"ppp_delivery_model\\\":null}\"}}','2020-04-09 15:52:54','2020-04-09 15:52:54'),(120,'default','deleted',2,'App\\Models\\Task',1,'App\\User','{\"attributes\":{\"user_id\":12,\"project_id\":29,\"section\":\"i\",\"position\":1,\"status\":0,\"reason_declined\":\"test denied\",\"name\":\"Request for modification\",\"reason\":\"Test modification\",\"data_json\":\"{\\\"sectors\\\":[\\\"5\\\"],\\\"regions\\\":[\\\"2\\\"],\\\"project_value_usd\\\":\\\"1000\\\",\\\"stage\\\":\\\"1\\\",\\\"sponsor\\\":\\\"12\\\",\\\"project_value_second\\\":\\\"2.303\\\",\\\"cofog\\\":null,\\\"ppp_delivery_model\\\":null}\"}}','2020-04-09 15:52:56','2020-04-09 15:52:56'),(121,'default','created',5,'App\\Models\\Task',12,'App\\User','{\"attributes\":{\"user_id\":12,\"project_id\":29,\"section\":\"i\",\"position\":1,\"status\":null,\"reason_declined\":null,\"name\":\"Request for modification\",\"reason\":\"Update USD price\",\"data_json\":\"{\\\"sectors\\\":[\\\"5\\\"],\\\"regions\\\":[\\\"2\\\"],\\\"project_value_usd\\\":\\\"1000\\\",\\\"stage\\\":\\\"1\\\",\\\"sponsor\\\":\\\"12\\\",\\\"project_value_second\\\":\\\"2.303\\\",\\\"cofog\\\":null,\\\"ppp_delivery_model\\\":null}\"}}','2020-04-09 15:53:26','2020-04-09 15:53:26'),(122,'default','updated',5,'App\\Models\\Task',1,'App\\User','{\"attributes\":{\"user_id\":12,\"project_id\":29,\"section\":\"i\",\"position\":1,\"status\":1,\"reason_declined\":null,\"name\":\"Request for modification\",\"reason\":\"Update USD price\",\"data_json\":\"{\\\"sectors\\\":[\\\"5\\\"],\\\"regions\\\":[\\\"2\\\"],\\\"project_value_usd\\\":\\\"1000\\\",\\\"stage\\\":\\\"1\\\",\\\"sponsor\\\":\\\"12\\\",\\\"project_value_second\\\":\\\"2.303\\\",\\\"cofog\\\":null,\\\"ppp_delivery_model\\\":null}\"},\"old\":{\"user_id\":12,\"project_id\":29,\"section\":\"i\",\"position\":1,\"status\":null,\"reason_declined\":null,\"name\":\"Request for modification\",\"reason\":\"Update USD price\",\"data_json\":\"{\\\"sectors\\\":[\\\"5\\\"],\\\"regions\\\":[\\\"2\\\"],\\\"project_value_usd\\\":\\\"1000\\\",\\\"stage\\\":\\\"1\\\",\\\"sponsor\\\":\\\"12\\\",\\\"project_value_second\\\":\\\"2.303\\\",\\\"cofog\\\":null,\\\"ppp_delivery_model\\\":null}\"}}','2020-04-09 15:53:35','2020-04-09 15:53:35'),(123,'default','created',6,'App\\Models\\Task',12,'App\\User','{\"attributes\":{\"user_id\":12,\"project_id\":29,\"section\":\"i\",\"position\":1,\"status\":null,\"reason_declined\":null,\"name\":\"Request for modification\",\"reason\":\"second update for RFM\",\"data_json\":\"{\\\"sectors\\\":[\\\"5\\\"],\\\"regions\\\":[\\\"2\\\"],\\\"project_value_usd\\\":\\\"1010\\\",\\\"stage\\\":\\\"1\\\",\\\"sponsor\\\":\\\"12\\\",\\\"project_value_second\\\":\\\"2.303\\\",\\\"cofog\\\":null,\\\"ppp_delivery_model\\\":null}\"}}','2020-04-09 15:54:01','2020-04-09 15:54:01'),(124,'default','updated',6,'App\\Models\\Task',1,'App\\User','{\"attributes\":{\"user_id\":12,\"project_id\":29,\"section\":\"i\",\"position\":1,\"status\":0,\"reason_declined\":null,\"name\":\"Request for modification\",\"reason\":\"second update for RFM\",\"data_json\":\"{\\\"sectors\\\":[\\\"5\\\"],\\\"regions\\\":[\\\"2\\\"],\\\"project_value_usd\\\":\\\"1010\\\",\\\"stage\\\":\\\"1\\\",\\\"sponsor\\\":\\\"12\\\",\\\"project_value_second\\\":\\\"2.303\\\",\\\"cofog\\\":null,\\\"ppp_delivery_model\\\":null}\"},\"old\":{\"user_id\":12,\"project_id\":29,\"section\":\"i\",\"position\":1,\"status\":null,\"reason_declined\":null,\"name\":\"Request for modification\",\"reason\":\"second update for RFM\",\"data_json\":\"{\\\"sectors\\\":[\\\"5\\\"],\\\"regions\\\":[\\\"2\\\"],\\\"project_value_usd\\\":\\\"1010\\\",\\\"stage\\\":\\\"1\\\",\\\"sponsor\\\":\\\"12\\\",\\\"project_value_second\\\":\\\"2.303\\\",\\\"cofog\\\":null,\\\"ppp_delivery_model\\\":null}\"}}','2020-04-09 15:54:13','2020-04-09 15:54:13'),(125,'default','updated',12,'App\\User',1,'App\\User','{\"attributes\":{\"name\":\"Dataentry Generic 2\",\"email\":\"test@test.com\",\"telephone\":null,\"inactive\":0},\"old\":{\"name\":\"Dataentry Generic\",\"email\":\"mon_montero@yahoo.es\",\"telephone\":null,\"inactive\":0}}','2020-04-09 16:01:42','2020-04-09 16:01:42'),(126,'default','created',13,'App\\User',1,'App\\User','{\"attributes\":{\"name\":\"Dataentry Generic\",\"email\":\"mon_montero@yahoo.es\",\"telephone\":null,\"inactive\":0}}','2020-04-09 16:02:46','2020-04-09 16:02:46'),(127,'default','created',1,'App\\Models\\User\\DeletedUser',1,'App\\User','{\"attributes\":{\"email\":\"mon_montero@yahoo.es\",\"description\":\"Wrong user\"}}','2020-04-09 16:03:20','2020-04-09 16:03:20'),(128,'default','updated',12,'App\\User',1,'App\\User','{\"attributes\":{\"name\":\"Dataentry Generic\",\"email\":\"mon_montero@yahoo.es\",\"telephone\":null,\"inactive\":0},\"old\":{\"name\":\"Dataentry Generic 2\",\"email\":\"test@test.com\",\"telephone\":null,\"inactive\":0}}','2020-04-09 16:03:44','2020-04-09 16:03:44'),(129,'default','updated',1,'App\\User',1,'App\\User','{\"attributes\":{\"name\":\"admin\",\"email\":\"admin@admin.com\",\"telephone\":\"612345678\",\"inactive\":0},\"old\":{\"name\":\"admin\",\"email\":\"admin@admin.com\",\"telephone\":\"612345678\",\"inactive\":0}}','2020-04-09 16:07:02','2020-04-09 16:07:02'),(130,'default','created',20,'App\\Models\\Media',1,'App\\User','{\"attributes\":{\"name\":\"8ff30028-7a1c-4948-9f85-a96049b5abd3\",\"old_name\":\"1.jpg\",\"extension\":\"jpeg\",\"mime_type\":\"image\\/jpeg\",\"width\":null,\"height\":null,\"section\":\"b\",\"project\":0,\"path\":\"\\/vault\\/0\\/b\\/4\\/1-8ff30028-7a1c-4948-9f85-a96049b5abd3.jpeg\",\"position\":4,\"size\":25329,\"uniqueToken\":\"tt4zk3bi6w0hdzazfl6j2\"}}','2020-04-10 17:34:40','2020-04-10 17:34:40'),(131,'default','created',4,'App\\Models\\Banner',1,'App\\User','{\"attributes\":{\"name\":\"New Banner\",\"description\":\"This is a new banner\",\"url\":\"http:\\/\\/thebanner-url.com\",\"active\":0}}','2020-04-10 17:34:40','2020-04-10 17:34:40'),(132,'default','updated',4,'App\\Models\\Banner',1,'App\\User','{\"attributes\":{\"name\":\"New Banner\",\"description\":\"This is a new banner\",\"url\":\"http:\\/\\/thebanner-url.com\",\"active\":1},\"old\":{\"name\":\"New Banner\",\"description\":\"This is a new banner\",\"url\":\"http:\\/\\/thebanner-url.com\",\"active\":0}}','2020-04-10 17:34:46','2020-04-10 17:34:46'),(133,'default','updated',4,'App\\Models\\Banner',1,'App\\User','{\"attributes\":{\"name\":\"New Banner\",\"description\":\"This is a new banner\",\"url\":\"http:\\/\\/thebanner-url.com\",\"active\":0},\"old\":{\"name\":\"New Banner\",\"description\":\"This is a new banner\",\"url\":\"http:\\/\\/thebanner-url.com\",\"active\":1}}','2020-04-10 17:34:49','2020-04-10 17:34:49'),(134,'default','updated',4,'App\\Models\\Banner',1,'App\\User','{\"attributes\":{\"name\":\"New Banner\",\"description\":\"This is a new banner\",\"url\":\"http:\\/\\/thebanner-url.com\",\"active\":0},\"old\":{\"name\":\"New Banner\",\"description\":\"This is a new banner\",\"url\":\"http:\\/\\/thebanner-url.com\",\"active\":0}}','2020-04-10 17:34:49','2020-04-10 17:34:49'),(135,'default','deleted',20,'App\\Models\\Media',1,'App\\User','{\"attributes\":{\"name\":\"8ff30028-7a1c-4948-9f85-a96049b5abd3\",\"old_name\":\"1.jpg\",\"extension\":\"jpeg\",\"mime_type\":\"image\\/jpeg\",\"width\":null,\"height\":null,\"section\":\"b\",\"project\":0,\"path\":\"\\/vault\\/0\\/b\\/4\\/1-8ff30028-7a1c-4948-9f85-a96049b5abd3.jpeg\",\"position\":4,\"size\":25329,\"uniqueToken\":\"tt4zk3bi6w0hdzazfl6j2\"}}','2020-04-10 17:36:01','2020-04-10 17:36:01'),(136,'default','deleted',4,'App\\Models\\Banner',1,'App\\User','{\"attributes\":{\"name\":\"New Banner\",\"description\":\"This is a new banner\",\"url\":\"http:\\/\\/thebanner-url.com\",\"active\":0}}','2020-04-10 17:36:01','2020-04-10 17:36:01'),(137,'default','created',21,'App\\Models\\Media',1,'App\\User','{\"attributes\":{\"name\":\"f2f6aa54-c96e-4081-9fe5-76727d26cabd\",\"old_name\":\"1.jpg\",\"extension\":\"jpeg\",\"mime_type\":\"image\\/jpeg\",\"width\":null,\"height\":null,\"section\":\"b\",\"project\":0,\"path\":\"\\/vault\\/0\\/b\\/5\\/1-f2f6aa54-c96e-4081-9fe5-76727d26cabd.jpeg\",\"position\":5,\"size\":25329,\"uniqueToken\":\"ekuekap0cz6i3387iyqm2\"}}','2020-04-10 17:36:59','2020-04-10 17:36:59'),(138,'default','created',5,'App\\Models\\Banner',1,'App\\User','{\"attributes\":{\"name\":\"New Banner\",\"description\":\"This is a new banner\",\"url\":\"http:\\/\\/thebanner-url.com\",\"active\":0}}','2020-04-10 17:37:00','2020-04-10 17:37:00'),(139,'default','updated',5,'App\\Models\\Banner',1,'App\\User','{\"attributes\":{\"name\":\"New Banner\",\"description\":\"This is a new banner\",\"url\":\"http:\\/\\/thebanner-url.com\",\"active\":1},\"old\":{\"name\":\"New Banner\",\"description\":\"This is a new banner\",\"url\":\"http:\\/\\/thebanner-url.com\",\"active\":0}}','2020-04-10 17:37:03','2020-04-10 17:37:03'),(140,'default','updated',5,'App\\Models\\Banner',1,'App\\User','{\"attributes\":{\"name\":\"New Banner\",\"description\":\"This is a new banner\",\"url\":\"http:\\/\\/thebanner-url.com\",\"active\":0},\"old\":{\"name\":\"New Banner\",\"description\":\"This is a new banner\",\"url\":\"http:\\/\\/thebanner-url.com\",\"active\":1}}','2020-04-10 17:37:06','2020-04-10 17:37:06'),(141,'default','updated',5,'App\\Models\\Banner',1,'App\\User','{\"attributes\":{\"name\":\"New Banner\",\"description\":\"This is a new banner\",\"url\":\"http:\\/\\/thebanner-url.com\",\"active\":0},\"old\":{\"name\":\"New Banner\",\"description\":\"This is a new banner\",\"url\":\"http:\\/\\/thebanner-url.com\",\"active\":0}}','2020-04-10 17:37:06','2020-04-10 17:37:06'),(142,'default','deleted',21,'App\\Models\\Media',1,'App\\User','{\"attributes\":{\"name\":\"f2f6aa54-c96e-4081-9fe5-76727d26cabd\",\"old_name\":\"1.jpg\",\"extension\":\"jpeg\",\"mime_type\":\"image\\/jpeg\",\"width\":null,\"height\":null,\"section\":\"b\",\"project\":0,\"path\":\"\\/vault\\/0\\/b\\/5\\/1-f2f6aa54-c96e-4081-9fe5-76727d26cabd.jpeg\",\"position\":5,\"size\":25329,\"uniqueToken\":\"ekuekap0cz6i3387iyqm2\"}}','2020-04-10 17:38:18','2020-04-10 17:38:18'),(143,'default','deleted',5,'App\\Models\\Banner',1,'App\\User','{\"attributes\":{\"name\":\"New Banner\",\"description\":\"This is a new banner\",\"url\":\"http:\\/\\/thebanner-url.com\",\"active\":0}}','2020-04-10 17:38:18','2020-04-10 17:38:18'),(144,'default','created',22,'App\\Models\\Media',1,'App\\User','{\"attributes\":{\"name\":\"24f26af8-8a68-428e-9459-1fa483b6ba35\",\"old_name\":\"1.jpg\",\"extension\":\"jpeg\",\"mime_type\":\"image\\/jpeg\",\"width\":null,\"height\":null,\"section\":\"b\",\"project\":0,\"path\":\"\\/vault\\/0\\/b\\/6\\/1-24f26af8-8a68-428e-9459-1fa483b6ba35.jpeg\",\"position\":6,\"size\":25329,\"uniqueToken\":\"sl7485oxb5s11n5kast8sii\"}}','2020-04-10 17:39:02','2020-04-10 17:39:02'),(145,'default','created',6,'App\\Models\\Banner',1,'App\\User','{\"attributes\":{\"name\":\"New Banner\",\"description\":\"This is a new banner\",\"url\":\"http:\\/\\/thebanner-url.com\",\"active\":0}}','2020-04-10 17:39:02','2020-04-10 17:39:02'),(146,'default','updated',6,'App\\Models\\Banner',1,'App\\User','{\"attributes\":{\"name\":\"New Banner\",\"description\":\"This is a new banner\",\"url\":\"http:\\/\\/thebanner-url.com\",\"active\":1},\"old\":{\"name\":\"New Banner\",\"description\":\"This is a new banner\",\"url\":\"http:\\/\\/thebanner-url.com\",\"active\":0}}','2020-04-10 17:39:05','2020-04-10 17:39:05'),(147,'default','updated',6,'App\\Models\\Banner',1,'App\\User','{\"attributes\":{\"name\":\"New Banner\",\"description\":\"This is a new banner\",\"url\":\"http:\\/\\/thebanner-url.com\",\"active\":0},\"old\":{\"name\":\"New Banner\",\"description\":\"This is a new banner\",\"url\":\"http:\\/\\/thebanner-url.com\",\"active\":1}}','2020-04-10 17:39:08','2020-04-10 17:39:08'),(148,'default','updated',6,'App\\Models\\Banner',1,'App\\User','{\"attributes\":{\"name\":\"New Banner\",\"description\":\"This is a new banner\",\"url\":\"http:\\/\\/thebanner-url.com\",\"active\":0},\"old\":{\"name\":\"New Banner\",\"description\":\"This is a new banner\",\"url\":\"http:\\/\\/thebanner-url.com\",\"active\":0}}','2020-04-10 17:39:08','2020-04-10 17:39:08'),(149,'default','deleted',22,'App\\Models\\Media',1,'App\\User','{\"attributes\":{\"name\":\"24f26af8-8a68-428e-9459-1fa483b6ba35\",\"old_name\":\"1.jpg\",\"extension\":\"jpeg\",\"mime_type\":\"image\\/jpeg\",\"width\":null,\"height\":null,\"section\":\"b\",\"project\":0,\"path\":\"\\/vault\\/0\\/b\\/6\\/1-24f26af8-8a68-428e-9459-1fa483b6ba35.jpeg\",\"position\":6,\"size\":25329,\"uniqueToken\":\"sl7485oxb5s11n5kast8sii\"}}','2020-04-10 17:41:48','2020-04-10 17:41:48'),(150,'default','deleted',6,'App\\Models\\Banner',1,'App\\User','{\"attributes\":{\"name\":\"New Banner\",\"description\":\"This is a new banner\",\"url\":\"http:\\/\\/thebanner-url.com\",\"active\":0}}','2020-04-10 17:41:48','2020-04-10 17:41:48'),(151,'default','created',23,'App\\Models\\Media',1,'App\\User','{\"attributes\":{\"name\":\"075e521f-53ab-4d9d-8cc7-a7892f0e8b30\",\"old_name\":\"1.jpg\",\"extension\":\"jpeg\",\"mime_type\":\"image\\/jpeg\",\"width\":null,\"height\":null,\"section\":\"b\",\"project\":0,\"path\":\"\\/vault\\/0\\/b\\/7\\/1-075e521f-53ab-4d9d-8cc7-a7892f0e8b30.jpeg\",\"position\":7,\"size\":25329,\"uniqueToken\":\"dun3pfa0rhssy7gf2y3yym\"}}','2020-04-10 17:43:50','2020-04-10 17:43:50'),(152,'default','created',7,'App\\Models\\Banner',1,'App\\User','{\"attributes\":{\"name\":\"New Banner\",\"description\":\"This is a new banner\",\"url\":\"http:\\/\\/thebanner-url.com\",\"active\":1}}','2020-04-10 17:43:50','2020-04-10 17:43:50'),(153,'default','deleted',23,'App\\Models\\Media',1,'App\\User','{\"attributes\":{\"name\":\"075e521f-53ab-4d9d-8cc7-a7892f0e8b30\",\"old_name\":\"1.jpg\",\"extension\":\"jpeg\",\"mime_type\":\"image\\/jpeg\",\"width\":null,\"height\":null,\"section\":\"b\",\"project\":0,\"path\":\"\\/vault\\/0\\/b\\/7\\/1-075e521f-53ab-4d9d-8cc7-a7892f0e8b30.jpeg\",\"position\":7,\"size\":25329,\"uniqueToken\":\"dun3pfa0rhssy7gf2y3yym\"}}','2020-04-10 17:51:15','2020-04-10 17:51:15'),(154,'default','updated',7,'App\\Models\\Banner',1,'App\\User','{\"attributes\":{\"name\":\"New Banner\",\"description\":\"This is a new banner\",\"url\":\"http:\\/\\/thebanner-url.com\",\"active\":0},\"old\":{\"name\":\"New Banner\",\"description\":\"This is a new banner\",\"url\":\"http:\\/\\/thebanner-url.com\",\"active\":1}}','2020-04-10 17:51:20','2020-04-10 17:51:20'),(155,'default','updated',7,'App\\Models\\Banner',1,'App\\User','{\"attributes\":{\"name\":\"New Banner\",\"description\":\"This is a new banner\",\"url\":\"http:\\/\\/thebanner-url.com\",\"active\":0},\"old\":{\"name\":\"New Banner\",\"description\":\"This is a new banner\",\"url\":\"http:\\/\\/thebanner-url.com\",\"active\":0}}','2020-04-10 17:51:20','2020-04-10 17:51:20'),(156,'default','deleted',7,'App\\Models\\Banner',1,'App\\User','{\"attributes\":{\"name\":\"New Banner\",\"description\":\"This is a new banner\",\"url\":\"http:\\/\\/thebanner-url.com\",\"active\":0}}','2020-04-10 17:51:25','2020-04-10 17:51:25'),(157,'default','created',24,'App\\Models\\Media',1,'App\\User','{\"attributes\":{\"name\":\"0695a94b-97ba-4868-ba25-6d49343d0329\",\"old_name\":\"1.jpg\",\"extension\":\"jpeg\",\"mime_type\":\"image\\/jpeg\",\"width\":null,\"height\":null,\"section\":\"b\",\"project\":0,\"path\":\"\\/vault\\/0\\/b\\/8\\/1-0695a94b-97ba-4868-ba25-6d49343d0329.jpeg\",\"position\":8,\"size\":25329,\"uniqueToken\":\"46yffj2whfvyt79p444i8\"}}','2020-04-10 17:54:05','2020-04-10 17:54:05'),(158,'default','created',8,'App\\Models\\Banner',1,'App\\User','{\"attributes\":{\"name\":\"New Banner\",\"description\":\"This is a new banner\",\"url\":\"http:\\/\\/thebanner-url.com\",\"active\":1}}','2020-04-10 17:54:06','2020-04-10 17:54:06'),(159,'default','created',25,'App\\Models\\Media',1,'App\\User','{\"attributes\":{\"name\":\"77e38cec-3258-4a0a-a105-bb28457aa5f7\",\"old_name\":\"2.jpg\",\"extension\":\"jpeg\",\"mime_type\":\"image\\/jpeg\",\"width\":null,\"height\":null,\"section\":\"b\",\"project\":0,\"path\":\"\\/vault\\/0\\/b\\/9\\/2-77e38cec-3258-4a0a-a105-bb28457aa5f7.jpeg\",\"position\":9,\"size\":26255,\"uniqueToken\":\"hft1k5rzfut4z8u5cuzg\"}}','2020-04-10 18:44:43','2020-04-10 18:44:43'),(160,'default','updated',8,'App\\Models\\Banner',1,'App\\User','{\"attributes\":{\"name\":\"New Banner\",\"description\":\"This is a new banner\",\"url\":\"http:\\/\\/thebanner-url.com\",\"active\":0},\"old\":{\"name\":\"New Banner\",\"description\":\"This is a new banner\",\"url\":\"http:\\/\\/thebanner-url.com\",\"active\":1}}','2020-04-10 18:44:43','2020-04-10 18:44:43'),(161,'default','created',9,'App\\Models\\Banner',1,'App\\User','{\"attributes\":{\"name\":\"Another banner\",\"description\":\"Other Banner\",\"url\":\"http:\\/\\/other-url.com\",\"active\":1}}','2020-04-10 18:44:43','2020-04-10 18:44:43'),(162,'default','updated',9,'App\\Models\\Banner',1,'App\\User','{\"attributes\":{\"name\":\"Another banner\",\"description\":\"Other Banner\",\"url\":\"http:\\/\\/other-url.com\",\"active\":0},\"old\":{\"name\":\"Another banner\",\"description\":\"Other Banner\",\"url\":\"http:\\/\\/other-url.com\",\"active\":1}}','2020-04-10 18:44:48','2020-04-10 18:44:48'),(163,'default','updated',8,'App\\Models\\Banner',1,'App\\User','{\"attributes\":{\"name\":\"New Banner\",\"description\":\"This is a new banner\",\"url\":\"http:\\/\\/thebanner-url.com\",\"active\":1},\"old\":{\"name\":\"New Banner\",\"description\":\"This is a new banner\",\"url\":\"http:\\/\\/thebanner-url.com\",\"active\":0}}','2020-04-10 18:44:48','2020-04-10 18:44:48'),(164,'default','updated',8,'App\\Models\\Banner',1,'App\\User','{\"attributes\":{\"name\":\"New Banner\",\"description\":\"This is a new banner\",\"url\":\"http:\\/\\/thebanner-url.com\",\"active\":0},\"old\":{\"name\":\"New Banner\",\"description\":\"This is a new banner\",\"url\":\"http:\\/\\/thebanner-url.com\",\"active\":1}}','2020-04-10 18:44:59','2020-04-10 18:44:59'),(165,'default','updated',9,'App\\Models\\Banner',1,'App\\User','{\"attributes\":{\"name\":\"Another banner\",\"description\":\"Other Banner\",\"url\":\"http:\\/\\/other-url.com\",\"active\":1},\"old\":{\"name\":\"Another banner\",\"description\":\"Other Banner\",\"url\":\"http:\\/\\/other-url.com\",\"active\":0}}','2020-04-10 18:44:59','2020-04-10 18:44:59'),(166,'default','updated',9,'App\\Models\\Banner',1,'App\\User','{\"attributes\":{\"name\":\"Another banner\",\"description\":\"Other Banner\",\"url\":\"http:\\/\\/other-url.com\",\"active\":0},\"old\":{\"name\":\"Another banner\",\"description\":\"Other Banner\",\"url\":\"http:\\/\\/other-url.com\",\"active\":1}}','2020-04-10 18:46:04','2020-04-10 18:46:04'),(167,'default','updated',9,'App\\Models\\Banner',1,'App\\User','{\"attributes\":{\"name\":\"Another banner\",\"description\":\"Other Banner\",\"url\":\"http:\\/\\/other-url.com\",\"active\":0},\"old\":{\"name\":\"Another banner\",\"description\":\"Other Banner\",\"url\":\"http:\\/\\/other-url.com\",\"active\":0}}','2020-04-10 18:46:04','2020-04-10 18:46:04'),(168,'default','updated',8,'App\\Models\\Banner',1,'App\\User','{\"attributes\":{\"name\":\"New Banner\",\"description\":\"This is a new banner\",\"url\":\"http:\\/\\/thebanner-url.com\",\"active\":1},\"old\":{\"name\":\"New Banner\",\"description\":\"This is a new banner\",\"url\":\"http:\\/\\/thebanner-url.com\",\"active\":0}}','2020-04-10 18:46:07','2020-04-10 18:46:07'),(169,'default','updated',8,'App\\Models\\Banner',1,'App\\User','{\"attributes\":{\"name\":\"New Banner\",\"description\":\"This is a new banner\",\"url\":\"http:\\/\\/thebanner-url.com\",\"active\":0},\"old\":{\"name\":\"New Banner\",\"description\":\"This is a new banner\",\"url\":\"http:\\/\\/thebanner-url.com\",\"active\":1}}','2020-04-10 18:46:09','2020-04-10 18:46:09'),(170,'default','updated',9,'App\\Models\\Banner',1,'App\\User','{\"attributes\":{\"name\":\"Another banner\",\"description\":\"Other Banner\",\"url\":\"http:\\/\\/other-url.com\",\"active\":1},\"old\":{\"name\":\"Another banner\",\"description\":\"Other Banner\",\"url\":\"http:\\/\\/other-url.com\",\"active\":0}}','2020-04-10 18:46:09','2020-04-10 18:46:09'),(171,'default','updated',9,'App\\Models\\Banner',1,'App\\User','{\"attributes\":{\"name\":\"Another banner Edited\",\"description\":\"Other Banner\",\"url\":\"http:\\/\\/other-url.com\",\"active\":1},\"old\":{\"name\":\"Another banner\",\"description\":\"Other Banner\",\"url\":\"http:\\/\\/other-url.com\",\"active\":1}}','2020-04-10 18:46:23','2020-04-10 18:46:23'),(172,'default','deleted',24,'App\\Models\\Media',1,'App\\User','{\"attributes\":{\"name\":\"0695a94b-97ba-4868-ba25-6d49343d0329\",\"old_name\":\"1.jpg\",\"extension\":\"jpeg\",\"mime_type\":\"image\\/jpeg\",\"width\":null,\"height\":null,\"section\":\"b\",\"project\":0,\"path\":\"\\/vault\\/0\\/b\\/8\\/1-0695a94b-97ba-4868-ba25-6d49343d0329.jpeg\",\"position\":8,\"size\":25329,\"uniqueToken\":\"46yffj2whfvyt79p444i8\"}}','2020-04-10 18:46:33','2020-04-10 18:46:33'),(173,'default','deleted',8,'App\\Models\\Banner',1,'App\\User','{\"attributes\":{\"name\":\"New Banner\",\"description\":\"This is a new banner\",\"url\":\"http:\\/\\/thebanner-url.com\",\"active\":0}}','2020-04-10 18:46:33','2020-04-10 18:46:33'),(174,'default','deleted',25,'App\\Models\\Media',1,'App\\User','{\"attributes\":{\"name\":\"77e38cec-3258-4a0a-a105-bb28457aa5f7\",\"old_name\":\"2.jpg\",\"extension\":\"jpeg\",\"mime_type\":\"image\\/jpeg\",\"width\":null,\"height\":null,\"section\":\"b\",\"project\":0,\"path\":\"\\/vault\\/0\\/b\\/9\\/2-77e38cec-3258-4a0a-a105-bb28457aa5f7.jpeg\",\"position\":9,\"size\":26255,\"uniqueToken\":\"hft1k5rzfut4z8u5cuzg\"}}','2020-04-10 18:46:39','2020-04-10 18:46:39'),(175,'default','updated',9,'App\\Models\\Banner',1,'App\\User','{\"attributes\":{\"name\":\"Another banner Edited\",\"description\":\"Other Banner\",\"url\":\"http:\\/\\/other-url.com\",\"active\":0},\"old\":{\"name\":\"Another banner Edited\",\"description\":\"Other Banner\",\"url\":\"http:\\/\\/other-url.com\",\"active\":1}}','2020-04-10 18:46:41','2020-04-10 18:46:41'),(176,'default','updated',9,'App\\Models\\Banner',1,'App\\User','{\"attributes\":{\"name\":\"Another banner Edited\",\"description\":\"Other Banner\",\"url\":\"http:\\/\\/other-url.com\",\"active\":0},\"old\":{\"name\":\"Another banner Edited\",\"description\":\"Other Banner\",\"url\":\"http:\\/\\/other-url.com\",\"active\":0}}','2020-04-10 18:46:41','2020-04-10 18:46:41'),(177,'default','deleted',9,'App\\Models\\Banner',1,'App\\User','{\"attributes\":{\"name\":\"Another banner Edited\",\"description\":\"Other Banner\",\"url\":\"http:\\/\\/other-url.com\",\"active\":0}}','2020-04-10 18:46:46','2020-04-10 18:46:46'),(178,'default','created',26,'App\\Models\\Media',1,'App\\User','{\"attributes\":{\"name\":\"be32c95d-10a5-4fed-a6b4-1aed40d6f307\",\"old_name\":\"3.jpg\",\"extension\":\"jpeg\",\"mime_type\":\"image\\/jpeg\",\"width\":null,\"height\":null,\"section\":\"s\",\"project\":0,\"path\":\"\\/vault\\/0\\/s\\/3\\/3-be32c95d-10a5-4fed-a6b4-1aed40d6f307.jpeg\",\"position\":3,\"size\":618587,\"uniqueToken\":\"wyfeu365uhq1x2jefzfd\"}}','2020-04-10 19:17:33','2020-04-10 19:17:33'),(179,'default','updated',3,'App\\Models\\Slider',1,'App\\User','{\"attributes\":{\"name\":\"Slide image 1\",\"description\":\"This is a test slider.\",\"url\":\"http:\\/\\/3.9.178.247\\/dashboard\",\"white\":1,\"active\":1},\"old\":{\"name\":\"Waste-to-energy PPP plant\",\"description\":\"The project will be developed on design, build, finance and operate (DBFO) basis. The concession will be for period of 20 years.\",\"url\":\"http:\\/\\/3.8.82.65\\/dashboard\",\"white\":1,\"active\":1}}','2020-04-10 19:17:35','2020-04-10 19:17:35'),(180,'default','updated',7,'App\\Models\\Config',1,'App\\User','{\"attributes\":{\"name\":\"linkedin\",\"value\":\"http:\\/\\/www.linkeind.com\\/\"},\"old\":{\"name\":\"linkedin\",\"value\":null}}','2020-04-10 23:00:10','2020-04-10 23:00:10'),(181,'default','created',33,'App\\Models\\Project\\Project',1,'App\\User','{\"attributes\":{\"id\":33,\"name\":\"This is a new project\"}}','2020-04-10 23:10:06','2020-04-10 23:10:06'),(182,'default','deleted',33,'App\\Models\\Project\\Project',1,'App\\User','{\"attributes\":{\"id\":33,\"name\":\"This is a new project\"}}','2020-04-10 23:14:26','2020-04-10 23:14:26'),(183,'default','updated',29,'App\\Models\\Project\\ProjectInformation',1,'App\\User','{\"attributes\":{\"project_id\":29,\"sponsor_id\":12,\"ocid\":\"ocds-aaaaaa-29\",\"stage_id\":2,\"project_need\":null,\"description_services\":null,\"reasons_ppp\":null,\"stakeholder_consultation\":null,\"description_asset\":null,\"project_summary_document\":null,\"project_value_usd\":1000,\"project_value_second\":2.303,\"ppp_delivery_model_id\":null},\"old\":{\"project_id\":29,\"sponsor_id\":12,\"ocid\":\"ocds-aaaaaa-29\",\"stage_id\":1,\"project_need\":null,\"description_services\":null,\"reasons_ppp\":null,\"stakeholder_consultation\":null,\"description_asset\":null,\"project_summary_document\":null,\"project_value_usd\":1000,\"project_value_second\":2.303,\"ppp_delivery_model_id\":null}}','2020-04-10 23:16:02','2020-04-10 23:16:02'),(184,'default','updated',29,'App\\Models\\Project\\ProjectInformation',1,'App\\User','{\"attributes\":{\"project_id\":29,\"sponsor_id\":12,\"ocid\":\"ocds-aaaaaa-29\",\"stage_id\":3,\"project_need\":null,\"description_services\":null,\"reasons_ppp\":null,\"stakeholder_consultation\":null,\"description_asset\":null,\"project_summary_document\":null,\"project_value_usd\":1000,\"project_value_second\":2.303,\"ppp_delivery_model_id\":null},\"old\":{\"project_id\":29,\"sponsor_id\":12,\"ocid\":\"ocds-aaaaaa-29\",\"stage_id\":2,\"project_need\":null,\"description_services\":null,\"reasons_ppp\":null,\"stakeholder_consultation\":null,\"description_asset\":null,\"project_summary_document\":null,\"project_value_usd\":1000,\"project_value_second\":2.303,\"ppp_delivery_model_id\":null}}','2020-04-10 23:23:58','2020-04-10 23:23:58'),(185,'default','updated',29,'App\\Models\\Project\\ProjectInformation',1,'App\\User','{\"attributes\":{\"project_id\":29,\"sponsor_id\":12,\"ocid\":\"ocds-aaaaaa-29\",\"stage_id\":2,\"project_need\":null,\"description_services\":null,\"reasons_ppp\":null,\"stakeholder_consultation\":null,\"description_asset\":null,\"project_summary_document\":null,\"project_value_usd\":1000,\"project_value_second\":2.303,\"ppp_delivery_model_id\":null},\"old\":{\"project_id\":29,\"sponsor_id\":12,\"ocid\":\"ocds-aaaaaa-29\",\"stage_id\":3,\"project_need\":null,\"description_services\":null,\"reasons_ppp\":null,\"stakeholder_consultation\":null,\"description_asset\":null,\"project_summary_document\":null,\"project_value_usd\":1000,\"project_value_second\":2.303,\"ppp_delivery_model_id\":null}}','2020-04-10 23:24:09','2020-04-10 23:24:09'),(186,'default','updated',29,'App\\Models\\Project\\ProjectInformation',1,'App\\User','{\"attributes\":{\"project_id\":29,\"sponsor_id\":12,\"ocid\":\"ocds-aaaaaa-29\",\"stage_id\":3,\"project_need\":null,\"description_services\":null,\"reasons_ppp\":null,\"stakeholder_consultation\":null,\"description_asset\":null,\"project_summary_document\":null,\"project_value_usd\":1000,\"project_value_second\":2.303,\"ppp_delivery_model_id\":null},\"old\":{\"project_id\":29,\"sponsor_id\":12,\"ocid\":\"ocds-aaaaaa-29\",\"stage_id\":2,\"project_need\":null,\"description_services\":null,\"reasons_ppp\":null,\"stakeholder_consultation\":null,\"description_asset\":null,\"project_summary_document\":null,\"project_value_usd\":1000,\"project_value_second\":2.303,\"ppp_delivery_model_id\":null}}','2020-04-10 23:25:15','2020-04-10 23:25:15'),(187,'default','updated',29,'App\\Models\\Project\\ProjectInformation',1,'App\\User','{\"attributes\":{\"project_id\":29,\"sponsor_id\":12,\"ocid\":\"ocds-aaaaaa-29\",\"stage_id\":2,\"project_need\":null,\"description_services\":null,\"reasons_ppp\":null,\"stakeholder_consultation\":null,\"description_asset\":null,\"project_summary_document\":null,\"project_value_usd\":1000,\"project_value_second\":2.302,\"ppp_delivery_model_id\":null},\"old\":{\"project_id\":29,\"sponsor_id\":12,\"ocid\":\"ocds-aaaaaa-29\",\"stage_id\":3,\"project_need\":null,\"description_services\":null,\"reasons_ppp\":null,\"stakeholder_consultation\":null,\"description_asset\":null,\"project_summary_document\":null,\"project_value_usd\":1000,\"project_value_second\":2.303,\"ppp_delivery_model_id\":null}}','2020-04-10 23:25:29','2020-04-10 23:25:29'),(188,'default','updated',29,'App\\Models\\Project\\ProjectInformation',1,'App\\User','{\"attributes\":{\"project_id\":29,\"sponsor_id\":12,\"ocid\":\"ocds-aaaaaa-29\",\"stage_id\":2,\"project_need\":null,\"description_services\":null,\"reasons_ppp\":null,\"stakeholder_consultation\":null,\"description_asset\":\"<p>test description<\\/p>\",\"project_summary_document\":null,\"project_value_usd\":1000,\"project_value_second\":2.302,\"ppp_delivery_model_id\":null},\"old\":{\"project_id\":29,\"sponsor_id\":12,\"ocid\":\"ocds-aaaaaa-29\",\"stage_id\":2,\"project_need\":null,\"description_services\":null,\"reasons_ppp\":null,\"stakeholder_consultation\":null,\"description_asset\":null,\"project_summary_document\":null,\"project_value_usd\":1000,\"project_value_second\":2.302,\"ppp_delivery_model_id\":null}}','2020-04-10 23:25:49','2020-04-10 23:25:49'),(189,'default','created',183,'App\\Models\\Project\\ContractMilestones\\ContractMilestone',1,'App\\User','{\"attributes\":{\"project_id\":29,\"name\":\"test milestone\",\"milestone_type_id\":2,\"date\":\"2020-04-16 00:00:00\",\"description\":\"this is a test milestone\",\"milestone_category_id\":3}}','2020-04-10 23:33:05','2020-04-10 23:33:05'),(190,'default','deleted',183,'App\\Models\\Project\\ContractMilestones\\ContractMilestone',1,'App\\User','{\"attributes\":{\"project_id\":29,\"name\":\"test milestone\",\"milestone_type_id\":2,\"date\":\"2020-04-16 00:00:00\",\"description\":\"this is a test milestone\",\"milestone_category_id\":3}}','2020-04-10 23:34:26','2020-04-10 23:34:26'),(191,'default','created',184,'App\\Models\\Project\\ContractMilestones\\ContractMilestone',1,'App\\User','{\"attributes\":{\"project_id\":29,\"name\":\"test milestone\",\"milestone_type_id\":2,\"date\":\"2020-04-16 00:00:00\",\"description\":\"This is a milestone TEST\",\"milestone_category_id\":2}}','2020-04-10 23:35:03','2020-04-10 23:35:03'),(192,'default','updated',184,'App\\Models\\Project\\ContractMilestones\\ContractMilestone',1,'App\\User','{\"attributes\":{\"project_id\":29,\"name\":\"test milestone\",\"milestone_type_id\":2,\"date\":\"2020-04-16 00:00:00\",\"description\":\"This is a milestone TEST\",\"milestone_category_id\":2},\"old\":{\"project_id\":29,\"name\":\"test milestone\",\"milestone_type_id\":2,\"date\":\"2020-04-16 00:00:00\",\"description\":\"This is a milestone TEST\",\"milestone_category_id\":2}}','2020-04-10 23:35:08','2020-04-10 23:35:08'),(193,'default','updated',184,'App\\Models\\Project\\ContractMilestones\\ContractMilestone',1,'App\\User','{\"attributes\":{\"project_id\":29,\"name\":\"test milestone\",\"milestone_type_id\":2,\"date\":\"2020-04-16 00:00:00\",\"description\":\"This is a milestone TEST\",\"milestone_category_id\":2},\"old\":{\"project_id\":29,\"name\":\"test milestone\",\"milestone_type_id\":2,\"date\":\"2020-04-16 00:00:00\",\"description\":\"This is a milestone TEST\",\"milestone_category_id\":2}}','2020-04-10 23:35:11','2020-04-10 23:35:11'),(194,'default','deleted',184,'App\\Models\\Project\\ContractMilestones\\ContractMilestone',1,'App\\User','{\"attributes\":{\"project_id\":29,\"name\":\"test milestone\",\"milestone_type_id\":2,\"date\":\"2020-04-16 00:00:00\",\"description\":\"This is a milestone TEST\",\"milestone_category_id\":2}}','2020-04-10 23:35:22','2020-04-10 23:35:22'),(195,'default','created',28,'App\\Models\\Project\\ProjectDetails\\PD_Procurement',1,'App\\User','{\"attributes\":{\"name\":\"New procurement document\",\"description\":\"This is a new document\",\"position\":1}}','2020-04-10 23:39:53','2020-04-10 23:39:53'),(196,'default','created',27,'App\\Models\\Media',1,'App\\User','{\"attributes\":{\"name\":\"758525b4-ca1d-4c64-b7e5-dda6b1481d23\",\"old_name\":\"1.jpg\",\"extension\":\"jpeg\",\"mime_type\":\"image\\/jpeg\",\"width\":null,\"height\":null,\"section\":\"pri\",\"project\":29,\"path\":\"\\/vault\\/29\\/pri\\/28\\/1-758525b4-ca1d-4c64-b7e5-dda6b1481d23.jpeg\",\"position\":28,\"size\":446234,\"uniqueToken\":\"bi2i0qg2yaa864xuy3wjg8\"}}','2020-04-10 23:40:04','2020-04-10 23:40:04'),(197,'default','updated',28,'App\\Models\\Project\\ProjectDetails\\PD_Procurement',1,'App\\User','{\"attributes\":{\"name\":\"New procurement document\",\"description\":\"This is a new document\",\"position\":1},\"old\":{\"name\":\"New procurement document\",\"description\":\"This is a new document\",\"position\":1}}','2020-04-10 23:40:12','2020-04-10 23:40:12'),(198,'default','updated',28,'App\\Models\\Project\\ProjectDetails\\PD_Procurement',1,'App\\User','{\"attributes\":{\"name\":\"New procurement document\",\"description\":\"This is a new document\",\"position\":1},\"old\":{\"name\":\"New procurement document\",\"description\":\"This is a new document\",\"position\":1}}','2020-04-10 23:40:16','2020-04-10 23:40:16'),(199,'default','deleted',28,'App\\Models\\Project\\ProjectDetails\\PD_Procurement',1,'App\\User','{\"attributes\":{\"name\":\"New procurement document\",\"description\":\"This is a new document\",\"position\":1}}','2020-04-10 23:40:20','2020-04-10 23:40:20'),(200,'default','updated',10,'App\\Models\\Project\\Entity',1,'App\\User','{\"attributes\":{\"name\":\"Kinondoni Municipal Council\"},\"old\":{\"name\":\"\"}}','2020-04-10 23:47:41','2020-04-10 23:47:41'),(201,'default','deleted',10,'App\\Models\\Project\\Entity',1,'App\\User','[]','2020-04-10 23:47:47','2020-04-10 23:47:47'),(202,'default','created',28,'App\\Models\\Media',1,'App\\User','{\"attributes\":{\"name\":\"e1cce120-9e95-4e92-83cd-d3a5ff7f59fc\",\"old_name\":\"1.jpg\",\"extension\":\"jpeg\",\"mime_type\":\"image\\/jpeg\",\"width\":null,\"height\":null,\"section\":\"par\",\"project\":0,\"path\":\"\\/vault\\/0\\/par\\/13\\/1-e1cce120-9e95-4e92-83cd-d3a5ff7f59fc.jpeg\",\"position\":13,\"size\":446234,\"uniqueToken\":\"efe34vlxa1f2r1lzhom579\"}}','2020-04-10 23:49:26','2020-04-10 23:49:26'),(203,'default','created',13,'App\\Models\\Entity',1,'App\\User','{\"attributes\":{\"name\":\"test Private party\",\"name_representative\":\"test\",\"address\":\"street test\",\"tel\":\"666777888\",\"fax\":null,\"email\":\"test@noreply.com\",\"description\":\"this is a private party test\",\"facebook\":null,\"twitter\":null,\"instagram\":null,\"url\":\"http:\\/\\/www.test.com\"}}','2020-04-10 23:49:26','2020-04-10 23:49:26'),(204,'default','updated',11,'App\\Models\\Project\\Entity',1,'App\\User','{\"attributes\":{\"name\":\"test Private party\"},\"old\":{\"name\":\"\"}}','2020-04-10 23:49:53','2020-04-10 23:49:53'),(205,'default','deleted',11,'App\\Models\\Project\\Entity',1,'App\\User','[]','2020-04-10 23:50:00','2020-04-10 23:50:00'),(206,'default','deleted',28,'App\\Models\\Media',1,'App\\User','{\"attributes\":{\"name\":\"e1cce120-9e95-4e92-83cd-d3a5ff7f59fc\",\"old_name\":\"1.jpg\",\"extension\":\"jpeg\",\"mime_type\":\"image\\/jpeg\",\"width\":null,\"height\":null,\"section\":\"par\",\"project\":0,\"path\":\"\\/vault\\/0\\/par\\/13\\/1-e1cce120-9e95-4e92-83cd-d3a5ff7f59fc.jpeg\",\"position\":13,\"size\":446234,\"uniqueToken\":\"efe34vlxa1f2r1lzhom579\"}}','2020-04-10 23:50:17','2020-04-10 23:50:17'),(207,'default','deleted',13,'App\\Models\\Entity',1,'App\\User','{\"attributes\":{\"name\":\"test Private party\",\"name_representative\":\"test\",\"address\":\"street test\",\"tel\":\"666777888\",\"fax\":null,\"email\":\"test@noreply.com\",\"description\":\"this is a private party test\",\"facebook\":null,\"twitter\":null,\"instagram\":null,\"url\":\"http:\\/\\/www.test.com\"}}','2020-04-10 23:50:17','2020-04-10 23:50:17'),(208,'default','created',29,'App\\Models\\Media',1,'App\\User','{\"attributes\":{\"name\":\"7277faa9-b22e-4020-8544-cd2d3afc4f51\",\"old_name\":\"PDFTEST.pdf\",\"extension\":\"pdf\",\"mime_type\":\"application\\/pdf\",\"width\":null,\"height\":null,\"section\":\"d\",\"project\":29,\"path\":\"\\/vault\\/29\\/d\\/10\\/PDFTEST-7277faa9-b22e-4020-8544-cd2d3afc4f51.pdf\",\"position\":10,\"size\":69475,\"uniqueToken\":\"4wwop7c8kr8albq5iy44yn\"}}','2020-04-10 23:59:21','2020-04-10 23:59:21'),(209,'default','created',30,'App\\Models\\Media',1,'App\\User','{\"attributes\":{\"name\":\"ea7acd60-18e1-4af8-976b-a19dd83cafff\",\"old_name\":\"PDFTEST1.pdf\",\"extension\":\"pdf\",\"mime_type\":\"application\\/pdf\",\"width\":null,\"height\":null,\"section\":\"d\",\"project\":29,\"path\":\"\\/vault\\/29\\/d\\/10\\/PDFTEST1-ea7acd60-18e1-4af8-976b-a19dd83cafff.pdf\",\"position\":10,\"size\":69475,\"uniqueToken\":\"4wwop7c8kr8albq5iy44yn\"}}','2020-04-10 23:59:26','2020-04-10 23:59:26'),(210,'default','created',10,'App\\Models\\Project\\ProjectDetails\\PD_Document',1,'App\\User','{\"attributes\":{\"project_details_id\":29,\"name\":\"New group of documents for PPP Agreement\",\"description\":\"This is a new group of documents for PPP Agreement\",\"position\":1}}','2020-04-10 23:59:26','2020-04-10 23:59:26'),(211,'default','updated',10,'App\\Models\\Project\\ProjectDetails\\PD_Document',1,'App\\User','{\"attributes\":{\"project_details_id\":29,\"name\":\"New group of documents for PPP Agreement\",\"description\":\"This is a new group of documents for PPP Agreement\",\"position\":1},\"old\":{\"project_details_id\":29,\"name\":\"New group of documents for PPP Agreement\",\"description\":\"This is a new group of documents for PPP Agreement\",\"position\":1}}','2020-04-10 23:59:36','2020-04-10 23:59:36'),(212,'default','deleted',10,'App\\Models\\Project\\ProjectDetails\\PD_Document',1,'App\\User','{\"attributes\":{\"project_details_id\":29,\"name\":\"New group of documents for PPP Agreement\",\"description\":\"This is a new group of documents for PPP Agreement\",\"position\":1}}','2020-04-10 23:59:40','2020-04-10 23:59:40'),(213,'default','created',32,'App\\Models\\Project\\PerformanceInformation\\KeyPerformanceIndicators\\PI_KeyPerformanceIndicator',1,'App\\User','{\"attributes\":{\"year\":2021,\"target\":\"40\",\"achievement\":\"25\",\"type_id\":1,\"pi_key_performance_main_id\":29}}','2020-04-11 00:05:03','2020-04-11 00:05:03'),(214,'default','created',33,'App\\Models\\Project\\PerformanceInformation\\KeyPerformanceIndicators\\PI_KeyPerformanceIndicator',1,'App\\User','{\"attributes\":{\"year\":2020,\"target\":\"35\",\"achievement\":\"20\",\"type_id\":1,\"pi_key_performance_main_id\":29}}','2020-04-11 00:05:19','2020-04-11 00:05:19'),(215,'default','created',24,'App\\Models\\Project\\ProjectDetails\\PD_Announcement',1,'App\\User','{\"attributes\":{\"project_details_id\":29,\"name\":\"This is a new announcement\",\"description\":\"<p>This is a new announcement for PPP platform<\\/p>\"}}','2020-04-11 00:11:07','2020-04-11 00:11:07'),(216,'default','deleted',24,'App\\Models\\Project\\ProjectDetails\\PD_Announcement',1,'App\\User','{\"attributes\":{\"project_details_id\":29,\"name\":\"This is a new announcement\",\"description\":\"<p>This is a new announcement for PPP platform<\\/p>\"}}','2020-04-11 00:11:20','2020-04-11 00:11:20'),(217,'default','created',14,'App\\User',1,'App\\User','{\"attributes\":{\"name\":\"newDataEntry\",\"email\":\"newdataentry@test.com\",\"telephone\":\"666 77 78 88\",\"inactive\":0}}','2020-04-11 00:18:32','2020-04-11 00:18:32'),(218,'default','created',2,'App\\Models\\User\\DeletedUser',1,'App\\User','{\"attributes\":{\"email\":\"newdataentry@test.com\",\"description\":\"delete test user\"}}','2020-04-11 00:19:24','2020-04-11 00:19:24'),(219,'default','updated',1,'App\\User',1,'App\\User','{\"attributes\":{\"name\":\"admin\",\"email\":\"admin@admin.com\",\"telephone\":\"612345678\",\"inactive\":0},\"old\":{\"name\":\"admin\",\"email\":\"admin@admin.com\",\"telephone\":\"612345678\",\"inactive\":0}}','2020-04-11 00:50:50','2020-04-11 00:50:50'),(220,'default','created',7,'App\\Models\\Task',12,'App\\User','{\"attributes\":{\"user_id\":12,\"project_id\":29,\"section\":\"i\",\"position\":1,\"status\":null,\"reason_declined\":null,\"name\":\"Request for modification\",\"reason\":\"Update price RFM\",\"data_json\":\"{\\\"sectors\\\":[\\\"5\\\"],\\\"regions\\\":[\\\"2\\\"],\\\"project_value_usd\\\":\\\"1010\\\",\\\"stage\\\":\\\"2\\\",\\\"sponsor\\\":\\\"12\\\",\\\"project_value_second\\\":\\\"2.302\\\",\\\"cofog\\\":null,\\\"ppp_delivery_model\\\":null}\"}}','2020-04-11 00:51:49','2020-04-11 00:51:49'),(221,'default','updated',12,'App\\User',12,'App\\User','{\"attributes\":{\"name\":\"Dataentry Generic\",\"email\":\"mon_montero@yahoo.es\",\"telephone\":null,\"inactive\":0},\"old\":{\"name\":\"Dataentry Generic\",\"email\":\"mon_montero@yahoo.es\",\"telephone\":null,\"inactive\":0}}','2020-04-11 00:54:23','2020-04-11 00:54:23'),(222,'default','updated',7,'App\\Models\\Task',1,'App\\User','{\"attributes\":{\"user_id\":12,\"project_id\":29,\"section\":\"i\",\"position\":1,\"status\":0,\"reason_declined\":\"not accepted\",\"name\":\"Request for modification\",\"reason\":\"Update price RFM\",\"data_json\":\"{\\\"sectors\\\":[\\\"5\\\"],\\\"regions\\\":[\\\"2\\\"],\\\"project_value_usd\\\":\\\"1010\\\",\\\"stage\\\":\\\"2\\\",\\\"sponsor\\\":\\\"12\\\",\\\"project_value_second\\\":\\\"2.302\\\",\\\"cofog\\\":null,\\\"ppp_delivery_model\\\":null}\"},\"old\":{\"user_id\":12,\"project_id\":29,\"section\":\"i\",\"position\":1,\"status\":null,\"reason_declined\":null,\"name\":\"Request for modification\",\"reason\":\"Update price RFM\",\"data_json\":\"{\\\"sectors\\\":[\\\"5\\\"],\\\"regions\\\":[\\\"2\\\"],\\\"project_value_usd\\\":\\\"1010\\\",\\\"stage\\\":\\\"2\\\",\\\"sponsor\\\":\\\"12\\\",\\\"project_value_second\\\":\\\"2.302\\\",\\\"cofog\\\":null,\\\"ppp_delivery_model\\\":null}\"}}','2020-04-11 00:55:24','2020-04-11 00:55:24'),(223,'default','updated',5,'App\\Models\\Task',1,'App\\User','{\"attributes\":{\"user_id\":12,\"project_id\":29,\"section\":\"i\",\"position\":1,\"status\":1,\"reason_declined\":null,\"name\":\"Update price\",\"reason\":\"Update USD price\",\"data_json\":\"{\\\"sectors\\\":[\\\"5\\\"],\\\"regions\\\":[\\\"2\\\"],\\\"project_value_usd\\\":\\\"1000\\\",\\\"stage\\\":\\\"1\\\",\\\"sponsor\\\":\\\"12\\\",\\\"project_value_second\\\":\\\"2.303\\\",\\\"cofog\\\":null,\\\"ppp_delivery_model\\\":null}\"},\"old\":{\"user_id\":12,\"project_id\":29,\"section\":\"i\",\"position\":1,\"status\":1,\"reason_declined\":null,\"name\":\"Request for modification\",\"reason\":\"Update USD price\",\"data_json\":\"{\\\"sectors\\\":[\\\"5\\\"],\\\"regions\\\":[\\\"2\\\"],\\\"project_value_usd\\\":\\\"1000\\\",\\\"stage\\\":\\\"1\\\",\\\"sponsor\\\":\\\"12\\\",\\\"project_value_second\\\":\\\"2.303\\\",\\\"cofog\\\":null,\\\"ppp_delivery_model\\\":null}\"}}','2020-04-11 01:02:43','2020-04-11 01:02:43'),(224,'default','updated',6,'App\\Models\\Task',1,'App\\User','{\"attributes\":{\"user_id\":12,\"project_id\":29,\"section\":\"i\",\"position\":1,\"status\":0,\"reason_declined\":null,\"name\":\"Update Task\",\"reason\":\"second update for RFM\",\"data_json\":\"{\\\"sectors\\\":[\\\"5\\\"],\\\"regions\\\":[\\\"2\\\"],\\\"project_value_usd\\\":\\\"1010\\\",\\\"stage\\\":\\\"1\\\",\\\"sponsor\\\":\\\"12\\\",\\\"project_value_second\\\":\\\"2.303\\\",\\\"cofog\\\":null,\\\"ppp_delivery_model\\\":null}\"},\"old\":{\"user_id\":12,\"project_id\":29,\"section\":\"i\",\"position\":1,\"status\":0,\"reason_declined\":null,\"name\":\"Request for modification\",\"reason\":\"second update for RFM\",\"data_json\":\"{\\\"sectors\\\":[\\\"5\\\"],\\\"regions\\\":[\\\"2\\\"],\\\"project_value_usd\\\":\\\"1010\\\",\\\"stage\\\":\\\"1\\\",\\\"sponsor\\\":\\\"12\\\",\\\"project_value_second\\\":\\\"2.303\\\",\\\"cofog\\\":null,\\\"ppp_delivery_model\\\":null}\"}}','2020-04-11 01:03:20','2020-04-11 01:03:20'),(225,'default','deleted',6,'App\\Models\\Task',1,'App\\User','{\"attributes\":{\"user_id\":12,\"project_id\":29,\"section\":\"i\",\"position\":1,\"status\":0,\"reason_declined\":null,\"name\":\"Update Task\",\"reason\":\"second update for RFM\",\"data_json\":\"{\\\"sectors\\\":[\\\"5\\\"],\\\"regions\\\":[\\\"2\\\"],\\\"project_value_usd\\\":\\\"1010\\\",\\\"stage\\\":\\\"1\\\",\\\"sponsor\\\":\\\"12\\\",\\\"project_value_second\\\":\\\"2.303\\\",\\\"cofog\\\":null,\\\"ppp_delivery_model\\\":null}\"}}','2020-04-11 01:14:21','2020-04-11 01:14:21'),(226,'default','deleted',7,'App\\Models\\Task',1,'App\\User','{\"attributes\":{\"user_id\":12,\"project_id\":29,\"section\":\"i\",\"position\":1,\"status\":0,\"reason_declined\":\"not accepted\",\"name\":\"Request for modification\",\"reason\":\"Update price RFM\",\"data_json\":\"{\\\"sectors\\\":[\\\"5\\\"],\\\"regions\\\":[\\\"2\\\"],\\\"project_value_usd\\\":\\\"1010\\\",\\\"stage\\\":\\\"2\\\",\\\"sponsor\\\":\\\"12\\\",\\\"project_value_second\\\":\\\"2.302\\\",\\\"cofog\\\":null,\\\"ppp_delivery_model\\\":null}\"}}','2020-04-11 01:14:27','2020-04-11 01:14:27'),(227,'default','deleted',5,'App\\Models\\Task',1,'App\\User','{\"attributes\":{\"user_id\":12,\"project_id\":29,\"section\":\"i\",\"position\":1,\"status\":1,\"reason_declined\":null,\"name\":\"Update price\",\"reason\":\"Update USD price\",\"data_json\":\"{\\\"sectors\\\":[\\\"5\\\"],\\\"regions\\\":[\\\"2\\\"],\\\"project_value_usd\\\":\\\"1000\\\",\\\"stage\\\":\\\"1\\\",\\\"sponsor\\\":\\\"12\\\",\\\"project_value_second\\\":\\\"2.303\\\",\\\"cofog\\\":null,\\\"ppp_delivery_model\\\":null}\"}}','2020-04-11 01:19:31','2020-04-11 01:19:31'),(228,'default','updated',1,'App\\User',1,'App\\User','{\"attributes\":{\"name\":\"admin\",\"email\":\"admin@admin.com\",\"telephone\":\"612345678\",\"inactive\":0},\"old\":{\"name\":\"admin\",\"email\":\"admin@admin.com\",\"telephone\":\"612345678\",\"inactive\":0}}','2020-04-13 10:37:41','2020-04-13 10:37:41'),(229,'default','deleted',28,'App\\Models\\Project\\Project',11,'App\\User','{\"attributes\":{\"id\":28,\"name\":\"test\"}}','2020-04-17 10:46:54','2020-04-17 10:46:54'),(230,'default','updated',11,'App\\User',11,'App\\User','{\"attributes\":{\"name\":\"Adetoun Latifat Adetona\",\"email\":\"adetounadetona@yahoo.com\",\"telephone\":\"123456789\",\"inactive\":0},\"old\":{\"name\":\"Adetoun Latifat Adetona\",\"email\":\"adetounadetona@yahoo.com\",\"telephone\":\"123456789\",\"inactive\":0}}','2020-04-17 12:10:19','2020-04-17 12:10:19'),(231,'default','updated',11,'App\\User',1,'App\\User','{\"attributes\":{\"name\":\"Adetoun Latifat Adetona\",\"email\":\"adetounadetona@yahoo.com\",\"telephone\":\"123456789\",\"inactive\":0},\"old\":{\"name\":\"Adetoun Latifat Adetona\",\"email\":\"adetounadetona@yahoo.com\",\"telephone\":\"123456789\",\"inactive\":0}}','2020-04-17 12:11:31','2020-04-17 12:11:31'),(232,'default','updated',1,'App\\User',1,'App\\User','{\"attributes\":{\"name\":\"admin\",\"email\":\"admin@admin.com\",\"telephone\":\"612345678\",\"inactive\":0},\"old\":{\"name\":\"admin\",\"email\":\"admin@admin.com\",\"telephone\":\"612345678\",\"inactive\":0}}','2020-04-17 12:11:38','2020-04-17 12:11:38'),(233,'default','updated',11,'App\\User',11,'App\\User','{\"attributes\":{\"name\":\"Adetoun Latifat Adetona\",\"email\":\"adetounadetona@yahoo.com\",\"telephone\":\"123456789\",\"inactive\":1},\"old\":{\"name\":\"Adetoun Latifat Adetona\",\"email\":\"adetounadetona@yahoo.com\",\"telephone\":\"123456789\",\"inactive\":0}}','2020-05-26 08:54:55','2020-05-26 08:54:55'),(234,'default','updated',11,'App\\User',11,'App\\User','{\"attributes\":{\"name\":\"Adetoun Latifat Adetona\",\"email\":\"adetounadetona@yahoo.com\",\"telephone\":\"123456789\",\"inactive\":1},\"old\":{\"name\":\"Adetoun Latifat Adetona\",\"email\":\"adetounadetona@yahoo.com\",\"telephone\":\"123456789\",\"inactive\":1}}','2020-05-26 08:54:55','2020-05-26 08:54:55'),(235,'default','updated',1,'App\\User',1,'App\\User','{\"attributes\":{\"name\":\"admin\",\"email\":\"admin@admin.com\",\"telephone\":\"612345678\",\"inactive\":1},\"old\":{\"name\":\"admin\",\"email\":\"admin@admin.com\",\"telephone\":\"612345678\",\"inactive\":0}}','2020-05-26 14:43:32','2020-05-26 14:43:32'),(236,'default','updated',1,'App\\User',1,'App\\User','{\"attributes\":{\"name\":\"admin\",\"email\":\"admin@admin.com\",\"telephone\":\"612345678\",\"inactive\":1},\"old\":{\"name\":\"admin\",\"email\":\"admin@admin.com\",\"telephone\":\"612345678\",\"inactive\":1}}','2020-05-26 14:43:32','2020-05-26 14:43:32'),(237,'default','created',13,'App\\User',1,'App\\User','{\"attributes\":{\"name\":\"Caroline Chema Eric\",\"email\":\"ceric@worldbank.org\",\"telephone\":\"677 67 76 77\",\"inactive\":0}}','2020-05-26 14:54:04','2020-05-26 14:54:04'),(238,'default','updated',1,'App\\User',1,'App\\User','{\"attributes\":{\"name\":\"admin\",\"email\":\"admin@admin.com\",\"telephone\":\"612345678\",\"inactive\":0},\"old\":{\"name\":\"admin\",\"email\":\"admin@admin.com\",\"telephone\":\"612345678\",\"inactive\":0}}','2020-05-26 14:54:21','2020-05-26 14:54:21'),(239,'default','updated',13,'App\\User',NULL,NULL,'{\"attributes\":{\"name\":\"Caroline Chema Eric\",\"email\":\"mon_montero@yahoo.es\",\"telephone\":\"677 67 76 77\",\"inactive\":0},\"old\":{\"name\":\"Caroline Chema Eric\",\"email\":\"mon_montero@yahoo.es\",\"telephone\":\"677 67 76 77\",\"inactive\":0}}','2020-05-27 10:13:10','2020-05-27 10:13:10'),(240,'default','updated',13,'App\\User',13,'App\\User','{\"attributes\":{\"name\":\"Caroline Chema Eric\",\"email\":\"mon_montero@yahoo.es\",\"telephone\":\"677 67 76 77\",\"inactive\":0},\"old\":{\"name\":\"Caroline Chema Eric\",\"email\":\"mon_montero@yahoo.es\",\"telephone\":\"677 67 76 77\",\"inactive\":0}}','2020-05-27 10:13:18','2020-05-27 10:13:18'),(241,'default','updated',13,'App\\User',13,'App\\User','{\"attributes\":{\"name\":\"Caroline Chema Eric\",\"email\":\"ceric@worldbank.org\",\"telephone\":\"677 67 76 77\",\"inactive\":0},\"old\":{\"name\":\"Caroline Chema Eric\",\"email\":\"ceric@worldbank.org\",\"telephone\":\"677 67 76 77\",\"inactive\":0}}','2020-05-27 10:14:12','2020-05-27 10:14:12'),(242,'default','updated',13,'App\\User',13,'App\\User','{\"attributes\":{\"name\":\"Caroline Chema Eric\",\"email\":\"ceric@worldbank.org\",\"telephone\":\"677 67 76 77\",\"inactive\":0},\"old\":{\"name\":\"Caroline Chema Eric\",\"email\":\"ceric@worldbank.org\",\"telephone\":\"677 67 76 77\",\"inactive\":0}}','2020-05-27 10:14:28','2020-05-27 10:14:28'),(243,'default','updated',11,'App\\User',11,'App\\User','{\"attributes\":{\"name\":\"Adetoun Latifat Adetona\",\"email\":\"adetounadetona@yahoo.com\",\"telephone\":\"123456789\",\"inactive\":0},\"old\":{\"name\":\"Adetoun Latifat Adetona\",\"email\":\"adetounadetona@yahoo.com\",\"telephone\":\"123456789\",\"inactive\":0}}','2020-05-27 10:22:34','2020-05-27 10:22:34'),(244,'default','updated',11,'App\\User',11,'App\\User','{\"attributes\":{\"name\":\"Adetoun Latifat Adetona\",\"email\":\"adetounadetona@yahoo.com\",\"telephone\":\"123456789\",\"inactive\":0},\"old\":{\"name\":\"Adetoun Latifat Adetona\",\"email\":\"adetounadetona@yahoo.com\",\"telephone\":\"123456789\",\"inactive\":0}}','2020-05-27 10:22:47','2020-05-27 10:22:47'),(245,'default','created',30,'App\\Models\\Project\\Project',13,'App\\User','{\"attributes\":{\"id\":30,\"name\":\"International Trade and Convention Centre at Nyamanzi, Zanzibar\"}}','2020-06-01 08:53:20','2020-06-01 08:53:20'),(246,'default','updated',30,'App\\Models\\Project\\ProjectInformation',13,'App\\User','{\"attributes\":{\"project_id\":30,\"sponsor_id\":3,\"ocid\":\"ocds-aaaaaa-30\",\"stage_id\":1,\"project_need\":null,\"description_services\":null,\"reasons_ppp\":null,\"stakeholder_consultation\":null,\"description_asset\":null,\"project_summary_document\":null,\"project_value_usd\":44,\"project_value_second\":105662,\"ppp_delivery_model_id\":null},\"old\":{\"project_id\":30,\"sponsor_id\":3,\"ocid\":\"ocds-aaaaaa-30\",\"stage_id\":1,\"project_need\":null,\"description_services\":null,\"reasons_ppp\":null,\"stakeholder_consultation\":null,\"description_asset\":null,\"project_summary_document\":null,\"project_value_usd\":44,\"project_value_second\":105662,\"ppp_delivery_model_id\":null}}','2020-06-01 08:54:31','2020-06-01 08:54:31'),(247,'default','updated',30,'App\\Models\\Project\\ProjectInformation',13,'App\\User','{\"attributes\":{\"project_id\":30,\"sponsor_id\":3,\"ocid\":\"ocds-aaaaaa-30\",\"stage_id\":1,\"project_need\":null,\"description_services\":null,\"reasons_ppp\":null,\"stakeholder_consultation\":null,\"description_asset\":null,\"project_summary_document\":null,\"project_value_usd\":44,\"project_value_second\":105662,\"ppp_delivery_model_id\":null},\"old\":{\"project_id\":30,\"sponsor_id\":3,\"ocid\":\"ocds-aaaaaa-30\",\"stage_id\":1,\"project_need\":null,\"description_services\":null,\"reasons_ppp\":null,\"stakeholder_consultation\":null,\"description_asset\":null,\"project_summary_document\":null,\"project_value_usd\":44,\"project_value_second\":105662,\"ppp_delivery_model_id\":null}}','2020-06-01 09:08:39','2020-06-01 09:08:39'),(248,'default','deleted',29,'App\\Models\\Project\\Project',13,'App\\User','{\"attributes\":{\"id\":29,\"name\":\"Zanzibar infrastructure project\"}}','2020-06-05 08:39:06','2020-06-05 08:39:06'),(249,'default','updated',30,'App\\Models\\Project\\ProjectInformation',13,'App\\User','{\"attributes\":{\"project_id\":30,\"sponsor_id\":3,\"ocid\":\"ocds-aaaaaa-30\",\"stage_id\":1,\"project_need\":null,\"description_services\":null,\"reasons_ppp\":null,\"stakeholder_consultation\":null,\"description_asset\":null,\"project_summary_document\":null,\"project_value_usd\":44,\"project_value_second\":105662,\"ppp_delivery_model_id\":2},\"old\":{\"project_id\":30,\"sponsor_id\":3,\"ocid\":\"ocds-aaaaaa-30\",\"stage_id\":1,\"project_need\":null,\"description_services\":null,\"reasons_ppp\":null,\"stakeholder_consultation\":null,\"description_asset\":null,\"project_summary_document\":null,\"project_value_usd\":44,\"project_value_second\":105662,\"ppp_delivery_model_id\":null}}','2020-06-05 08:45:04','2020-06-05 08:45:04'),(251,'default','deleted',8,'App\\Models\\Media',1,'App\\User','{\"attributes\":{\"name\":\"40a3e58c-1072-4937-953b-d74ac94fe3e2\",\"old_name\":\"Arusha-city-council.png\",\"extension\":\"png\",\"mime_type\":\"image\\/png\",\"width\":null,\"height\":null,\"section\":\"par\",\"project\":0,\"path\":\"\\/vault\\/0\\/par\\/1\\/Arusha-city-council-40a3e58c-1072-4937-953b-d74ac94fe3e2.png\",\"position\":1,\"size\":45123,\"uniqueToken\":\"19awzd374rj25shzvxufnu\"}}','2020-06-09 07:15:47','2020-06-09 07:15:47'),(252,'default','created',31,'App\\Models\\Media',1,'App\\User','{\"attributes\":{\"name\":\"9d8436cc-dee4-4fcd-b5b9-327991d3a860\",\"old_name\":\"Urban_municipal_project.png\",\"extension\":\"png\",\"mime_type\":\"image\\/png\",\"width\":null,\"height\":null,\"section\":\"par\",\"project\":0,\"path\":\"\\/vault\\/0\\/par\\/1\\/Urban_municipal_project-9d8436cc-dee4-4fcd-b5b9-327991d3a860.png\",\"position\":1,\"size\":334848,\"uniqueToken\":\"cer7ftf2p3ttvc19n2o1km\"}}','2020-06-09 07:18:25','2020-06-09 07:18:25'),(253,'default','updated',1,'App\\Models\\Entity',1,'App\\User','{\"attributes\":{\"name\":\"Urban Municipal Council\",\"name_representative\":null,\"address\":null,\"tel\":null,\"fax\":null,\"email\":null,\"description\":\"Urban Municipal Council\",\"facebook\":null,\"twitter\":null,\"instagram\":null,\"url\":null},\"old\":{\"name\":\"Arusha City Council\",\"name_representative\":null,\"address\":null,\"tel\":null,\"fax\":null,\"email\":null,\"description\":\"Arusha City Council\",\"facebook\":null,\"twitter\":null,\"instagram\":null,\"url\":null}}','2020-06-09 07:18:50','2020-06-09 07:18:50'),(255,'default','deleted',9,'App\\Models\\Media',1,'App\\User','{\"attributes\":{\"name\":\"6a2ad9b0-77a9-43f6-a8cd-cf1f0b803496\",\"old_name\":\"Moshi-municipal-council.png\",\"extension\":\"png\",\"mime_type\":\"image\\/png\",\"width\":null,\"height\":null,\"section\":\"par\",\"project\":0,\"path\":\"\\/vault\\/0\\/par\\/2\\/Moshi-municipal-council-6a2ad9b0-77a9-43f6-a8cd-cf1f0b803496.png\",\"position\":2,\"size\":45123,\"uniqueToken\":\"e1r8esuolvis5ptcghic3p\"}}','2020-06-09 07:28:33','2020-06-09 07:28:33'),(256,'default','created',32,'App\\Models\\Media',1,'App\\User','{\"attributes\":{\"name\":\"ee3367b7-ab86-4a4c-8f34-edcd42f2175f\",\"old_name\":\"logo.png\",\"extension\":\"png\",\"mime_type\":\"image\\/png\",\"width\":null,\"height\":null,\"section\":\"par\",\"project\":0,\"path\":\"\\/vault\\/0\\/par\\/2\\/logo-ee3367b7-ab86-4a4c-8f34-edcd42f2175f.png\",\"position\":2,\"size\":2179,\"uniqueToken\":\"5w15yb2wwzey9bc1yuqck\"}}','2020-06-09 07:29:05','2020-06-09 07:29:05'),(257,'default','updated',2,'App\\Models\\Entity',1,'App\\User','{\"attributes\":{\"name\":\"West \'A\' Municipal Council\",\"name_representative\":null,\"address\":null,\"tel\":null,\"fax\":null,\"email\":null,\"description\":\"Lorem ipsum dolor sit amet, consectetur adipiscing elit. Etiam condimentum diam non diam egestas consequat. Duis pharetra felis euismod dui dapibus tempor. Vivamus at ipsum id tellus elementum ultricies sed eu tellus. Curabitur eget tellus id enim ullamcorper laoreet in ut risus. Fusce et libero non lacus condimentum consequat dictum sit amet enim. Sed id nisi porttitor, imperdiet nisi quis, egestas tellus. Suspendisse facilisis, urna nec tincidunt ullamcorper, velit odio ultricies sem, vitae scelerisque ligula diam ut urna. Nunc lobortis vulputate tristique. Donec semper leo lacus, nec iaculis enim varius vitae.\",\"facebook\":null,\"twitter\":null,\"instagram\":null,\"url\":null},\"old\":{\"name\":\"Moshi Municipal Council\",\"name_representative\":null,\"address\":null,\"tel\":null,\"fax\":null,\"email\":null,\"description\":\"Lorem ipsum dolor sit amet, consectetur adipiscing elit. Etiam condimentum diam non diam egestas consequat. Duis pharetra felis euismod dui dapibus tempor. Vivamus at ipsum id tellus elementum ultricies sed eu tellus. Curabitur eget tellus id enim ullamcorper laoreet in ut risus. Fusce et libero non lacus condimentum consequat dictum sit amet enim. Sed id nisi porttitor, imperdiet nisi quis, egestas tellus. Suspendisse facilisis, urna nec tincidunt ullamcorper, velit odio ultricies sem, vitae scelerisque ligula diam ut urna. Nunc lobortis vulputate tristique. Donec semper leo lacus, nec iaculis enim varius vitae.\",\"facebook\":null,\"twitter\":null,\"instagram\":null,\"url\":null}}','2020-06-09 07:29:07','2020-06-09 07:29:07'),(258,'default','deleted',10,'App\\Models\\Media',1,'App\\User','{\"attributes\":{\"name\":\"314abcc1-58dc-4eee-a5c2-911ed3b878d2\",\"old_name\":\"dar-es-salaam-city-council.png\",\"extension\":\"png\",\"mime_type\":\"image\\/png\",\"width\":null,\"height\":null,\"section\":\"par\",\"project\":0,\"path\":\"\\/vault\\/0\\/par\\/3\\/dar-es-salaam-city-council-314abcc1-58dc-4eee-a5c2-911ed3b878d2.png\",\"position\":3,\"size\":45123,\"uniqueToken\":\"wpc34ls8eu6vnbkmcqd0e\"}}','2020-06-09 07:29:34','2020-06-09 07:29:34'),(259,'default','created',33,'App\\Models\\Media',1,'App\\User','{\"attributes\":{\"name\":\"e108e705-07ee-43f2-814e-7548762b90a9\",\"old_name\":\"logo.png\",\"extension\":\"png\",\"mime_type\":\"image\\/png\",\"width\":null,\"height\":null,\"section\":\"par\",\"project\":0,\"path\":\"\\/vault\\/0\\/par\\/3\\/logo-e108e705-07ee-43f2-814e-7548762b90a9.png\",\"position\":3,\"size\":2179,\"uniqueToken\":\"1ngqthe2413yr7nr8valkn\"}}','2020-06-09 07:29:38','2020-06-09 07:29:38'),(260,'default','updated',3,'App\\Models\\Entity',1,'App\\User','{\"attributes\":{\"name\":\"West \'B\' Municipal Council\",\"name_representative\":null,\"address\":null,\"tel\":null,\"fax\":null,\"email\":null,\"description\":\"Dar es Salaam City Council\",\"facebook\":null,\"twitter\":null,\"instagram\":null,\"url\":\"https:\\/\\/www.works.go.ug\\/\"},\"old\":{\"name\":\"Dar es Salaam City Council\",\"name_representative\":null,\"address\":null,\"tel\":null,\"fax\":null,\"email\":null,\"description\":\"Dar es Salaam City Council\",\"facebook\":null,\"twitter\":null,\"instagram\":null,\"url\":\"https:\\/\\/www.works.go.ug\\/\"}}','2020-06-09 07:29:42','2020-06-09 07:29:42'),(261,'default','deleted',11,'App\\Models\\Media',1,'App\\User','{\"attributes\":{\"name\":\"07743bee-d8c6-4a1f-b580-6be2ef2eda1c\",\"old_name\":\"Ilala-city-council.png\",\"extension\":\"png\",\"mime_type\":\"image\\/png\",\"width\":null,\"height\":null,\"section\":\"par\",\"project\":0,\"path\":\"\\/vault\\/0\\/par\\/4\\/Ilala-city-council-07743bee-d8c6-4a1f-b580-6be2ef2eda1c.png\",\"position\":4,\"size\":15360,\"uniqueToken\":\"p7ilabnkxd8vojebrtar2\"}}','2020-06-09 07:31:28','2020-06-09 07:31:28'),(262,'default','created',34,'App\\Models\\Media',1,'App\\User','{\"attributes\":{\"name\":\"43880423-c95c-493b-86ec-d51f2a4501c9\",\"old_name\":\"logo.png\",\"extension\":\"png\",\"mime_type\":\"image\\/png\",\"width\":null,\"height\":null,\"section\":\"par\",\"project\":0,\"path\":\"\\/vault\\/0\\/par\\/4\\/logo-43880423-c95c-493b-86ec-d51f2a4501c9.png\",\"position\":4,\"size\":2179,\"uniqueToken\":\"yg79b2e2mtinasaifypyah\"}}','2020-06-09 07:31:32','2020-06-09 07:31:32'),(263,'default','updated',4,'App\\Models\\Entity',1,'App\\User','{\"attributes\":{\"name\":\"Ministry of Trade and Industry\",\"name_representative\":null,\"address\":null,\"tel\":null,\"fax\":null,\"email\":null,\"description\":\"Ilala Municipal Council\",\"facebook\":null,\"twitter\":null,\"instagram\":null,\"url\":null},\"old\":{\"name\":\"Ilala Municipal Council\",\"name_representative\":null,\"address\":null,\"tel\":null,\"fax\":null,\"email\":null,\"description\":\"Ilala Municipal Council\",\"facebook\":null,\"twitter\":null,\"instagram\":null,\"url\":null}}','2020-06-09 07:31:35','2020-06-09 07:31:35'),(264,'default','deleted',14,'App\\Models\\Media',1,'App\\User','{\"attributes\":{\"name\":\"79c38d27-f362-4ef2-a0e6-e601cda56ab9\",\"old_name\":\"mbeya-city-council.jpg\",\"extension\":\"jpeg\",\"mime_type\":\"image\\/jpeg\",\"width\":null,\"height\":null,\"section\":\"par\",\"project\":0,\"path\":\"\\/vault\\/0\\/par\\/7\\/mbeya-city-council-79c38d27-f362-4ef2-a0e6-e601cda56ab9.jpeg\",\"position\":7,\"size\":15054,\"uniqueToken\":\"4a2ua84osqhkccat0wt94s\"}}','2020-06-09 07:32:26','2020-06-09 07:32:26'),(265,'default','created',35,'App\\Models\\Media',1,'App\\User','{\"attributes\":{\"name\":\"b9dbc0a7-efae-4c97-a5b2-aa8ee653fcdb\",\"old_name\":\"logo.png\",\"extension\":\"png\",\"mime_type\":\"image\\/png\",\"width\":null,\"height\":null,\"section\":\"par\",\"project\":0,\"path\":\"\\/vault\\/0\\/par\\/7\\/logo-b9dbc0a7-efae-4c97-a5b2-aa8ee653fcdb.png\",\"position\":7,\"size\":2179,\"uniqueToken\":\"6h6hbt4i59abofvpki1y44\"}}','2020-06-09 07:32:46','2020-06-09 07:32:46'),(266,'default','updated',7,'App\\Models\\Entity',1,'App\\User','{\"attributes\":{\"name\":\"North A District council\",\"name_representative\":\"North A District council\",\"address\":null,\"tel\":null,\"fax\":null,\"email\":null,\"description\":\"North A District council\",\"facebook\":null,\"twitter\":null,\"instagram\":null,\"url\":null},\"old\":{\"name\":\"Mbeya City Council\",\"name_representative\":\"Mbeya City Council\",\"address\":null,\"tel\":null,\"fax\":null,\"email\":null,\"description\":\"Mbeya City Council\",\"facebook\":null,\"twitter\":null,\"instagram\":null,\"url\":null}}','2020-06-09 07:32:55','2020-06-09 07:32:55'),(267,'default','deleted',12,'App\\Models\\Media',1,'App\\User','{\"attributes\":{\"name\":\"ff3052cb-002b-4de4-a094-6bd05af829f1\",\"old_name\":\"kinondoni-city-council.png\",\"extension\":\"png\",\"mime_type\":\"image\\/png\",\"width\":null,\"height\":null,\"section\":\"par\",\"project\":0,\"path\":\"\\/vault\\/0\\/par\\/5\\/kinondoni-city-council-ff3052cb-002b-4de4-a094-6bd05af829f1.png\",\"position\":5,\"size\":45123,\"uniqueToken\":\"dq16g2jxtfc9cs0gq1mwu\"}}','2020-06-09 07:33:29','2020-06-09 07:33:29'),(268,'default','created',36,'App\\Models\\Media',1,'App\\User','{\"attributes\":{\"name\":\"f74d6b29-37de-4f52-83cc-e17f3748297e\",\"old_name\":\"logo.png\",\"extension\":\"png\",\"mime_type\":\"image\\/png\",\"width\":null,\"height\":null,\"section\":\"par\",\"project\":0,\"path\":\"\\/vault\\/0\\/par\\/5\\/logo-f74d6b29-37de-4f52-83cc-e17f3748297e.png\",\"position\":5,\"size\":2179,\"uniqueToken\":\"mqebgad52cfodswh3biub\"}}','2020-06-09 07:33:32','2020-06-09 07:33:32'),(269,'default','updated',5,'App\\Models\\Entity',1,'App\\User','{\"attributes\":{\"name\":\"Chakechake Town Council\",\"name_representative\":null,\"address\":null,\"tel\":null,\"fax\":null,\"email\":null,\"description\":\"Chakechake Town Council\",\"facebook\":null,\"twitter\":null,\"instagram\":null,\"url\":null},\"old\":{\"name\":\"Kinondoni Municipal Council\",\"name_representative\":null,\"address\":null,\"tel\":null,\"fax\":null,\"email\":null,\"description\":\"Kinondoni Municipal Council\",\"facebook\":null,\"twitter\":null,\"instagram\":null,\"url\":null}}','2020-06-09 07:33:36','2020-06-09 07:33:36'),(270,'default','deleted',13,'App\\Models\\Media',1,'App\\User','{\"attributes\":{\"name\":\"d6dadb88-2d10-433c-9fb5-f28aeea98ea1\",\"old_name\":\"temeke-city-council.jpg\",\"extension\":\"jpeg\",\"mime_type\":\"image\\/jpeg\",\"width\":null,\"height\":null,\"section\":\"par\",\"project\":0,\"path\":\"\\/vault\\/0\\/par\\/6\\/temeke-city-council-d6dadb88-2d10-433c-9fb5-f28aeea98ea1.jpeg\",\"position\":6,\"size\":11340,\"uniqueToken\":\"e4ci9fh3teouc9kc5tb28\"}}','2020-06-09 07:34:02','2020-06-09 07:34:02'),(271,'default','created',37,'App\\Models\\Media',1,'App\\User','{\"attributes\":{\"name\":\"d3ce6202-7d7d-4e75-af5d-5d6f17cc12f7\",\"old_name\":\"logo.png\",\"extension\":\"png\",\"mime_type\":\"image\\/png\",\"width\":null,\"height\":null,\"section\":\"par\",\"project\":0,\"path\":\"\\/vault\\/0\\/par\\/6\\/logo-d3ce6202-7d7d-4e75-af5d-5d6f17cc12f7.png\",\"position\":6,\"size\":2179,\"uniqueToken\":\"tqwym3bar3f7vkizrutz9s\"}}','2020-06-09 07:34:07','2020-06-09 07:34:07'),(272,'default','updated',6,'App\\Models\\Entity',1,'App\\User','{\"attributes\":{\"name\":\"State University of Zanzibar\",\"name_representative\":null,\"address\":null,\"tel\":null,\"fax\":null,\"email\":null,\"description\":\"State University of Zanzibar\",\"facebook\":null,\"twitter\":null,\"instagram\":null,\"url\":null},\"old\":{\"name\":\"Temeke Municipal Council\",\"name_representative\":null,\"address\":null,\"tel\":null,\"fax\":null,\"email\":null,\"description\":\"Temeke Municipal Council\",\"facebook\":null,\"twitter\":null,\"instagram\":null,\"url\":null}}','2020-06-09 07:34:23','2020-06-09 07:34:23'),(273,'default','deleted',15,'App\\Models\\Media',1,'App\\User','{\"attributes\":{\"name\":\"0061084e-9876-482d-aad1-94c93a0e7bde\",\"old_name\":\"Mwanza-city-council.png\",\"extension\":\"png\",\"mime_type\":\"image\\/png\",\"width\":null,\"height\":null,\"section\":\"par\",\"project\":0,\"path\":\"\\/vault\\/0\\/par\\/8\\/Mwanza-city-council-0061084e-9876-482d-aad1-94c93a0e7bde.png\",\"position\":8,\"size\":14771,\"uniqueToken\":\"fu47m4bcdluou9eyk70y2q\"}}','2020-06-09 07:35:01','2020-06-09 07:35:01'),(274,'default','created',38,'App\\Models\\Media',1,'App\\User','{\"attributes\":{\"name\":\"27ae149a-9859-483b-81e5-d5fa16f96cfe\",\"old_name\":\"logo.png\",\"extension\":\"png\",\"mime_type\":\"image\\/png\",\"width\":null,\"height\":null,\"section\":\"par\",\"project\":0,\"path\":\"\\/vault\\/0\\/par\\/8\\/logo-27ae149a-9859-483b-81e5-d5fa16f96cfe.png\",\"position\":8,\"size\":2179,\"uniqueToken\":\"m4bmoiwma9qc19opo6ffah\"}}','2020-06-09 07:35:05','2020-06-09 07:35:05'),(275,'default','updated',8,'App\\Models\\Entity',1,'App\\User','{\"attributes\":{\"name\":\"Zanzibar Water Authority\",\"name_representative\":\"Zanzibar Water Authority\",\"address\":null,\"tel\":null,\"fax\":null,\"email\":null,\"description\":\"Zanzibar Water Authority\",\"facebook\":null,\"twitter\":null,\"instagram\":null,\"url\":null},\"old\":{\"name\":\"Mwanza City Council\",\"name_representative\":\"Mwanza City Council\",\"address\":null,\"tel\":null,\"fax\":null,\"email\":null,\"description\":\"Mwanza City Council\",\"facebook\":null,\"twitter\":null,\"instagram\":null,\"url\":null}}','2020-06-09 07:35:08','2020-06-09 07:35:08'),(276,'default','deleted',16,'App\\Models\\Media',1,'App\\User','{\"attributes\":{\"name\":\"e6ade05d-fcf4-47a8-baa0-58549c162dba\",\"old_name\":\"Dodoma-city-council.png\",\"extension\":\"png\",\"mime_type\":\"image\\/png\",\"width\":null,\"height\":null,\"section\":\"par\",\"project\":0,\"path\":\"\\/vault\\/0\\/par\\/9\\/Dodoma-city-council-e6ade05d-fcf4-47a8-baa0-58549c162dba.png\",\"position\":9,\"size\":45123,\"uniqueToken\":\"paugoca6ngv482zfh79l\"}}','2020-06-09 08:56:14','2020-06-09 08:56:14'),(277,'default','deleted',9,'App\\Models\\Entity',1,'App\\User','{\"attributes\":{\"name\":\"Dodoma City Council\",\"name_representative\":\"Dodoma City Council\",\"address\":null,\"tel\":null,\"fax\":null,\"email\":null,\"description\":\"Dodoma City Council\",\"facebook\":null,\"twitter\":null,\"instagram\":null,\"url\":null}}','2020-06-09 08:56:14','2020-06-09 08:56:14'),(278,'default','deleted',17,'App\\Models\\Media',1,'App\\User','{\"attributes\":{\"name\":\"a4eaf7a0-2efb-4cb9-95fe-217e71edfd47\",\"old_name\":\"Mtwara-Mikindani-municipal-council.jpg\",\"extension\":\"jpeg\",\"mime_type\":\"image\\/jpeg\",\"width\":null,\"height\":null,\"section\":\"par\",\"project\":0,\"path\":\"\\/vault\\/0\\/par\\/10\\/Mtwara-Mikindani-municipal-council-a4eaf7a0-2efb-4cb9-95fe-217e71edfd47.jpeg\",\"position\":10,\"size\":2090,\"uniqueToken\":\"o368p23fm9o43kqa52dshz\"}}','2020-06-09 08:56:20','2020-06-09 08:56:20'),(279,'default','deleted',10,'App\\Models\\Entity',1,'App\\User','{\"attributes\":{\"name\":\"Mtwara\\/Mikindani Municipal Council\",\"name_representative\":\"Mtwara\\/Mikindani Municipal Council\",\"address\":null,\"tel\":null,\"fax\":null,\"email\":null,\"description\":\"Mtwara\\/Mikindani Municipal Council\",\"facebook\":null,\"twitter\":null,\"instagram\":null,\"url\":null}}','2020-06-09 08:56:20','2020-06-09 08:56:20'),(280,'default','deleted',18,'App\\Models\\Media',1,'App\\User','{\"attributes\":{\"name\":\"41f2c91e-46b2-475a-93dd-56f25b426057\",\"old_name\":\"Local-government-training-institute-LGTI.jpg\",\"extension\":\"jpeg\",\"mime_type\":\"image\\/jpeg\",\"width\":null,\"height\":null,\"section\":\"par\",\"project\":0,\"path\":\"\\/vault\\/0\\/par\\/11\\/Local-government-training-institute-LGTI-41f2c91e-46b2-475a-93dd-56f25b426057.jpeg\",\"position\":11,\"size\":7779,\"uniqueToken\":\"a1kxreo631u8td0fdn6uir\"}}','2020-06-09 08:56:26','2020-06-09 08:56:26'),(281,'default','deleted',11,'App\\Models\\Entity',1,'App\\User','{\"attributes\":{\"name\":\"Local Government Training Institute (LGTI)\",\"name_representative\":null,\"address\":null,\"tel\":null,\"fax\":null,\"email\":null,\"description\":\"Local Government Training Institute (LGTI)\",\"facebook\":null,\"twitter\":null,\"instagram\":null,\"url\":null}}','2020-06-09 08:56:26','2020-06-09 08:56:26'),(282,'default','updated',4,'App\\Models\\Entity',1,'App\\User','{\"attributes\":{\"name\":\"Ministry of Trade, Industry and Marketing (MoTIM)\",\"name_representative\":null,\"address\":null,\"tel\":null,\"fax\":null,\"email\":null,\"description\":\"Ministry of Trade, Industry and Marketing\",\"facebook\":null,\"twitter\":null,\"instagram\":null,\"url\":null},\"old\":{\"name\":\"Ministry of Trade and Industry\",\"name_representative\":null,\"address\":null,\"tel\":null,\"fax\":null,\"email\":null,\"description\":\"Ilala Municipal Council\",\"facebook\":null,\"twitter\":null,\"instagram\":null,\"url\":null}}','2020-06-09 14:29:23','2020-06-09 14:29:23'),(283,'default','updated',13,'App\\User',13,'App\\User','{\"attributes\":{\"name\":\"Caroline Chema Eric\",\"email\":\"ceric@worldbank.org\",\"telephone\":\"677 67 76 77\",\"inactive\":0},\"old\":{\"name\":\"Caroline Chema Eric\",\"email\":\"ceric@worldbank.org\",\"telephone\":\"677 67 76 77\",\"inactive\":0}}','2020-06-15 10:11:26','2020-06-15 10:11:26'),(284,'default','updated',30,'App\\Models\\Project\\Project',13,'App\\User','{\"attributes\":{\"name\":\"International Trade and Convention Centre at Nyamanzi, Zanzibar\"},\"old\":{\"name\":\"International Trade and Convention Centre at Nyamanzi, Zanzibar\"}}','2020-06-15 10:18:49','2020-06-15 10:18:49'),(285,'default','updated',32,'App\\Models\\Project\\ProjectInformation',13,'App\\User','{\"attributes\":{\"project_id\":32,\"sponsor_id\":1,\"ocid\":\"ocds-aaaaaa-32\",\"stage_id\":1,\"project_need\":\"Mwanakwerekwe market is one of the two busiest markets in the Urban West area, currently serving about 2000 traders (including stall and shop assistants) operating in Mwanakwerekwe, with about 500 spilling out of the formal market area and setting up temporary stalls just outside. The current market is depicted with numerous stalls occupying temporary stalls of light materials that cannot withstand all-weather conditions and far from the sanitary and hygienic place where, especially, food items are sold for households in the area to consume. The stalls are also not uniform in space, and many vendors occupy the roadside, adding to the chaos brought by the lack of a proper parking area for vehicles and sidewalk for people.\",\"description_services\":\"Making available the commercial spaces for utilization and collection of fees in form of fixed monthly rentals from users of market facility and other amenities such as parking and rental spaces. Provision of support facilities such as drinking water, toilets and showers, solid waste management, 24\\/7 security, power backup.\",\"reasons_ppp\":\"With the DBFOM (User pay) model the concessionaire assumes the revenue risk, provided with freedom, flexibility and motivation to develop, operate and generate rate of return to recover the project lifecycle costs. Such arrangement entails the responsibility of revenue collection as well as demand generation is vested with the Private Partner. During operations, the private partner will share revenue with the Implementing Authority in form of a variable payment (Annual Concession Fee), which will be the bid parameter.  With this model, the Implementing Authority shall create an enabling environment for successful development of the project that shall be attractive for investors.\",\"stakeholder_consultation\":\"During the surveys conducted at Feasibility Study stage, a total of 188 market traders in Mwanakwerekwe, of which 104 or 55% were from the main markets, and the rest from the Annex. The survey was important to understand the current situation from the target beneficiaries\\u2019 viewpoint. The observations from the community engagements, and the results from the survey were consistent with regards to people\\u2019s anticipation of the proposed project. Some of the project benefits identified by the target beneficiaries included: (1) better\\/cleaner environment may impact on health and eliminate hazards (2) comfort and safety for all traders and buyers, (3) better security in the area, (4) potential to attract tourists to purchase items from the market, (5) having a feeling of pride and dignity in trading, and (6) more flexible trading hours. These perceived benefits influence the high acceptability of the project from the viewpoint of the target beneficiaries, indicating that the proposed project will bring about positive impact on the overall well-being of the public.\",\"description_asset\":\"The various facilities proposed within the market complex include commercial stalls, and ATM, Auction platform, Office Space for market administration office and rental, parking for cars and two wheelers as well as other amenities such as community hall, prayer room, open space and pedestrian walkways.\",\"project_summary_document\":\"\",\"project_value_usd\":7.83,\"project_value_second\":18800,\"ppp_delivery_model_id\":2},\"old\":{\"project_id\":32,\"sponsor_id\":1,\"ocid\":\"ocds-aaaaaa-32\",\"stage_id\":1,\"project_need\":\"Mwanakwerekwe market is one of the two busiest markets in the Urban West area, currently serving about 2000 traders (including stall and shop assistants) operating in Mwanakwerekwe, with about 500 spilling out of the formal market area and setting up temporary stalls just outside. The current market is depicted with numerous stalls occupying temporary stalls of light materials that cannot withstand all-weather conditions and far from the sanitary and hygienic place where, especially, food items are sold for households in the area to consume. The stalls are also not uniform in space, and many vendors occupy the roadside, adding to the chaos brought by the lack of a proper parking area for vehicles and sidewalk for people.\",\"description_services\":\"Making available the commercial spaces for utilization and collection of fees in form of fixed monthly rentals from users of market facility and other amenities such as parking and rental spaces. Provision of support facilities such as drinking water, toilets and showers, solid waste management, 24\\/7 security, power backup.\",\"reasons_ppp\":\"With the DBFOM (User pay) model the concessionaire assumes the revenue risk, provided with freedom, flexibility and motivation to develop, operate and generate rate of return to recover the project lifecycle costs. Such arrangement entails the responsibility of revenue collection as well as demand generation is vested with the Private Partner. During operations, the private partner will share revenue with the Implementing Authority in form of a variable payment (Annual Concession Fee), which will be the bid parameter.  With this model, the Implementing Authority shall create an enabling environment for successful development of the project that shall be attractive for investors.\",\"stakeholder_consultation\":\"During the surveys conducted at Feasibility Study stage, a total of 188 market traders in Mwanakwerekwe, of which 104 or 55% were from the main markets, and the rest from the Annex. The survey was important to understand the current situation from the target beneficiaries\\u2019 viewpoint. The observations from the community engagements, and the results from the survey were consistent with regards to people\\u2019s anticipation of the proposed project. Some of the project benefits identified by the target beneficiaries included: (1) better\\/cleaner environment may impact on health and eliminate hazards (2) comfort and safety for all traders and buyers, (3) better security in the area, (4) potential to attract tourists to purchase items from the market, (5) having a feeling of pride and dignity in trading, and (6) more flexible trading hours. These perceived benefits influence the high acceptability of the project from the viewpoint of the target beneficiaries, indicating that the proposed project will bring about positive impact on the overall well-being of the public.\",\"description_asset\":\"The various facilities proposed within the market complex include commercial stalls, and ATM, Auction platform, Office Space for market administration office and rental, parking for cars and two wheelers as well as other amenities such as community hall, prayer room, open space and pedestrian walkways.\",\"project_summary_document\":\"\",\"project_value_usd\":7.83,\"project_value_second\":18800,\"ppp_delivery_model_id\":null}}','2020-06-15 11:00:40','2020-06-15 11:00:40'),(286,'default','deleted',30,'App\\Models\\Project\\Project',13,'App\\User','{\"attributes\":{\"id\":30,\"name\":\"International Trade and Convention Centre at Nyamanzi, Zanzibar\"}}','2020-06-15 21:41:36','2020-06-15 21:41:36'),(287,'default','deleted',31,'App\\Models\\Project\\Project',13,'App\\User','{\"attributes\":{\"id\":31,\"name\":\"Redevelopment of Mombasa Dragon Market-1240911874\"}}','2020-06-15 21:41:51','2020-06-15 21:41:51'),(288,'default','updated',35,'App\\Models\\Project\\ProjectInformation',13,'App\\User','{\"attributes\":{\"project_id\":35,\"sponsor_id\":4,\"ocid\":\"ocds-aaaaaa-35\",\"stage_id\":1,\"project_need\":\"Established in the Fumba Economic Zone, the International Trade and Conventional Centre is a flagship project strategically created to optimize the tourism opportunity of the isles for regional and international events. The project objective is realized through a modern international trade and convention centre (ITCC) that will be at par with world standards and attractive to the dynamic meetings, incentives, conferences and exhibitions (MICE) industry. The proposed ITCC will provide facilities like convention centre, exhibition halls, hotel accommodation, offices, residential apartments and other amenities. Currently there is no ITCC in Zanzibar. ITCC will therefore help in promoting tourism and attract more holiday makers and business travellers. Key benefits of the project include enhanced tourism, improved trade, job creation, enhancement in Tax revenue, improvement in infrastructure as well as increase in land values in the adjacent areas.\",\"description_services\":\"Detailed design, construction methodology, quality assurance procedures, and the procurement, engineering and construction for completion of the project. At its own cost and expense, procure finance for and undertake the design, engineering, procurement, construction, operation and maintenance of the project assets and observe, fulfil, comply with and perform all its obligations set out in the PPP Agreement. Obtain Applicable Permits to perform its obligations during the project team and keep in force and effect such applicable permits in conformity with applicable laws. Permit safe, smooth and uninterrupted flow of operations, project assets during normal operating conditions. Collect the user fees and its appropriation by the private partner. Operation and maintenance of all communication, control and administrative system necessary for efficient operation of the project assets by the private partner. Maintain public relations unit or a grievance redressal cell to interface with and attend to suggestions from users, government agencies, media and other agencies by the private partner.\",\"reasons_ppp\":\"DBFOM (user pay) and DBFOM (ABP) offer value for money and present good returns for the project. However, DBFOM (User Pay) model offers better VFM than DBFOM (ABP). From a private investor perspective, ABP would be more attractive as the risk is limited and there are guaranteed payments from the government. However, it is important to note that the project is one of the flagship projects intended to put Zanzibar in world map as one of leading MICE destinations. This would require a great effort in terms of the marketing the project facilities through a well-crafted & executed marketing strategy which is not the Authority\\u2019s forte and again the Authority would be dependent on the third-party marketing agents. The project business is dynamic in nature and subject to frequent changes which warrant instant responses to market dynamics wherein there could be certain limitations for the Authority. In absence of a robust mechanism to optimize the revenues, it would be extremely difficult to create a sustainable template for the project vision\\u2013 to develop Zanzibar into a world class MICE destination. In light of the above facts and foregoing discussions, it is recommended that the project may be implemented through the DBFOM (user pay) model wherein the Concessionaire assumes the revenue risk, is provided with the freedom, flexibility and motivation to develop, operate and generate rate of return to recover the project lifecycle costs. The Authority shall create an enabling environment for successful development of the project that shall be attractive for the investors.\",\"stakeholder_consultation\":\"\",\"description_asset\":\"The various facilities proposed within the ITCC include one Convention Centre with two floors, Five exhibition halls of single floors, a hotel block with three floors, office building  with three floors, one stop centre with two floors, a medical centre with a single floor, club and amenities with two floors and two apartment buildings with five floors each.\",\"project_summary_document\":\"\",\"project_value_usd\":44,\"project_value_second\":105662,\"ppp_delivery_model_id\":2},\"old\":{\"project_id\":35,\"sponsor_id\":4,\"ocid\":\"ocds-aaaaaa-35\",\"stage_id\":1,\"project_need\":\"Established in the Fumba Economic Zone, the International Trade and Conventional Centre is a flagship project strategically created to optimize the tourism opportunity of the isles for regional and international events. The project objective is realized through a modern international trade and convention centre (ITCC) that will be at par with world standards and attractive to the dynamic meetings, incentives, conferences and exhibitions (MICE) industry. The proposed ITCC will provide facilities like convention centre, exhibition halls, hotel accommodation, offices, residential apartments and other amenities. Currently there is no ITCC in Zanzibar. ITCC will therefore help in promoting tourism and attract more holiday makers and business travellers. Key benefits of the project include enhanced tourism, improved trade, job creation, enhancement in Tax revenue, improvement in infrastructure as well as increase in land values in the adjacent areas.\",\"description_services\":\"Detailed design, construction methodology, quality assurance procedures, and the procurement, engineering and construction for completion of the project. At its own cost and expense, procure finance for and undertake the design, engineering, procurement, construction, operation and maintenance of the project assets and observe, fulfil, comply with and perform all its obligations set out in the PPP Agreement. Obtain Applicable Permits to perform its obligations during the project team and keep in force and effect such applicable permits in conformity with applicable laws. Permit safe, smooth and uninterrupted flow of operations, project assets during normal operating conditions. Collect the user fees and its appropriation by the private partner. Operation and maintenance of all communication, control and administrative system necessary for efficient operation of the project assets by the private partner. Maintain public relations unit or a grievance redressal cell to interface with and attend to suggestions from users, government agencies, media and other agencies by the private partner.\",\"reasons_ppp\":\"DBFOM (user pay) and DBFOM (ABP) offer value for money and present good returns for the project. However, DBFOM (User Pay) model offers better VFM than DBFOM (ABP). From a private investor perspective, ABP would be more attractive as the risk is limited and there are guaranteed payments from the government. However, it is important to note that the project is one of the flagship projects intended to put Zanzibar in world map as one of leading MICE destinations. This would require a great effort in terms of the marketing the project facilities through a well-crafted & executed marketing strategy which is not the Authority\\u2019s forte and again the Authority would be dependent on the third-party marketing agents. The project business is dynamic in nature and subject to frequent changes which warrant instant responses to market dynamics wherein there could be certain limitations for the Authority. In absence of a robust mechanism to optimize the revenues, it would be extremely difficult to create a sustainable template for the project vision\\u2013 to develop Zanzibar into a world class MICE destination. In light of the above facts and foregoing discussions, it is recommended that the project may be implemented through the DBFOM (user pay) model wherein the Concessionaire assumes the revenue risk, is provided with the freedom, flexibility and motivation to develop, operate and generate rate of return to recover the project lifecycle costs. The Authority shall create an enabling environment for successful development of the project that shall be attractive for the investors.\",\"stakeholder_consultation\":\"\",\"description_asset\":\"The various facilities proposed within the ITCC include one Convention Centre with two floors, Five exhibition halls of single floors, a hotel block with three floors, office building  with three floors, one stop centre with two floors, a medical centre with a single floor, club and amenities with two floors and two apartment buildings with five floors each.\",\"project_summary_document\":\"\",\"project_value_usd\":44,\"project_value_second\":105662,\"ppp_delivery_model_id\":null}}','2020-06-15 22:02:42','2020-06-15 22:02:42'),(289,'default','deleted',35,'App\\Models\\Project\\Project',13,'App\\User','{\"attributes\":{\"id\":35,\"name\":\"Development of International Trade Fair and Convention Centre-2031750801\"}}','2020-06-15 22:08:02','2020-06-15 22:08:02'),(290,'default','updated',32,'App\\Models\\Project\\ProjectInformation',1,'App\\User','{\"attributes\":{\"project_id\":32,\"sponsor_id\":1,\"ocid\":\"ocds-aaaaaa-32\",\"stage_id\":1,\"project_need\":\"Mwanakwerekwe market is one of the two busiest markets in the Urban West area, currently serving about 2000 traders (including stall and shop assistants) operating in Mwanakwerekwe, with about 500 spilling out of the formal market area and setting up temporary stalls just outside. The current market is depicted with numerous stalls occupying temporary stalls of light materials that cannot withstand all-weather conditions and far from the sanitary and hygienic place where, especially, food items are sold for households in the area to consume. The stalls are also not uniform in space, and many vendors occupy the roadside, adding to the chaos brought by the lack of a proper parking area for vehicles and sidewalk for people.\",\"description_services\":\"Making available the commercial spaces for utilization and collection of fees in form of fixed monthly rentals from users of market facility and other amenities such as parking and rental spaces. Provision of support facilities such as drinking water, toilets and showers, solid waste management, 24\\/7 security, power backup.\",\"reasons_ppp\":\"With the DBFOM (User pay) model the concessionaire assumes the revenue risk, provided with freedom, flexibility and motivation to develop, operate and generate rate of return to recover the project lifecycle costs. Such arrangement entails the responsibility of revenue collection as well as demand generation is vested with the Private Partner. During operations, the private partner will share revenue with the Implementing Authority in form of a variable payment (Annual Concession Fee), which will be the bid parameter.  With this model, the Implementing Authority shall create an enabling environment for successful development of the project that shall be attractive for investors.\",\"stakeholder_consultation\":\"During the surveys conducted at Feasibility Study stage, a total of 188 market traders in Mwanakwerekwe, of which 104 or 55% were from the main markets, and the rest from the Annex. The survey was important to understand the current situation from the target beneficiaries\\u2019 viewpoint. The observations from the community engagements, and the results from the survey were consistent with regards to people\\u2019s anticipation of the proposed project. Some of the project benefits identified by the target beneficiaries included: (1) better\\/cleaner environment may impact on health and eliminate hazards (2) comfort and safety for all traders and buyers, (3) better security in the area, (4) potential to attract tourists to purchase items from the market, (5) having a feeling of pride and dignity in trading, and (6) more flexible trading hours. These perceived benefits influence the high acceptability of the project from the viewpoint of the target beneficiaries, indicating that the proposed project will bring about positive impact on the overall well-being of the public.\",\"description_asset\":\"The various facilities proposed within the market complex include commercial stalls, and ATM, Auction platform, Office Space for market administration office and rental, parking for cars and two wheelers as well as other amenities such as community hall, prayer room, open space and pedestrian walkways.\",\"project_summary_document\":\"\",\"project_value_usd\":783000,\"project_value_second\":18800,\"ppp_delivery_model_id\":2},\"old\":{\"project_id\":32,\"sponsor_id\":1,\"ocid\":\"ocds-aaaaaa-32\",\"stage_id\":1,\"project_need\":\"Mwanakwerekwe market is one of the two busiest markets in the Urban West area, currently serving about 2000 traders (including stall and shop assistants) operating in Mwanakwerekwe, with about 500 spilling out of the formal market area and setting up temporary stalls just outside. The current market is depicted with numerous stalls occupying temporary stalls of light materials that cannot withstand all-weather conditions and far from the sanitary and hygienic place where, especially, food items are sold for households in the area to consume. The stalls are also not uniform in space, and many vendors occupy the roadside, adding to the chaos brought by the lack of a proper parking area for vehicles and sidewalk for people.\",\"description_services\":\"Making available the commercial spaces for utilization and collection of fees in form of fixed monthly rentals from users of market facility and other amenities such as parking and rental spaces. Provision of support facilities such as drinking water, toilets and showers, solid waste management, 24\\/7 security, power backup.\",\"reasons_ppp\":\"With the DBFOM (User pay) model the concessionaire assumes the revenue risk, provided with freedom, flexibility and motivation to develop, operate and generate rate of return to recover the project lifecycle costs. Such arrangement entails the responsibility of revenue collection as well as demand generation is vested with the Private Partner. During operations, the private partner will share revenue with the Implementing Authority in form of a variable payment (Annual Concession Fee), which will be the bid parameter.  With this model, the Implementing Authority shall create an enabling environment for successful development of the project that shall be attractive for investors.\",\"stakeholder_consultation\":\"During the surveys conducted at Feasibility Study stage, a total of 188 market traders in Mwanakwerekwe, of which 104 or 55% were from the main markets, and the rest from the Annex. The survey was important to understand the current situation from the target beneficiaries\\u2019 viewpoint. The observations from the community engagements, and the results from the survey were consistent with regards to people\\u2019s anticipation of the proposed project. Some of the project benefits identified by the target beneficiaries included: (1) better\\/cleaner environment may impact on health and eliminate hazards (2) comfort and safety for all traders and buyers, (3) better security in the area, (4) potential to attract tourists to purchase items from the market, (5) having a feeling of pride and dignity in trading, and (6) more flexible trading hours. These perceived benefits influence the high acceptability of the project from the viewpoint of the target beneficiaries, indicating that the proposed project will bring about positive impact on the overall well-being of the public.\",\"description_asset\":\"The various facilities proposed within the market complex include commercial stalls, and ATM, Auction platform, Office Space for market administration office and rental, parking for cars and two wheelers as well as other amenities such as community hall, prayer room, open space and pedestrian walkways.\",\"project_summary_document\":\"\",\"project_value_usd\":7.83,\"project_value_second\":18800,\"ppp_delivery_model_id\":2}}','2020-06-17 21:07:02','2020-06-17 21:07:02'),(291,'default','deleted',46,'App\\Models\\Project\\Project',1,'App\\User','{\"attributes\":{\"id\":46,\"name\":\"ZZB- Import Project name-1686643723\"}}','2020-06-17 22:12:12','2020-06-17 22:12:12'),(292,'default','updated',127,'App\\Models\\Project\\ContractMilestones\\ContractMilestone',1,'App\\User','{\"attributes\":{\"project_id\":32,\"name\":\"Project proposal received12\",\"milestone_type_id\":2,\"date\":\"2016-06-21 00:00:00\",\"description\":\"Lorem ipsum dolor sit amet, consectetur adipiscing elit.\",\"milestone_category_id\":null},\"old\":{\"project_id\":32,\"name\":\"Project proposal received\",\"milestone_type_id\":2,\"date\":\"2016-06-21 00:00:00\",\"description\":\"Lorem ipsum dolor sit amet, consectetur adipiscing elit.\",\"milestone_category_id\":null}}','2020-06-17 22:40:03','2020-06-17 22:40:03'),(293,'default','updated',127,'App\\Models\\Project\\ContractMilestones\\ContractMilestone',1,'App\\User','{\"attributes\":{\"project_id\":32,\"name\":\"Project proposal received\",\"milestone_type_id\":2,\"date\":\"2016-06-21 00:00:00\",\"description\":\"Lorem ipsum dolor sit amet, consectetur adipiscing elit.\",\"milestone_category_id\":null},\"old\":{\"project_id\":32,\"name\":\"Project proposal received12\",\"milestone_type_id\":2,\"date\":\"2016-06-21 00:00:00\",\"description\":\"Lorem ipsum dolor sit amet, consectetur adipiscing elit.\",\"milestone_category_id\":null}}','2020-06-17 22:40:10','2020-06-17 22:40:10'),(294,'default','updated',47,'App\\Models\\Project\\ProjectInformation',13,'App\\User','{\"attributes\":{\"project_id\":47,\"sponsor_id\":3,\"ocid\":\"ocds-aaaaaa-47\",\"stage_id\":2,\"project_need\":\"Zanzibar imports its bulk petroleum products (kerosene, aviation fuel, petrol and diesel) through the Mtoni terminal on Unguja Island. The terminal is located in a World Heritage buffer zone and adjoins tourism and residential areas. The Mtoni terminal no longer meets the needs of Zanzibar: It is too small to meet growing demand. Because of encroaching urban development, expansion is not possible; Shallow draughts, aggravated by silting, constrain the size of vessels that can berth. Increasingly frequent shipments are required from small vessels, adding to transport costs and fuel prices in Zanzibar; Inefficient operations also add to transport costs and fuel prices; The potential for oil spills is too high; and Small storage capacity means that security of supply is not assured. This project therefore contemplates construction and operation of a high standard petroleum terminal, on Unguja Island, in the Bumbwini\\/Mangapwani region of approximately 380 hectares, 22 kilometres north of the existing Mtoni terminal. This will allow larger shipments and more efficient handling, thereby minimizing shipment costs. The unloading times of shippers and loading time of buyers will be reduced. Increase storage capacity and better access by vessels will improve security of supply. The project will be implemented in an environmentally sustainable manner. The risk to human life and the environment will also be reduced by re-locating the facility away from environmentally and culturally sensitive urban areas.\",\"description_services\":\"The private partner shall install sufficient storage capacity and the necessary systems to ensure that stock outs do not occur at the importation facility to reduce the cost of fuel in Zanzibar and improve energy security. The private operator will also collect revenues on a commercial basis from customers using the facility. The terminal fees of the private operator will be approved by ZURA to ensure that the monopoly position of the operator is does not lead to higher prices for consumers.\",\"reasons_ppp\":\"The proposed form of contracts are Build operate transfer (BOT) or Design, Build, Finance, Operate and Maintain (DBFOM) whereby, private partner will be responsible for financing, installation, operation and maintenance of the ZLT facility for the period specified in the agreement. The public partner will provide the exclusive right to the private partner to import petroleum products for the local market. All fuel products will be covered with the exclusion of LPG. Competition will be allowed in the LPG sector as there is already an operator in Mangapwani with advanced plans to develop a liquefied petroleum gas (LPG) importation facility under a ZIPA permit.\",\"stakeholder_consultation\":\"The primary stakeholders are the oil marketing companies (OMCs), ZURA, Zanzibar Port Corporation (ZPC), Ministry of Infrastructure, Zanzibar Maritime Authority (ZMA) and consumers. There appears to be good support for the project from the primary stakeholders. There are, however, some potentially competing private sector operations in planning that may express concerns in been displaced by ZLT.\",\"description_asset\":\"Jetty, inclusive of dolphins, loading platform and trestle, piles and foundations, and piping; the tank farm; utility and building works; and transport infrastructure.\",\"project_summary_document\":\"\",\"project_value_usd\":40,\"project_value_second\":96000,\"ppp_delivery_model_id\":2},\"old\":{\"project_id\":47,\"sponsor_id\":7,\"ocid\":\"ocds-aaaaaa-47\",\"stage_id\":3,\"project_need\":\"Zanzibar imports its bulk petroleum products (kerosene, aviation fuel, petrol and diesel) through the Mtoni terminal on Unguja Island. The terminal is located in a World Heritage buffer zone and adjoins tourism and residential areas. The Mtoni terminal no longer meets the needs of Zanzibar: It is too small to meet growing demand. Because of encroaching urban development, expansion is not possible; Shallow draughts, aggravated by silting, constrain the size of vessels that can berth. Increasingly frequent shipments are required from small vessels, adding to transport costs and fuel prices in Zanzibar; Inefficient operations also add to transport costs and fuel prices; The potential for oil spills is too high; and Small storage capacity means that security of supply is not assured. This project therefore contemplates construction and operation of a high standard petroleum terminal, on Unguja Island, in the Bumbwini\\/Mangapwani region of approximately 380 hectares, 22 kilometres north of the existing Mtoni terminal. This will allow larger shipments and more efficient handling, thereby minimizing shipment costs. The unloading times of shippers and loading time of buyers will be reduced. Increase storage capacity and better access by vessels will improve security of supply. The project will be implemented in an environmentally sustainable manner. The risk to human life and the environment will also be reduced by re-locating the facility away from environmentally and culturally sensitive urban areas.\",\"description_services\":\"The private partner shall install sufficient storage capacity and the necessary systems to ensure that stock outs do not occur at the importation facility to reduce the cost of fuel in Zanzibar and improve energy security. The private operator will also collect revenues on a commercial basis from customers using the facility. The terminal fees of the private operator will be approved by ZURA to ensure that the monopoly position of the operator is does not lead to higher prices for consumers.\",\"reasons_ppp\":\"The proposed form of contracts are Build operate transfer (BOT) or Design, Build, Finance, Operate and Maintain (DBFOM) whereby, private partner will be responsible for financing, installation, operation and maintenance of the ZLT facility for the period specified in the agreement. The public partner will provide the exclusive right to the private partner to import petroleum products for the local market. All fuel products will be covered with the exclusion of LPG. Competition will be allowed in the LPG sector as there is already an operator in Mangapwani with advanced plans to develop a liquefied petroleum gas (LPG) importation facility under a ZIPA permit.\",\"stakeholder_consultation\":\"The primary stakeholders are the oil marketing companies (OMCs), ZURA, Zanzibar Port Corporation (ZPC), Ministry of Infrastructure, Zanzibar Maritime Authority (ZMA) and consumers. There appears to be good support for the project from the primary stakeholders. There are, however, some potentially competing private sector operations in planning that may express concerns in been displaced by ZLT.\",\"description_asset\":\"Jetty, inclusive of dolphins, loading platform and trestle, piles and foundations, and piping; the tank farm; utility and building works; and transport infrastructure.\",\"project_summary_document\":\"\",\"project_value_usd\":40,\"project_value_second\":96000,\"ppp_delivery_model_id\":null}}','2020-06-25 06:36:24','2020-06-25 06:36:24');
/*!40000 ALTER TABLE `activity_log` ENABLE KEYS */;
UNLOCK TABLES;

--
-- Table structure for table `banners`
--

DROP TABLE IF EXISTS `banners`;
/*!40101 SET @saved_cs_client     = @@character_set_client */;
/*!40101 SET character_set_client = utf8 */;
CREATE TABLE `banners` (
  `id` int(10) unsigned NOT NULL AUTO_INCREMENT,
  `name` varchar(255) COLLATE utf8mb4_unicode_ci NOT NULL,
  `description` text COLLATE utf8mb4_unicode_ci NOT NULL,
  `url` varchar(255) COLLATE utf8mb4_unicode_ci NOT NULL,
  `active` tinyint(1) NOT NULL DEFAULT '0',
  `created_at` timestamp NULL DEFAULT NULL,
  `updated_at` timestamp NULL DEFAULT NULL,
  PRIMARY KEY (`id`)
) ENGINE=InnoDB DEFAULT CHARSET=utf8mb4 COLLATE=utf8mb4_unicode_ci;
/*!40101 SET character_set_client = @saved_cs_client */;

--
-- Dumping data for table `banners`
--

LOCK TABLES `banners` WRITE;
/*!40000 ALTER TABLE `banners` DISABLE KEYS */;
/*!40000 ALTER TABLE `banners` ENABLE KEYS */;
UNLOCK TABLES;

--
-- Table structure for table `configs`
--

DROP TABLE IF EXISTS `configs`;
/*!40101 SET @saved_cs_client     = @@character_set_client */;
/*!40101 SET character_set_client = utf8 */;
CREATE TABLE `configs` (
  `id` int(10) unsigned NOT NULL AUTO_INCREMENT,
  `name` varchar(255) COLLATE utf8mb4_unicode_ci NOT NULL,
  `value` text COLLATE utf8mb4_unicode_ci,
  `created_at` timestamp NULL DEFAULT NULL,
  `updated_at` timestamp NULL DEFAULT NULL,
  PRIMARY KEY (`id`)
) ENGINE=InnoDB AUTO_INCREMENT=22 DEFAULT CHARSET=utf8mb4 COLLATE=utf8mb4_unicode_ci;
/*!40101 SET character_set_client = @saved_cs_client */;

--
-- Dumping data for table `configs`
--

LOCK TABLES `configs` WRITE;
/*!40000 ALTER TABLE `configs` DISABLE KEYS */;
INSERT INTO `configs` VALUES (1,'api','0','2020-01-28 09:39:25','2020-01-28 09:39:25'),(2,'aboutppp','Zanzibar Planning Commission','2020-01-28 09:39:25','2020-01-28 09:39:25'),(3,'homepage','http://3.9.178.247/','2020-01-28 09:39:25','2020-01-28 09:39:25'),(4,'mail','info@pppnode.znz','2020-01-28 09:39:25','2020-01-28 09:39:25'),(5,'address','123 Stone Town, Zanzibar','2020-01-28 09:39:25','2020-01-28 09:39:25'),(6,'phone','+255 24 2230546','2020-01-28 09:39:25','2020-01-28 09:39:25'),(7,'linkedin','http://www.linkeind.com/','2020-01-28 09:39:25','2020-04-10 23:00:10'),(8,'facebook',NULL,'2020-01-28 09:39:25','2020-01-28 09:39:25'),(9,'twitter',NULL,'2020-01-28 09:39:25','2020-01-28 09:39:25'),(10,'instagram',NULL,'2020-01-28 09:39:25','2020-01-28 09:39:25'),(11,'aboutppp_title','About Us','2020-01-28 09:39:25','2020-01-28 09:39:25'),(12,'lang_default','en','2020-01-28 09:39:25','2020-01-28 09:39:25'),(13,'lang_updated','2020-01-28 09:39:25','2020-01-28 09:39:25','2020-01-28 09:39:25'),(14,'address_link','https://goo.gl/maps/EAkCJTi8DcXRET1n9','2020-01-28 09:39:25','2020-01-28 09:39:25'),(15,'currency','TZS','2020-01-28 09:39:25','2020-01-28 09:39:25'),(16,'coord-x','-6.1667121','2020-01-28 09:39:25','2020-01-28 09:39:25'),(17,'coord-y','39.188678','2020-01-28 09:39:25','2020-01-28 09:39:25'),(18,'institution','Zanzibar Planning Commission','2020-01-28 09:39:25','2020-01-28 09:39:25'),(19,'institution_short','ZanzibarPPP','2020-01-28 09:39:25','2020-01-28 09:39:25'),(20,'password_expiry_days','60','2020-01-28 09:39:25','2020-01-28 09:39:25'),(21,'ocid','ocds-aaaaaa','2020-01-28 09:39:25','2020-01-28 09:39:25');
/*!40000 ALTER TABLE `configs` ENABLE KEYS */;
UNLOCK TABLES;

--
-- Table structure for table `contract_milestones`
--

DROP TABLE IF EXISTS `contract_milestones`;
/*!40101 SET @saved_cs_client     = @@character_set_client */;
/*!40101 SET character_set_client = utf8 */;
CREATE TABLE `contract_milestones` (
  `id` int(10) unsigned NOT NULL AUTO_INCREMENT,
  `project_id` int(10) unsigned NOT NULL,
  `milestone_type_id` int(10) unsigned NOT NULL,
  `name` varchar(255) COLLATE utf8mb4_unicode_ci NOT NULL,
  `description` text COLLATE utf8mb4_unicode_ci,
  `date` date DEFAULT NULL,
  `draft` tinyint(1) NOT NULL DEFAULT '0',
  `requested_modification` tinyint(1) NOT NULL DEFAULT '0',
  `published` tinyint(1) NOT NULL DEFAULT '1',
  `created_at` timestamp NULL DEFAULT NULL,
  `updated_at` timestamp NULL DEFAULT NULL,
  `milestone_category_id` int(10) unsigned DEFAULT NULL,
  `deadline` date DEFAULT NULL,
  PRIMARY KEY (`id`),
  KEY `contract_milestones_project_id_index` (`project_id`),
  KEY `contract_milestones_milestone_type_id_index` (`milestone_type_id`),
  KEY `contract_milestones_milestone_category_id_foreign` (`milestone_category_id`),
  FULLTEXT KEY `contract_milestones` (`name`,`description`),
  CONSTRAINT `contract_milestones_milestone_category_id_foreign` FOREIGN KEY (`milestone_category_id`) REFERENCES `milestones_categories` (`id`),
  CONSTRAINT `contract_milestones_milestone_type_id_foreign` FOREIGN KEY (`milestone_type_id`) REFERENCES `milestones_types` (`id`),
  CONSTRAINT `contract_milestones_project_id_foreign` FOREIGN KEY (`project_id`) REFERENCES `projects` (`id`) ON DELETE CASCADE
) ENGINE=InnoDB AUTO_INCREMENT=451 DEFAULT CHARSET=utf8mb4 COLLATE=utf8mb4_unicode_ci;
/*!40101 SET character_set_client = @saved_cs_client */;

--
-- Dumping data for table `contract_milestones`
--

LOCK TABLES `contract_milestones` WRITE;
/*!40000 ALTER TABLE `contract_milestones` DISABLE KEYS */;
INSERT INTO `contract_milestones` VALUES (1,1,1,'Project proposal registered','Lorem ipsum dolor sit amet, consectetur adipiscing elit.','2016-11-29',0,0,1,NULL,NULL,NULL,NULL),(2,1,1,'Project proposal screened','Lorem ipsum dolor sit amet, consectetur adipiscing elit.','2016-05-24',0,0,1,NULL,NULL,NULL,NULL),(3,1,1,'Project proposal approved','Lorem ipsum dolor sit amet, consectetur adipiscing elit.','2015-06-02',0,0,1,NULL,NULL,NULL,NULL),(4,1,1,'Project feasibility study under development','Lorem ipsum dolor sit amet, consectetur adipiscing elit.','2015-04-14',0,0,1,NULL,NULL,NULL,NULL),(5,1,1,'Project feasibility study approved','Lorem ipsum dolor sit amet, consectetur adipiscing elit.','2014-06-03',0,0,1,NULL,NULL,NULL,NULL),(6,1,1,'Request for Prequalification (RPQ)','Lorem ipsum dolor sit amet, consectetur adipiscing elit.','2014-03-11',0,0,1,NULL,NULL,NULL,NULL),(7,1,1,'Request for Proposals (RFB)','Lorem ipsum dolor sit amet, consectetur adipiscing elit.','2013-10-22',0,0,1,NULL,NULL,NULL,NULL),(8,1,1,'Award','Lorem ipsum dolor sit amet, consectetur adipiscing elit.','2012-10-23',0,0,1,NULL,NULL,NULL,NULL),(9,1,1,'Execution of project agreement (commercial close)','Lorem ipsum dolor sit amet, consectetur adipiscing elit.','2012-08-14',0,0,1,NULL,NULL,NULL,NULL),(10,1,1,'Financial close','Lorem ipsum dolor sit amet, consectetur adipiscing elit.','2012-05-15',0,0,1,NULL,NULL,NULL,NULL),(11,1,1,'Commencement of construction or development','Lorem ipsum dolor sit amet, consectetur adipiscing elit.','2011-06-28',0,0,1,NULL,NULL,NULL,NULL),(12,1,1,'Completion of construction or development','Lorem ipsum dolor sit amet, consectetur adipiscing elit.','2011-02-01',0,0,1,NULL,NULL,NULL,NULL),(13,1,1,'Commissioning of project','Lorem ipsum dolor sit amet, consectetur adipiscing elit.','2010-06-22',0,0,1,NULL,NULL,NULL,NULL),(14,1,1,'Contract expiry','Lorem ipsum dolor sit amet, consectetur adipiscing elit.','2009-08-11',0,0,1,NULL,NULL,NULL,NULL),(15,2,1,'Project proposal registered','Lorem ipsum dolor sit amet, consectetur adipiscing elit.','2016-12-20',0,0,1,NULL,NULL,NULL,NULL),(16,2,1,'Project proposal screened','Lorem ipsum dolor sit amet, consectetur adipiscing elit.','2016-10-04',0,0,1,NULL,NULL,NULL,NULL),(17,2,1,'Project proposal approved','Lorem ipsum dolor sit amet, consectetur adipiscing elit.','2015-10-06',0,0,1,NULL,NULL,NULL,NULL),(18,2,1,'Project feasibility study under development','Lorem ipsum dolor sit amet, consectetur adipiscing elit.','2015-09-22',0,0,1,NULL,NULL,NULL,NULL),(19,2,1,'Project feasibility study approved','Lorem ipsum dolor sit amet, consectetur adipiscing elit.','2014-11-25',0,0,1,NULL,NULL,NULL,NULL),(20,2,1,'Request for Prequalification (RPQ)','Lorem ipsum dolor sit amet, consectetur adipiscing elit.','2014-10-21',0,0,1,NULL,NULL,NULL,NULL),(21,2,1,'Request for Proposals (RFB)','Lorem ipsum dolor sit amet, consectetur adipiscing elit.','2014-08-12',0,0,1,NULL,NULL,NULL,NULL),(22,2,1,'Award','Lorem ipsum dolor sit amet, consectetur adipiscing elit.','2014-05-27',0,0,1,NULL,NULL,NULL,NULL),(23,2,1,'Execution of project agreement (commercial close)','Lorem ipsum dolor sit amet, consectetur adipiscing elit.','2014-03-04',0,0,1,NULL,NULL,NULL,NULL),(24,2,1,'Financial close','Lorem ipsum dolor sit amet, consectetur adipiscing elit.','2013-12-03',0,0,1,NULL,NULL,NULL,NULL),(25,2,1,'Commencement of construction or development','Lorem ipsum dolor sit amet, consectetur adipiscing elit.','2013-11-05',0,0,1,NULL,NULL,NULL,NULL),(26,2,1,'Completion of construction or development','Lorem ipsum dolor sit amet, consectetur adipiscing elit.','2013-08-06',0,0,1,NULL,NULL,NULL,NULL),(27,2,1,'Commissioning of project','Lorem ipsum dolor sit amet, consectetur adipiscing elit.','2013-07-30',0,0,1,NULL,NULL,NULL,NULL),(28,2,1,'Contract expiry','Lorem ipsum dolor sit amet, consectetur adipiscing elit.','2012-10-09',0,0,1,NULL,NULL,NULL,NULL),(29,3,1,'Project proposal registered','Lorem ipsum dolor sit amet, consectetur adipiscing elit.','2016-03-15',0,0,1,NULL,NULL,NULL,NULL),(30,3,1,'Project proposal screened','Lorem ipsum dolor sit amet, consectetur adipiscing elit.','2015-09-01',0,0,1,NULL,NULL,NULL,NULL),(31,3,1,'Project proposal approved','Lorem ipsum dolor sit amet, consectetur adipiscing elit.','2014-12-16',0,0,1,NULL,NULL,NULL,NULL),(32,3,1,'Project feasibility study under development','Lorem ipsum dolor sit amet, consectetur adipiscing elit.','2014-09-23',0,0,1,NULL,NULL,NULL,NULL),(33,3,1,'Project feasibility study approved','Lorem ipsum dolor sit amet, consectetur adipiscing elit.','2014-01-14',0,0,1,NULL,NULL,NULL,NULL),(34,3,1,'Request for Prequalification (RPQ)','Lorem ipsum dolor sit amet, consectetur adipiscing elit.','2013-10-22',0,0,1,NULL,NULL,NULL,NULL),(35,3,1,'Request for Proposals (RFB)','Lorem ipsum dolor sit amet, consectetur adipiscing elit.','2013-01-01',0,0,1,NULL,NULL,NULL,NULL),(36,3,1,'Award','Lorem ipsum dolor sit amet, consectetur adipiscing elit.','2012-05-22',0,0,1,NULL,NULL,NULL,NULL),(37,3,1,'Execution of project agreement (commercial close)','Lorem ipsum dolor sit amet, consectetur adipiscing elit.','2012-01-10',0,0,1,NULL,NULL,NULL,NULL),(38,3,1,'Financial close','Lorem ipsum dolor sit amet, consectetur adipiscing elit.','2011-09-13',0,0,1,NULL,NULL,NULL,NULL),(39,3,1,'Commencement of construction or development','Lorem ipsum dolor sit amet, consectetur adipiscing elit.','2011-05-10',0,0,1,NULL,NULL,NULL,NULL),(40,3,1,'Completion of construction or development','Lorem ipsum dolor sit amet, consectetur adipiscing elit.','2011-02-22',0,0,1,NULL,NULL,NULL,NULL),(41,3,1,'Commissioning of project','Lorem ipsum dolor sit amet, consectetur adipiscing elit.','2010-09-07',0,0,1,NULL,NULL,NULL,NULL),(42,3,1,'Contract expiry','Lorem ipsum dolor sit amet, consectetur adipiscing elit.','2010-01-05',0,0,1,NULL,NULL,NULL,NULL),(43,4,1,'Project proposal registered','Lorem ipsum dolor sit amet, consectetur adipiscing elit.','2016-02-16',0,0,1,NULL,NULL,NULL,NULL),(44,4,1,'Project proposal screened','Lorem ipsum dolor sit amet, consectetur adipiscing elit.','2015-05-19',0,0,1,NULL,NULL,NULL,NULL),(45,4,1,'Project proposal approved','Lorem ipsum dolor sit amet, consectetur adipiscing elit.','2014-11-18',0,0,1,NULL,NULL,NULL,NULL),(46,4,1,'Project feasibility study under development','Lorem ipsum dolor sit amet, consectetur adipiscing elit.','2014-01-28',0,0,1,NULL,NULL,NULL,NULL),(47,4,1,'Project feasibility study approved','Lorem ipsum dolor sit amet, consectetur adipiscing elit.','2013-04-09',0,0,1,NULL,NULL,NULL,NULL),(48,4,1,'Request for Prequalification (RPQ)','Lorem ipsum dolor sit amet, consectetur adipiscing elit.','2012-06-19',0,0,1,NULL,NULL,NULL,NULL),(49,4,1,'Request for Proposals (RFB)','Lorem ipsum dolor sit amet, consectetur adipiscing elit.','2012-02-14',0,0,1,NULL,NULL,NULL,NULL),(50,4,1,'Award','Lorem ipsum dolor sit amet, consectetur adipiscing elit.','2011-03-22',0,0,1,NULL,NULL,NULL,NULL),(51,4,1,'Execution of project agreement (commercial close)','Lorem ipsum dolor sit amet, consectetur adipiscing elit.','2011-01-04',0,0,1,NULL,NULL,NULL,NULL),(52,4,1,'Financial close','Lorem ipsum dolor sit amet, consectetur adipiscing elit.','2010-06-01',0,0,1,NULL,NULL,NULL,NULL),(53,4,1,'Commencement of construction or development','Lorem ipsum dolor sit amet, consectetur adipiscing elit.','2009-09-01',0,0,1,NULL,NULL,NULL,NULL),(54,4,1,'Completion of construction or development','Lorem ipsum dolor sit amet, consectetur adipiscing elit.','2009-08-25',0,0,1,NULL,NULL,NULL,NULL),(55,4,1,'Commissioning of project','Lorem ipsum dolor sit amet, consectetur adipiscing elit.','2009-03-31',0,0,1,NULL,NULL,NULL,NULL),(56,4,1,'Contract expiry','Lorem ipsum dolor sit amet, consectetur adipiscing elit.','2008-09-23',0,0,1,NULL,NULL,NULL,NULL),(57,5,1,'Project proposal registered','Lorem ipsum dolor sit amet, consectetur adipiscing elit.','2016-05-31',0,0,1,NULL,NULL,NULL,NULL),(58,5,1,'Project proposal screened','Lorem ipsum dolor sit amet, consectetur adipiscing elit.','2016-02-23',0,0,1,NULL,NULL,NULL,NULL),(59,5,1,'Project proposal approved','Lorem ipsum dolor sit amet, consectetur adipiscing elit.','2015-08-11',0,0,1,NULL,NULL,NULL,NULL),(60,5,1,'Project feasibility study under development','Lorem ipsum dolor sit amet, consectetur adipiscing elit.','2015-06-30',0,0,1,NULL,NULL,NULL,NULL),(61,5,1,'Project feasibility study approved','Lorem ipsum dolor sit amet, consectetur adipiscing elit.','2014-10-21',0,0,1,NULL,NULL,NULL,NULL),(62,5,1,'Request for Prequalification (RPQ)','Lorem ipsum dolor sit amet, consectetur adipiscing elit.','2013-11-26',0,0,1,NULL,NULL,NULL,NULL),(63,5,1,'Request for Proposals (RFB)','Lorem ipsum dolor sit amet, consectetur adipiscing elit.','2013-04-16',0,0,1,NULL,NULL,NULL,NULL),(64,5,1,'Award','Lorem ipsum dolor sit amet, consectetur adipiscing elit.','2013-01-15',0,0,1,NULL,NULL,NULL,NULL),(65,5,1,'Execution of project agreement (commercial close)','Lorem ipsum dolor sit amet, consectetur adipiscing elit.','2012-12-25',0,0,1,NULL,NULL,NULL,NULL),(66,5,1,'Financial close','Lorem ipsum dolor sit amet, consectetur adipiscing elit.','2012-07-17',0,0,1,NULL,NULL,NULL,NULL),(67,5,1,'Commencement of construction or development','Lorem ipsum dolor sit amet, consectetur adipiscing elit.','2011-11-29',0,0,1,NULL,NULL,NULL,NULL),(68,5,1,'Completion of construction or development','Lorem ipsum dolor sit amet, consectetur adipiscing elit.','2011-06-28',0,0,1,NULL,NULL,NULL,NULL),(69,5,1,'Commissioning of project','Lorem ipsum dolor sit amet, consectetur adipiscing elit.','2011-01-25',0,0,1,NULL,NULL,NULL,NULL),(70,5,1,'Contract expiry','Lorem ipsum dolor sit amet, consectetur adipiscing elit.','2010-07-20',0,0,1,NULL,NULL,NULL,NULL),(71,6,1,'Project proposal registered','Lorem ipsum dolor sit amet, consectetur adipiscing elit.','2016-07-05',0,0,1,NULL,NULL,NULL,NULL),(72,6,1,'Project proposal screened','Lorem ipsum dolor sit amet, consectetur adipiscing elit.','2016-05-24',0,0,1,NULL,NULL,NULL,NULL),(73,6,1,'Project proposal approved','Lorem ipsum dolor sit amet, consectetur adipiscing elit.','2015-06-16',0,0,1,NULL,NULL,NULL,NULL),(74,6,1,'Project feasibility study under development','Lorem ipsum dolor sit amet, consectetur adipiscing elit.','2014-06-17',0,0,1,NULL,NULL,NULL,NULL),(75,6,1,'Project feasibility study approved','Lorem ipsum dolor sit amet, consectetur adipiscing elit.','2014-01-14',0,0,1,NULL,NULL,NULL,NULL),(76,6,1,'Request for Prequalification (RPQ)','Lorem ipsum dolor sit amet, consectetur adipiscing elit.','2013-10-08',0,0,1,NULL,NULL,NULL,NULL),(77,6,1,'Request for Proposals (RFB)','Lorem ipsum dolor sit amet, consectetur adipiscing elit.','2013-09-03',0,0,1,NULL,NULL,NULL,NULL),(78,6,1,'Award','Lorem ipsum dolor sit amet, consectetur adipiscing elit.','2013-06-11',0,0,1,NULL,NULL,NULL,NULL),(79,6,1,'Execution of project agreement (commercial close)','Lorem ipsum dolor sit amet, consectetur adipiscing elit.','2012-07-10',0,0,1,NULL,NULL,NULL,NULL),(80,6,1,'Financial close','Lorem ipsum dolor sit amet, consectetur adipiscing elit.','2012-04-03',0,0,1,NULL,NULL,NULL,NULL),(81,6,1,'Commencement of construction or development','Lorem ipsum dolor sit amet, consectetur adipiscing elit.','2012-01-31',0,0,1,NULL,NULL,NULL,NULL),(82,6,1,'Completion of construction or development','Lorem ipsum dolor sit amet, consectetur adipiscing elit.','2011-02-22',0,0,1,NULL,NULL,NULL,NULL),(83,6,1,'Commissioning of project','Lorem ipsum dolor sit amet, consectetur adipiscing elit.','2010-03-16',0,0,1,NULL,NULL,NULL,NULL),(84,6,1,'Contract expiry','Lorem ipsum dolor sit amet, consectetur adipiscing elit.','2009-05-19',0,0,1,NULL,NULL,NULL,NULL),(85,7,1,'Project proposal registered','Lorem ipsum dolor sit amet, consectetur adipiscing elit.','2016-02-09',0,0,1,NULL,NULL,NULL,NULL),(86,7,1,'Project proposal screened','Lorem ipsum dolor sit amet, consectetur adipiscing elit.','2015-10-20',0,0,1,NULL,NULL,NULL,NULL),(87,7,1,'Project proposal approved','Lorem ipsum dolor sit amet, consectetur adipiscing elit.','2015-01-20',0,0,1,NULL,NULL,NULL,NULL),(88,7,1,'Project feasibility study under development','Lorem ipsum dolor sit amet, consectetur adipiscing elit.','2014-11-18',0,0,1,NULL,NULL,NULL,NULL),(89,7,1,'Project feasibility study approved','Lorem ipsum dolor sit amet, consectetur adipiscing elit.','2014-02-18',0,0,1,NULL,NULL,NULL,NULL),(90,7,1,'Request for Prequalification (RPQ)','Lorem ipsum dolor sit amet, consectetur adipiscing elit.','2013-09-10',0,0,1,NULL,NULL,NULL,NULL),(91,7,1,'Request for Proposals (RFB)','Lorem ipsum dolor sit amet, consectetur adipiscing elit.','2012-12-11',0,0,1,NULL,NULL,NULL,NULL),(92,7,1,'Award','Lorem ipsum dolor sit amet, consectetur adipiscing elit.','2012-01-24',0,0,1,NULL,NULL,NULL,NULL),(93,7,1,'Execution of project agreement (commercial close)','Lorem ipsum dolor sit amet, consectetur adipiscing elit.','2012-01-03',0,0,1,NULL,NULL,NULL,NULL),(94,7,1,'Financial close','Lorem ipsum dolor sit amet, consectetur adipiscing elit.','2011-08-09',0,0,1,NULL,NULL,NULL,NULL),(95,7,1,'Commencement of construction or development','Lorem ipsum dolor sit amet, consectetur adipiscing elit.','2010-11-09',0,0,1,NULL,NULL,NULL,NULL),(96,7,1,'Completion of construction or development','Lorem ipsum dolor sit amet, consectetur adipiscing elit.','2010-07-20',0,0,1,NULL,NULL,NULL,NULL),(97,7,1,'Commissioning of project','Lorem ipsum dolor sit amet, consectetur adipiscing elit.','2010-04-06',0,0,1,NULL,NULL,NULL,NULL),(98,7,1,'Contract expiry','Lorem ipsum dolor sit amet, consectetur adipiscing elit.','2010-03-30',0,0,1,NULL,NULL,NULL,NULL),(99,8,1,'Project proposal registered','Lorem ipsum dolor sit amet, consectetur adipiscing elit.','2016-06-14',0,0,1,NULL,NULL,NULL,NULL),(100,8,1,'Project proposal screened','Lorem ipsum dolor sit amet, consectetur adipiscing elit.','2016-03-15',0,0,1,NULL,NULL,NULL,NULL),(101,8,1,'Project proposal approved','Lorem ipsum dolor sit amet, consectetur adipiscing elit.','2016-01-26',0,0,1,NULL,NULL,NULL,NULL),(102,8,1,'Project feasibility study under development','Lorem ipsum dolor sit amet, consectetur adipiscing elit.','2015-11-03',0,0,1,NULL,NULL,NULL,NULL),(103,8,1,'Project feasibility study approved','Lorem ipsum dolor sit amet, consectetur adipiscing elit.','2015-07-21',0,0,1,NULL,NULL,NULL,NULL),(104,8,1,'Request for Prequalification (RPQ)','Lorem ipsum dolor sit amet, consectetur adipiscing elit.','2014-11-25',0,0,1,NULL,NULL,NULL,NULL),(105,8,1,'Request for Proposals (RFB)','Lorem ipsum dolor sit amet, consectetur adipiscing elit.','2014-04-29',0,0,1,NULL,NULL,NULL,NULL),(106,8,1,'Award','Lorem ipsum dolor sit amet, consectetur adipiscing elit.','2013-10-15',0,0,1,NULL,NULL,NULL,NULL),(107,8,1,'Execution of project agreement (commercial close)','Lorem ipsum dolor sit amet, consectetur adipiscing elit.','2013-04-09',0,0,1,NULL,NULL,NULL,NULL),(108,8,1,'Financial close','Lorem ipsum dolor sit amet, consectetur adipiscing elit.','2012-09-04',0,0,1,NULL,NULL,NULL,NULL),(109,8,1,'Commencement of construction or development','Lorem ipsum dolor sit amet, consectetur adipiscing elit.','2011-11-15',0,0,1,NULL,NULL,NULL,NULL),(110,8,1,'Completion of construction or development','Lorem ipsum dolor sit amet, consectetur adipiscing elit.','2010-12-21',0,0,1,NULL,NULL,NULL,NULL),(111,8,1,'Commissioning of project','Lorem ipsum dolor sit amet, consectetur adipiscing elit.','2010-11-16',0,0,1,NULL,NULL,NULL,NULL),(112,8,1,'Contract expiry','Lorem ipsum dolor sit amet, consectetur adipiscing elit.','2010-03-23',0,0,1,NULL,NULL,NULL,NULL),(113,9,1,'Project proposal registered','Lorem ipsum dolor sit amet, consectetur adipiscing elit.','2016-02-09',0,0,1,NULL,NULL,NULL,NULL),(114,9,1,'Project proposal screened','Lorem ipsum dolor sit amet, consectetur adipiscing elit.','2015-03-31',0,0,1,NULL,NULL,NULL,NULL),(115,9,1,'Project proposal approved','Lorem ipsum dolor sit amet, consectetur adipiscing elit.','2014-08-26',0,0,1,NULL,NULL,NULL,NULL),(116,9,1,'Project feasibility study under development','Lorem ipsum dolor sit amet, consectetur adipiscing elit.','2013-10-29',0,0,1,NULL,NULL,NULL,NULL),(117,9,1,'Project feasibility study approved','Lorem ipsum dolor sit amet, consectetur adipiscing elit.','2013-10-01',0,0,1,NULL,NULL,NULL,NULL),(118,9,1,'Request for Prequalification (RPQ)','Lorem ipsum dolor sit amet, consectetur adipiscing elit.','2012-11-06',0,0,1,NULL,NULL,NULL,NULL),(119,9,1,'Request for Proposals (RFB)','Lorem ipsum dolor sit amet, consectetur adipiscing elit.','2012-02-14',0,0,1,NULL,NULL,NULL,NULL),(120,9,1,'Award','Lorem ipsum dolor sit amet, consectetur adipiscing elit.','2011-08-02',0,0,1,NULL,NULL,NULL,NULL),(121,9,1,'Execution of project agreement (commercial close)','Lorem ipsum dolor sit amet, consectetur adipiscing elit.','2010-11-02',0,0,1,NULL,NULL,NULL,NULL),(122,9,1,'Financial close','Lorem ipsum dolor sit amet, consectetur adipiscing elit.','2009-11-10',0,0,1,NULL,NULL,NULL,NULL),(123,9,1,'Commencement of construction or development','Lorem ipsum dolor sit amet, consectetur adipiscing elit.','2009-04-28',0,0,1,NULL,NULL,NULL,NULL),(124,9,1,'Completion of construction or development','Lorem ipsum dolor sit amet, consectetur adipiscing elit.','2008-12-30',0,0,1,NULL,NULL,NULL,NULL),(125,9,1,'Commissioning of project','Lorem ipsum dolor sit amet, consectetur adipiscing elit.','2008-04-15',0,0,1,NULL,NULL,NULL,NULL),(126,9,1,'Contract expiry','Lorem ipsum dolor sit amet, consectetur adipiscing elit.','2007-09-04',0,0,1,NULL,NULL,NULL,NULL),(127,32,2,'Project proposal received','Lorem ipsum dolor sit amet, consectetur adipiscing elit.','2016-06-21',0,0,1,NULL,'2020-06-17 22:40:10',NULL,NULL),(128,32,2,'Project proposal screened','Lorem ipsum dolor sit amet, consectetur adipiscing elit.','2016-06-21',0,0,1,NULL,NULL,NULL,NULL),(129,32,2,'Project proposal enters list of published projects pipeline','Lorem ipsum dolor sit amet, consectetur adipiscing elit.','2016-05-24',0,0,1,NULL,NULL,NULL,NULL),(130,32,2,'Transaction Advisors appointed','Lorem ipsum dolor sit amet, consectetur adipiscing elit.','2016-04-05',0,0,1,NULL,NULL,NULL,NULL),(131,32,2,'Project feasibility study approved','Lorem ipsum dolor sit amet, consectetur adipiscing elit.','2015-11-03',0,0,1,NULL,NULL,NULL,NULL),(132,32,2,'OBC compliance certificate issued','Lorem ipsum dolor sit amet, consectetur adipiscing elit.','2015-03-17',0,0,1,NULL,NULL,NULL,NULL),(133,32,2,'FEC approval for OBC','Lorem ipsum dolor sit amet, consectetur adipiscing elit.','2014-07-15',0,0,1,NULL,NULL,NULL,NULL),(134,32,2,'EOI','Lorem ipsum dolor sit amet, consectetur adipiscing elit.','2013-10-08',0,0,1,NULL,NULL,NULL,NULL),(135,32,2,'RFP','Lorem ipsum dolor sit amet, consectetur adipiscing elit.','2013-06-11',0,0,1,NULL,NULL,NULL,NULL),(136,32,2,'Selection of preferred bidder','Lorem ipsum dolor sit amet, consectetur adipiscing elit.','2013-02-26',0,0,1,NULL,NULL,NULL,NULL),(137,32,2,'FBC compliance certificate issued','Lorem ipsum dolor sit amet, consectetur adipiscing elit.','2012-12-11',0,0,1,NULL,NULL,NULL,NULL),(138,32,2,'FEC approval for FBC','Lorem ipsum dolor sit amet, consectetur adipiscing elit.','2012-03-27',0,0,1,NULL,NULL,NULL,NULL),(139,32,2,'Commercial close','Lorem ipsum dolor sit amet, consectetur adipiscing elit.','2011-11-22',0,0,1,NULL,NULL,NULL,NULL),(140,32,2,'Financial close','Lorem ipsum dolor sit amet, consectetur adipiscing elit.','2011-08-02',0,0,1,NULL,NULL,NULL,NULL),(141,32,2,'Beginning of construction or development','Lorem ipsum dolor sit amet, consectetur adipiscing elit.','2010-09-07',0,0,1,NULL,NULL,NULL,NULL),(142,32,2,'Completion of construction or development','Lorem ipsum dolor sit amet, consectetur adipiscing elit.','2009-10-20',0,0,1,NULL,NULL,NULL,NULL),(143,32,2,'Commissioning of project','Lorem ipsum dolor sit amet, consectetur adipiscing elit.','2009-09-01',0,0,1,NULL,NULL,NULL,NULL),(144,32,2,'Expiry of contract','Lorem ipsum dolor sit amet, consectetur adipiscing elit.','2009-01-27',0,0,1,NULL,NULL,NULL,NULL),(145,33,2,'Project proposal received','Lorem ipsum dolor sit amet, consectetur adipiscing elit.','2016-06-21',0,0,1,NULL,NULL,NULL,NULL),(146,33,2,'Project proposal screened','Lorem ipsum dolor sit amet, consectetur adipiscing elit.','2016-06-21',0,0,1,NULL,NULL,NULL,NULL),(147,33,2,'Project proposal enters list of published projects pipeline','Lorem ipsum dolor sit amet, consectetur adipiscing elit.','2016-05-24',0,0,1,NULL,NULL,NULL,NULL),(148,33,2,'Transaction Advisors appointed','Lorem ipsum dolor sit amet, consectetur adipiscing elit.','2016-04-05',0,0,1,NULL,NULL,NULL,NULL),(149,33,2,'Project feasibility study approved','Lorem ipsum dolor sit amet, consectetur adipiscing elit.','2015-11-03',0,0,1,NULL,NULL,NULL,NULL),(150,33,2,'OBC compliance certificate issued','Lorem ipsum dolor sit amet, consectetur adipiscing elit.','2015-03-17',0,0,1,NULL,NULL,NULL,NULL),(151,33,2,'FEC approval for OBC','Lorem ipsum dolor sit amet, consectetur adipiscing elit.','2014-07-15',0,0,1,NULL,NULL,NULL,NULL),(152,33,2,'EOI','Lorem ipsum dolor sit amet, consectetur adipiscing elit.','2013-10-08',0,0,1,NULL,NULL,NULL,NULL),(153,33,2,'RFP','Lorem ipsum dolor sit amet, consectetur adipiscing elit.','2013-06-11',0,0,1,NULL,NULL,NULL,NULL),(154,33,2,'Selection of preferred bidder','Lorem ipsum dolor sit amet, consectetur adipiscing elit.','2013-02-26',0,0,1,NULL,NULL,NULL,NULL),(155,33,2,'FBC compliance certificate issued','Lorem ipsum dolor sit amet, consectetur adipiscing elit.','2012-12-11',0,0,1,NULL,NULL,NULL,NULL),(156,33,2,'FEC approval for FBC','Lorem ipsum dolor sit amet, consectetur adipiscing elit.','2012-03-27',0,0,1,NULL,NULL,NULL,NULL),(157,33,2,'Commercial close','Lorem ipsum dolor sit amet, consectetur adipiscing elit.','2011-11-22',0,0,1,NULL,NULL,NULL,NULL),(158,33,2,'Financial close','Lorem ipsum dolor sit amet, consectetur adipiscing elit.','2011-08-02',0,0,1,NULL,NULL,NULL,NULL),(159,33,2,'Beginning of construction or development','Lorem ipsum dolor sit amet, consectetur adipiscing elit.','2010-09-07',0,0,1,NULL,NULL,NULL,NULL),(160,33,2,'Completion of construction or development','Lorem ipsum dolor sit amet, consectetur adipiscing elit.','2009-10-20',0,0,1,NULL,NULL,NULL,NULL),(161,33,2,'Commissioning of project','Lorem ipsum dolor sit amet, consectetur adipiscing elit.','2009-09-01',0,0,1,NULL,NULL,NULL,NULL),(162,33,2,'Expiry of contract','Lorem ipsum dolor sit amet, consectetur adipiscing elit.','2009-01-27',0,0,1,NULL,NULL,NULL,NULL),(163,34,2,'Project proposal received','Lorem ipsum dolor sit amet, consectetur adipiscing elit.','2016-06-21',0,0,1,NULL,NULL,NULL,NULL),(164,34,2,'Project proposal screened','Lorem ipsum dolor sit amet, consectetur adipiscing elit.','2016-06-21',0,0,1,NULL,NULL,NULL,NULL),(165,34,2,'Project proposal enters list of published projects pipeline','Lorem ipsum dolor sit amet, consectetur adipiscing elit.','2016-05-24',0,0,1,NULL,NULL,NULL,NULL),(166,34,2,'Transaction Advisors appointed','Lorem ipsum dolor sit amet, consectetur adipiscing elit.','2016-04-05',0,0,1,NULL,NULL,NULL,NULL),(167,34,2,'Project feasibility study approved','Lorem ipsum dolor sit amet, consectetur adipiscing elit.','2015-11-03',0,0,1,NULL,NULL,NULL,NULL),(168,34,2,'OBC compliance certificate issued','Lorem ipsum dolor sit amet, consectetur adipiscing elit.','2015-03-17',0,0,1,NULL,NULL,NULL,NULL),(169,34,2,'FEC approval for OBC','Lorem ipsum dolor sit amet, consectetur adipiscing elit.','2014-07-15',0,0,1,NULL,NULL,NULL,NULL),(170,34,2,'EOI','Lorem ipsum dolor sit amet, consectetur adipiscing elit.','2013-10-08',0,0,1,NULL,NULL,NULL,NULL),(171,34,2,'RFP','Lorem ipsum dolor sit amet, consectetur adipiscing elit.','2013-06-11',0,0,1,NULL,NULL,NULL,NULL),(172,34,2,'Selection of preferred bidder','Lorem ipsum dolor sit amet, consectetur adipiscing elit.','2013-02-26',0,0,1,NULL,NULL,NULL,NULL),(173,34,2,'FBC compliance certificate issued','Lorem ipsum dolor sit amet, consectetur adipiscing elit.','2012-12-11',0,0,1,NULL,NULL,NULL,NULL),(174,34,2,'FEC approval for FBC','Lorem ipsum dolor sit amet, consectetur adipiscing elit.','2012-03-27',0,0,1,NULL,NULL,NULL,NULL),(175,34,2,'Commercial close','Lorem ipsum dolor sit amet, consectetur adipiscing elit.','2011-11-22',0,0,1,NULL,NULL,NULL,NULL),(176,34,2,'Financial close','Lorem ipsum dolor sit amet, consectetur adipiscing elit.','2011-08-02',0,0,1,NULL,NULL,NULL,NULL),(177,34,2,'Beginning of construction or development','Lorem ipsum dolor sit amet, consectetur adipiscing elit.','2010-09-07',0,0,1,NULL,NULL,NULL,NULL),(178,34,2,'Completion of construction or development','Lorem ipsum dolor sit amet, consectetur adipiscing elit.','2009-10-20',0,0,1,NULL,NULL,NULL,NULL),(179,34,2,'Commissioning of project','Lorem ipsum dolor sit amet, consectetur adipiscing elit.','2009-09-01',0,0,1,NULL,NULL,NULL,NULL),(180,34,2,'Expiry of contract','Lorem ipsum dolor sit amet, consectetur adipiscing elit.','2009-01-27',0,0,1,NULL,NULL,NULL,NULL),(208,36,2,'Project proposal received',NULL,'2016-06-21',0,0,1,NULL,NULL,2,NULL),(209,36,2,'Project proposal screened',NULL,'2016-06-21',0,0,1,NULL,NULL,5,NULL),(210,36,2,'Project proposal enters list of published projects pipeline',NULL,'2016-05-24',0,0,1,NULL,NULL,2,NULL),(211,36,2,'Transaction Advisors appointed',NULL,'2016-04-05',0,0,1,NULL,NULL,5,NULL),(212,36,2,'Project feasibility study approved',NULL,'2015-11-03',0,0,1,NULL,NULL,2,NULL),(213,36,2,'OBC compliance certificate issued',NULL,'2015-03-17',0,0,1,NULL,NULL,5,NULL),(214,36,2,'FEC approval for OBC',NULL,'2014-07-15',0,0,1,NULL,NULL,2,NULL),(215,36,2,'EOI',NULL,'2013-10-08',0,0,1,NULL,NULL,5,NULL),(216,36,2,'RFP',NULL,'2013-06-11',0,0,1,NULL,NULL,2,NULL),(217,36,2,'Selection of preferred bidder',NULL,'2013-02-26',0,0,1,NULL,NULL,5,NULL),(218,36,2,'FBC compliance certificate issued',NULL,'2012-12-11',0,0,1,NULL,NULL,2,NULL),(219,36,2,'FEC approval for FBC',NULL,'2012-03-27',0,0,1,NULL,NULL,5,NULL),(220,36,2,'Commercial close',NULL,'2011-11-22',0,0,1,NULL,NULL,2,NULL),(221,36,2,'Financial close',NULL,'2011-08-02',0,0,1,NULL,NULL,5,NULL),(222,36,2,'Beginning of construction or development',NULL,'2010-09-07',0,0,1,NULL,NULL,2,NULL),(223,36,2,'Completion of construction or development',NULL,'2009-10-20',0,0,1,NULL,NULL,5,NULL),(224,36,2,'Commissioning of project',NULL,'2009-09-01',0,0,1,NULL,NULL,2,NULL),(225,36,2,'Expiry of contract',NULL,'2009-01-27',0,0,1,NULL,NULL,5,NULL),(226,36,2,'LOREM',NULL,'2016-06-21',0,0,1,NULL,NULL,2,NULL),(227,36,2,'IPSUM',NULL,'2016-06-21',0,0,1,NULL,NULL,5,NULL),(228,36,2,'LOREM',NULL,'2016-05-24',0,0,1,NULL,NULL,2,NULL),(229,36,2,'LOREM',NULL,'2016-04-05',0,0,1,NULL,NULL,5,NULL),(230,36,2,'IPSUM',NULL,'2015-11-03',0,0,1,NULL,NULL,2,NULL),(231,36,2,'LOREM',NULL,'2015-03-17',0,0,1,NULL,NULL,5,NULL),(232,36,2,'IPSUM',NULL,'2014-07-15',0,0,1,NULL,NULL,2,NULL),(233,36,2,'LOREM',NULL,'2013-10-08',0,0,1,NULL,NULL,5,NULL),(234,36,2,'IPSUM',NULL,'2013-06-11',0,0,1,NULL,NULL,2,NULL),(235,37,2,'Project proposal received',NULL,'2016-06-21',0,0,1,NULL,NULL,2,NULL),(236,37,2,'Project proposal screened',NULL,'2016-06-21',0,0,1,NULL,NULL,5,NULL),(237,37,2,'Project proposal enters list of published projects pipeline',NULL,'2016-05-24',0,0,1,NULL,NULL,2,NULL),(238,37,2,'Transaction Advisors appointed',NULL,'2016-04-05',0,0,1,NULL,NULL,5,NULL),(239,37,2,'Project feasibility study approved',NULL,'2015-11-03',0,0,1,NULL,NULL,2,NULL),(240,37,2,'OBC compliance certificate issued',NULL,'2015-03-17',0,0,1,NULL,NULL,5,NULL),(241,37,2,'FEC approval for OBC',NULL,'2014-07-15',0,0,1,NULL,NULL,2,NULL),(242,37,2,'EOI',NULL,'2013-10-08',0,0,1,NULL,NULL,5,NULL),(243,37,2,'RFP',NULL,'2013-06-11',0,0,1,NULL,NULL,2,NULL),(244,37,2,'Selection of preferred bidder',NULL,'2013-02-26',0,0,1,NULL,NULL,5,NULL),(245,37,2,'FBC compliance certificate issued',NULL,'2012-12-11',0,0,1,NULL,NULL,2,NULL),(246,37,2,'FEC approval for FBC',NULL,'2012-03-27',0,0,1,NULL,NULL,5,NULL),(247,37,2,'Commercial close',NULL,'2011-11-22',0,0,1,NULL,NULL,2,NULL),(248,37,2,'Financial close',NULL,'2011-08-02',0,0,1,NULL,NULL,5,NULL),(249,37,2,'Beginning of construction or development',NULL,'2010-09-07',0,0,1,NULL,NULL,2,NULL),(250,37,2,'Completion of construction or development',NULL,'2009-10-20',0,0,1,NULL,NULL,5,NULL),(251,37,2,'Commissioning of project',NULL,'2009-09-01',0,0,1,NULL,NULL,2,NULL),(252,37,2,'Expiry of contract',NULL,'2009-01-27',0,0,1,NULL,NULL,5,NULL),(253,37,2,'LOREM',NULL,'2016-06-21',0,0,1,NULL,NULL,2,NULL),(254,37,2,'IPSUM',NULL,'2016-06-21',0,0,1,NULL,NULL,5,NULL),(255,37,2,'LOREM',NULL,'2016-05-24',0,0,1,NULL,NULL,2,NULL),(256,37,2,'LOREM',NULL,'2016-04-05',0,0,1,NULL,NULL,5,NULL),(257,37,2,'IPSUM',NULL,'2015-11-03',0,0,1,NULL,NULL,2,NULL),(258,37,2,'LOREM',NULL,'2015-03-17',0,0,1,NULL,NULL,5,NULL),(259,37,2,'IPSUM',NULL,'2014-07-15',0,0,1,NULL,NULL,2,NULL),(260,37,2,'LOREM',NULL,'2013-10-08',0,0,1,NULL,NULL,5,NULL),(261,37,2,'IPSUM',NULL,'2013-06-11',0,0,1,NULL,NULL,2,NULL),(262,38,2,'Project proposal received','Lorem ipsum dolor sit amet, consectetur adipiscing elit.','2016-06-21',0,0,1,NULL,NULL,NULL,NULL),(263,38,2,'Project proposal screened','Lorem ipsum dolor sit amet, consectetur adipiscing elit.','2016-06-21',0,0,1,NULL,NULL,NULL,NULL),(264,38,2,'Project proposal enters list of published projects pipeline','Lorem ipsum dolor sit amet, consectetur adipiscing elit.','2016-05-24',0,0,1,NULL,NULL,NULL,NULL),(265,38,2,'Transaction Advisors appointed','Lorem ipsum dolor sit amet, consectetur adipiscing elit.','2016-04-05',0,0,1,NULL,NULL,NULL,NULL),(266,38,2,'Project feasibility study approved','Lorem ipsum dolor sit amet, consectetur adipiscing elit.','2015-11-03',0,0,1,NULL,NULL,NULL,NULL),(267,38,2,'OBC compliance certificate issued','Lorem ipsum dolor sit amet, consectetur adipiscing elit.','2015-03-17',0,0,1,NULL,NULL,NULL,NULL),(268,38,2,'FEC approval for OBC','Lorem ipsum dolor sit amet, consectetur adipiscing elit.','2014-07-15',0,0,1,NULL,NULL,NULL,NULL),(269,38,2,'EOI','Lorem ipsum dolor sit amet, consectetur adipiscing elit.','2013-10-08',0,0,1,NULL,NULL,NULL,NULL),(270,38,2,'RFP','Lorem ipsum dolor sit amet, consectetur adipiscing elit.','2013-06-11',0,0,1,NULL,NULL,NULL,NULL),(271,38,2,'Selection of preferred bidder','Lorem ipsum dolor sit amet, consectetur adipiscing elit.','2013-02-26',0,0,1,NULL,NULL,NULL,NULL),(272,38,2,'FBC compliance certificate issued','Lorem ipsum dolor sit amet, consectetur adipiscing elit.','2012-12-11',0,0,1,NULL,NULL,NULL,NULL),(273,38,2,'FEC approval for FBC','Lorem ipsum dolor sit amet, consectetur adipiscing elit.','2012-03-27',0,0,1,NULL,NULL,NULL,NULL),(274,38,2,'Commercial close','Lorem ipsum dolor sit amet, consectetur adipiscing elit.','2011-11-22',0,0,1,NULL,NULL,NULL,NULL),(275,38,2,'Financial close','Lorem ipsum dolor sit amet, consectetur adipiscing elit.','2011-08-02',0,0,1,NULL,NULL,NULL,NULL),(276,38,2,'Beginning of construction or development','Lorem ipsum dolor sit amet, consectetur adipiscing elit.','2010-09-07',0,0,1,NULL,NULL,NULL,NULL),(277,38,2,'Completion of construction or development','Lorem ipsum dolor sit amet, consectetur adipiscing elit.','2009-10-20',0,0,1,NULL,NULL,NULL,NULL),(278,38,2,'Commissioning of project','Lorem ipsum dolor sit amet, consectetur adipiscing elit.','2009-09-01',0,0,1,NULL,NULL,NULL,NULL),(279,38,2,'Expiry of contract','Lorem ipsum dolor sit amet, consectetur adipiscing elit.','2009-01-27',0,0,1,NULL,NULL,NULL,NULL),(280,39,2,'Project proposal received',NULL,'2016-06-21',0,0,1,NULL,NULL,2,NULL),(281,39,2,'Project proposal screened',NULL,'2016-06-21',0,0,1,NULL,NULL,5,NULL),(282,39,2,'Project proposal enters list of published projects pipeline',NULL,'2016-05-24',0,0,1,NULL,NULL,2,NULL),(283,39,2,'Transaction Advisors appointed',NULL,'2016-04-05',0,0,1,NULL,NULL,5,NULL),(284,39,2,'Project feasibility study approved',NULL,'2015-11-03',0,0,1,NULL,NULL,2,NULL),(285,39,2,'OBC compliance certificate issued',NULL,'2015-03-17',0,0,1,NULL,NULL,5,NULL),(286,39,2,'FEC approval for OBC',NULL,'2014-07-15',0,0,1,NULL,NULL,2,NULL),(287,39,2,'EOI',NULL,'2013-10-08',0,0,1,NULL,NULL,5,NULL),(288,39,2,'RFP',NULL,'2013-06-11',0,0,1,NULL,NULL,2,NULL),(289,39,2,'Selection of preferred bidder',NULL,'2013-02-26',0,0,1,NULL,NULL,5,NULL),(290,39,2,'FBC compliance certificate issued',NULL,'2012-12-11',0,0,1,NULL,NULL,2,NULL),(291,39,2,'FEC approval for FBC',NULL,'2012-03-27',0,0,1,NULL,NULL,5,NULL),(292,39,2,'Commercial close',NULL,'2011-11-22',0,0,1,NULL,NULL,2,NULL),(293,39,2,'Financial close',NULL,'2011-08-02',0,0,1,NULL,NULL,5,NULL),(294,39,2,'Beginning of construction or development',NULL,'2010-09-07',0,0,1,NULL,NULL,2,NULL),(295,39,2,'Completion of construction or development',NULL,'2009-10-20',0,0,1,NULL,NULL,5,NULL),(296,39,2,'Commissioning of project',NULL,'2009-09-01',0,0,1,NULL,NULL,2,NULL),(297,39,2,'Expiry of contract',NULL,'2009-01-27',0,0,1,NULL,NULL,5,NULL),(298,39,2,'LOREM',NULL,'2016-06-21',0,0,1,NULL,NULL,2,NULL),(299,39,2,'IPSUM',NULL,'2016-06-21',0,0,1,NULL,NULL,5,NULL),(300,39,2,'LOREM',NULL,'2016-05-24',0,0,1,NULL,NULL,2,NULL),(301,39,2,'LOREM',NULL,'2016-04-05',0,0,1,NULL,NULL,5,NULL),(302,39,2,'IPSUM',NULL,'2015-11-03',0,0,1,NULL,NULL,2,NULL),(303,39,2,'LOREM',NULL,'2015-03-17',0,0,1,NULL,NULL,5,NULL),(304,39,2,'IPSUM',NULL,'2014-07-15',0,0,1,NULL,NULL,2,NULL),(305,39,2,'LOREM',NULL,'2013-10-08',0,0,1,NULL,NULL,5,NULL),(306,39,2,'IPSUM',NULL,'2013-06-11',0,0,1,NULL,NULL,2,NULL),(307,40,2,'Project proposal received','Lorem ipsum dolor sit amet, consectetur adipiscing elit.','2016-06-21',0,0,1,NULL,NULL,NULL,NULL),(308,40,2,'Project proposal screened','Lorem ipsum dolor sit amet, consectetur adipiscing elit.','2016-06-21',0,0,1,NULL,NULL,NULL,NULL),(309,40,2,'Project proposal enters list of published projects pipeline','Lorem ipsum dolor sit amet, consectetur adipiscing elit.','2016-05-24',0,0,1,NULL,NULL,NULL,NULL),(310,40,2,'Transaction Advisors appointed','Lorem ipsum dolor sit amet, consectetur adipiscing elit.','2016-04-05',0,0,1,NULL,NULL,NULL,NULL),(311,40,2,'Project feasibility study approved','Lorem ipsum dolor sit amet, consectetur adipiscing elit.','2015-11-03',0,0,1,NULL,NULL,NULL,NULL),(312,40,2,'OBC compliance certificate issued','Lorem ipsum dolor sit amet, consectetur adipiscing elit.','2015-03-17',0,0,1,NULL,NULL,NULL,NULL),(313,40,2,'FEC approval for OBC','Lorem ipsum dolor sit amet, consectetur adipiscing elit.','2014-07-15',0,0,1,NULL,NULL,NULL,NULL),(314,40,2,'EOI','Lorem ipsum dolor sit amet, consectetur adipiscing elit.','2013-10-08',0,0,1,NULL,NULL,NULL,NULL),(315,40,2,'RFP','Lorem ipsum dolor sit amet, consectetur adipiscing elit.','2013-06-11',0,0,1,NULL,NULL,NULL,NULL),(316,40,2,'Selection of preferred bidder','Lorem ipsum dolor sit amet, consectetur adipiscing elit.','2013-02-26',0,0,1,NULL,NULL,NULL,NULL),(317,40,2,'FBC compliance certificate issued','Lorem ipsum dolor sit amet, consectetur adipiscing elit.','2012-12-11',0,0,1,NULL,NULL,NULL,NULL),(318,40,2,'FEC approval for FBC','Lorem ipsum dolor sit amet, consectetur adipiscing elit.','2012-03-27',0,0,1,NULL,NULL,NULL,NULL),(319,40,2,'Commercial close','Lorem ipsum dolor sit amet, consectetur adipiscing elit.','2011-11-22',0,0,1,NULL,NULL,NULL,NULL),(320,40,2,'Financial close','Lorem ipsum dolor sit amet, consectetur adipiscing elit.','2011-08-02',0,0,1,NULL,NULL,NULL,NULL),(321,40,2,'Beginning of construction or development','Lorem ipsum dolor sit amet, consectetur adipiscing elit.','2010-09-07',0,0,1,NULL,NULL,NULL,NULL),(322,40,2,'Completion of construction or development','Lorem ipsum dolor sit amet, consectetur adipiscing elit.','2009-10-20',0,0,1,NULL,NULL,NULL,NULL),(323,40,2,'Commissioning of project','Lorem ipsum dolor sit amet, consectetur adipiscing elit.','2009-09-01',0,0,1,NULL,NULL,NULL,NULL),(324,40,2,'Expiry of contract','Lorem ipsum dolor sit amet, consectetur adipiscing elit.','2009-01-27',0,0,1,NULL,NULL,NULL,NULL),(325,41,2,'Project proposal received','Lorem ipsum dolor sit amet, consectetur adipiscing elit.','2016-06-21',0,0,1,NULL,NULL,NULL,NULL),(326,41,2,'Project proposal screened','Lorem ipsum dolor sit amet, consectetur adipiscing elit.','2016-06-21',0,0,1,NULL,NULL,NULL,NULL),(327,41,2,'Project proposal enters list of published projects pipeline','Lorem ipsum dolor sit amet, consectetur adipiscing elit.','2016-05-24',0,0,1,NULL,NULL,NULL,NULL),(328,41,2,'Transaction Advisors appointed','Lorem ipsum dolor sit amet, consectetur adipiscing elit.','2016-04-05',0,0,1,NULL,NULL,NULL,NULL),(329,41,2,'Project feasibility study approved','Lorem ipsum dolor sit amet, consectetur adipiscing elit.','2015-11-03',0,0,1,NULL,NULL,NULL,NULL),(330,41,2,'OBC compliance certificate issued','Lorem ipsum dolor sit amet, consectetur adipiscing elit.','2015-03-17',0,0,1,NULL,NULL,NULL,NULL),(331,41,2,'FEC approval for OBC','Lorem ipsum dolor sit amet, consectetur adipiscing elit.','2014-07-15',0,0,1,NULL,NULL,NULL,NULL),(332,41,2,'EOI','Lorem ipsum dolor sit amet, consectetur adipiscing elit.','2013-10-08',0,0,1,NULL,NULL,NULL,NULL),(333,41,2,'RFP','Lorem ipsum dolor sit amet, consectetur adipiscing elit.','2013-06-11',0,0,1,NULL,NULL,NULL,NULL),(334,41,2,'Selection of preferred bidder','Lorem ipsum dolor sit amet, consectetur adipiscing elit.','2013-02-26',0,0,1,NULL,NULL,NULL,NULL),(335,41,2,'FBC compliance certificate issued','Lorem ipsum dolor sit amet, consectetur adipiscing elit.','2012-12-11',0,0,1,NULL,NULL,NULL,NULL),(336,41,2,'FEC approval for FBC','Lorem ipsum dolor sit amet, consectetur adipiscing elit.','2012-03-27',0,0,1,NULL,NULL,NULL,NULL),(337,41,2,'Commercial close','Lorem ipsum dolor sit amet, consectetur adipiscing elit.','2011-11-22',0,0,1,NULL,NULL,NULL,NULL),(338,41,2,'Financial close','Lorem ipsum dolor sit amet, consectetur adipiscing elit.','2011-08-02',0,0,1,NULL,NULL,NULL,NULL),(339,41,2,'Beginning of construction or development','Lorem ipsum dolor sit amet, consectetur adipiscing elit.','2010-09-07',0,0,1,NULL,NULL,NULL,NULL),(340,41,2,'Completion of construction or development','Lorem ipsum dolor sit amet, consectetur adipiscing elit.','2009-10-20',0,0,1,NULL,NULL,NULL,NULL),(341,41,2,'Commissioning of project','Lorem ipsum dolor sit amet, consectetur adipiscing elit.','2009-09-01',0,0,1,NULL,NULL,NULL,NULL),(342,41,2,'Expiry of contract','Lorem ipsum dolor sit amet, consectetur adipiscing elit.','2009-01-27',0,0,1,NULL,NULL,NULL,NULL),(343,42,2,'Project proposal received','Lorem ipsum dolor sit amet, consectetur adipiscing elit.','2016-06-21',0,0,1,NULL,NULL,NULL,NULL),(344,42,2,'Project proposal screened','Lorem ipsum dolor sit amet, consectetur adipiscing elit.','2016-06-21',0,0,1,NULL,NULL,NULL,NULL),(345,42,2,'Project proposal enters list of published projects pipeline','Lorem ipsum dolor sit amet, consectetur adipiscing elit.','2016-05-24',0,0,1,NULL,NULL,NULL,NULL),(346,42,2,'Transaction Advisors appointed','Lorem ipsum dolor sit amet, consectetur adipiscing elit.','2016-04-05',0,0,1,NULL,NULL,NULL,NULL),(347,42,2,'Project feasibility study approved','Lorem ipsum dolor sit amet, consectetur adipiscing elit.','2015-11-03',0,0,1,NULL,NULL,NULL,NULL),(348,42,2,'OBC compliance certificate issued','Lorem ipsum dolor sit amet, consectetur adipiscing elit.','2015-03-17',0,0,1,NULL,NULL,NULL,NULL),(349,42,2,'FEC approval for OBC','Lorem ipsum dolor sit amet, consectetur adipiscing elit.','2014-07-15',0,0,1,NULL,NULL,NULL,NULL),(350,42,2,'EOI','Lorem ipsum dolor sit amet, consectetur adipiscing elit.','2013-10-08',0,0,1,NULL,NULL,NULL,NULL),(351,42,2,'RFP','Lorem ipsum dolor sit amet, consectetur adipiscing elit.','2013-06-11',0,0,1,NULL,NULL,NULL,NULL),(352,42,2,'Selection of preferred bidder','Lorem ipsum dolor sit amet, consectetur adipiscing elit.','2013-02-26',0,0,1,NULL,NULL,NULL,NULL),(353,42,2,'FBC compliance certificate issued','Lorem ipsum dolor sit amet, consectetur adipiscing elit.','2012-12-11',0,0,1,NULL,NULL,NULL,NULL),(354,42,2,'FEC approval for FBC','Lorem ipsum dolor sit amet, consectetur adipiscing elit.','2012-03-27',0,0,1,NULL,NULL,NULL,NULL),(355,42,2,'Commercial close','Lorem ipsum dolor sit amet, consectetur adipiscing elit.','2011-11-22',0,0,1,NULL,NULL,NULL,NULL),(356,42,2,'Financial close','Lorem ipsum dolor sit amet, consectetur adipiscing elit.','2011-08-02',0,0,1,NULL,NULL,NULL,NULL),(357,42,2,'Beginning of construction or development','Lorem ipsum dolor sit amet, consectetur adipiscing elit.','2010-09-07',0,0,1,NULL,NULL,NULL,NULL),(358,42,2,'Completion of construction or development','Lorem ipsum dolor sit amet, consectetur adipiscing elit.','2009-10-20',0,0,1,NULL,NULL,NULL,NULL),(359,42,2,'Commissioning of project','Lorem ipsum dolor sit amet, consectetur adipiscing elit.','2009-09-01',0,0,1,NULL,NULL,NULL,NULL),(360,42,2,'Expiry of contract','Lorem ipsum dolor sit amet, consectetur adipiscing elit.','2009-01-27',0,0,1,NULL,NULL,NULL,NULL),(361,43,2,'Project proposal received','Lorem ipsum dolor sit amet, consectetur adipiscing elit.','2016-06-21',0,0,1,NULL,NULL,NULL,NULL),(362,43,2,'Project proposal screened','Lorem ipsum dolor sit amet, consectetur adipiscing elit.','2016-06-21',0,0,1,NULL,NULL,NULL,NULL),(363,43,2,'Project proposal enters list of published projects pipeline','Lorem ipsum dolor sit amet, consectetur adipiscing elit.','2016-05-24',0,0,1,NULL,NULL,NULL,NULL),(364,43,2,'Transaction Advisors appointed','Lorem ipsum dolor sit amet, consectetur adipiscing elit.','2016-04-05',0,0,1,NULL,NULL,NULL,NULL),(365,43,2,'Project feasibility study approved','Lorem ipsum dolor sit amet, consectetur adipiscing elit.','2015-11-03',0,0,1,NULL,NULL,NULL,NULL),(366,43,2,'OBC compliance certificate issued','Lorem ipsum dolor sit amet, consectetur adipiscing elit.','2015-03-17',0,0,1,NULL,NULL,NULL,NULL),(367,43,2,'FEC approval for OBC','Lorem ipsum dolor sit amet, consectetur adipiscing elit.','2014-07-15',0,0,1,NULL,NULL,NULL,NULL),(368,43,2,'EOI','Lorem ipsum dolor sit amet, consectetur adipiscing elit.','2013-10-08',0,0,1,NULL,NULL,NULL,NULL),(369,43,2,'RFP','Lorem ipsum dolor sit amet, consectetur adipiscing elit.','2013-06-11',0,0,1,NULL,NULL,NULL,NULL),(370,43,2,'Selection of preferred bidder','Lorem ipsum dolor sit amet, consectetur adipiscing elit.','2013-02-26',0,0,1,NULL,NULL,NULL,NULL),(371,43,2,'FBC compliance certificate issued','Lorem ipsum dolor sit amet, consectetur adipiscing elit.','2012-12-11',0,0,1,NULL,NULL,NULL,NULL),(372,43,2,'FEC approval for FBC','Lorem ipsum dolor sit amet, consectetur adipiscing elit.','2012-03-27',0,0,1,NULL,NULL,NULL,NULL),(373,43,2,'Commercial close','Lorem ipsum dolor sit amet, consectetur adipiscing elit.','2011-11-22',0,0,1,NULL,NULL,NULL,NULL),(374,43,2,'Financial close','Lorem ipsum dolor sit amet, consectetur adipiscing elit.','2011-08-02',0,0,1,NULL,NULL,NULL,NULL),(375,43,2,'Beginning of construction or development','Lorem ipsum dolor sit amet, consectetur adipiscing elit.','2010-09-07',0,0,1,NULL,NULL,NULL,NULL),(376,43,2,'Completion of construction or development','Lorem ipsum dolor sit amet, consectetur adipiscing elit.','2009-10-20',0,0,1,NULL,NULL,NULL,NULL),(377,43,2,'Commissioning of project','Lorem ipsum dolor sit amet, consectetur adipiscing elit.','2009-09-01',0,0,1,NULL,NULL,NULL,NULL),(378,43,2,'Expiry of contract','Lorem ipsum dolor sit amet, consectetur adipiscing elit.','2009-01-27',0,0,1,NULL,NULL,NULL,NULL),(379,44,2,'Project proposal received','Lorem ipsum dolor sit amet, consectetur adipiscing elit.','2016-06-21',0,0,1,NULL,NULL,NULL,NULL),(380,44,2,'Project proposal screened','Lorem ipsum dolor sit amet, consectetur adipiscing elit.','2016-06-21',0,0,1,NULL,NULL,NULL,NULL),(381,44,2,'Project proposal enters list of published projects pipeline','Lorem ipsum dolor sit amet, consectetur adipiscing elit.','2016-05-24',0,0,1,NULL,NULL,NULL,NULL),(382,44,2,'Transaction Advisors appointed','Lorem ipsum dolor sit amet, consectetur adipiscing elit.','2016-04-05',0,0,1,NULL,NULL,NULL,NULL),(383,44,2,'Project feasibility study approved','Lorem ipsum dolor sit amet, consectetur adipiscing elit.','2015-11-03',0,0,1,NULL,NULL,NULL,NULL),(384,44,2,'OBC compliance certificate issued','Lorem ipsum dolor sit amet, consectetur adipiscing elit.','2015-03-17',0,0,1,NULL,NULL,NULL,NULL),(385,44,2,'FEC approval for OBC','Lorem ipsum dolor sit amet, consectetur adipiscing elit.','2014-07-15',0,0,1,NULL,NULL,NULL,NULL),(386,44,2,'EOI','Lorem ipsum dolor sit amet, consectetur adipiscing elit.','2013-10-08',0,0,1,NULL,NULL,NULL,NULL),(387,44,2,'RFP','Lorem ipsum dolor sit amet, consectetur adipiscing elit.','2013-06-11',0,0,1,NULL,NULL,NULL,NULL),(388,44,2,'Selection of preferred bidder','Lorem ipsum dolor sit amet, consectetur adipiscing elit.','2013-02-26',0,0,1,NULL,NULL,NULL,NULL),(389,44,2,'FBC compliance certificate issued','Lorem ipsum dolor sit amet, consectetur adipiscing elit.','2012-12-11',0,0,1,NULL,NULL,NULL,NULL),(390,44,2,'FEC approval for FBC','Lorem ipsum dolor sit amet, consectetur adipiscing elit.','2012-03-27',0,0,1,NULL,NULL,NULL,NULL),(391,44,2,'Commercial close','Lorem ipsum dolor sit amet, consectetur adipiscing elit.','2011-11-22',0,0,1,NULL,NULL,NULL,NULL),(392,44,2,'Financial close','Lorem ipsum dolor sit amet, consectetur adipiscing elit.','2011-08-02',0,0,1,NULL,NULL,NULL,NULL),(393,44,2,'Beginning of construction or development','Lorem ipsum dolor sit amet, consectetur adipiscing elit.','2010-09-07',0,0,1,NULL,NULL,NULL,NULL),(394,44,2,'Completion of construction or development','Lorem ipsum dolor sit amet, consectetur adipiscing elit.','2009-10-20',0,0,1,NULL,NULL,NULL,NULL),(395,44,2,'Commissioning of project','Lorem ipsum dolor sit amet, consectetur adipiscing elit.','2009-09-01',0,0,1,NULL,NULL,NULL,NULL),(396,44,2,'Expiry of contract','Lorem ipsum dolor sit amet, consectetur adipiscing elit.','2009-01-27',0,0,1,NULL,NULL,NULL,NULL),(397,45,2,'Project proposal received','Lorem ipsum dolor sit amet, consectetur adipiscing elit.','2016-06-21',0,0,1,NULL,NULL,NULL,NULL),(398,45,2,'Project proposal screened','Lorem ipsum dolor sit amet, consectetur adipiscing elit.','2016-06-21',0,0,1,NULL,NULL,NULL,NULL),(399,45,2,'Project proposal enters list of published projects pipeline','Lorem ipsum dolor sit amet, consectetur adipiscing elit.','2016-05-24',0,0,1,NULL,NULL,NULL,NULL),(400,45,2,'Transaction Advisors appointed','Lorem ipsum dolor sit amet, consectetur adipiscing elit.','2016-04-05',0,0,1,NULL,NULL,NULL,NULL),(401,45,2,'Project feasibility study approved','Lorem ipsum dolor sit amet, consectetur adipiscing elit.','2015-11-03',0,0,1,NULL,NULL,NULL,NULL),(402,45,2,'OBC compliance certificate issued','Lorem ipsum dolor sit amet, consectetur adipiscing elit.','2015-03-17',0,0,1,NULL,NULL,NULL,NULL),(403,45,2,'FEC approval for OBC','Lorem ipsum dolor sit amet, consectetur adipiscing elit.','2014-07-15',0,0,1,NULL,NULL,NULL,NULL),(404,45,2,'EOI','Lorem ipsum dolor sit amet, consectetur adipiscing elit.','2013-10-08',0,0,1,NULL,NULL,NULL,NULL),(405,45,2,'RFP','Lorem ipsum dolor sit amet, consectetur adipiscing elit.','2013-06-11',0,0,1,NULL,NULL,NULL,NULL),(406,45,2,'Selection of preferred bidder','Lorem ipsum dolor sit amet, consectetur adipiscing elit.','2013-02-26',0,0,1,NULL,NULL,NULL,NULL),(407,45,2,'FBC compliance certificate issued','Lorem ipsum dolor sit amet, consectetur adipiscing elit.','2012-12-11',0,0,1,NULL,NULL,NULL,NULL),(408,45,2,'FEC approval for FBC','Lorem ipsum dolor sit amet, consectetur adipiscing elit.','2012-03-27',0,0,1,NULL,NULL,NULL,NULL),(409,45,2,'Commercial close','Lorem ipsum dolor sit amet, consectetur adipiscing elit.','2011-11-22',0,0,1,NULL,NULL,NULL,NULL),(410,45,2,'Financial close','Lorem ipsum dolor sit amet, consectetur adipiscing elit.','2011-08-02',0,0,1,NULL,NULL,NULL,NULL),(411,45,2,'Beginning of construction or development','Lorem ipsum dolor sit amet, consectetur adipiscing elit.','2010-09-07',0,0,1,NULL,NULL,NULL,NULL),(412,45,2,'Completion of construction or development','Lorem ipsum dolor sit amet, consectetur adipiscing elit.','2009-10-20',0,0,1,NULL,NULL,NULL,NULL),(413,45,2,'Commissioning of project','Lorem ipsum dolor sit amet, consectetur adipiscing elit.','2009-09-01',0,0,1,NULL,NULL,NULL,NULL),(414,45,2,'Expiry of contract','Lorem ipsum dolor sit amet, consectetur adipiscing elit.','2009-01-27',0,0,1,NULL,NULL,NULL,NULL),(433,47,1,'Project proposal received','Lorem ipsum','2016-06-21',0,0,1,NULL,NULL,1,NULL),(434,47,2,'Project proposal screened','Lorem ipsum','2016-06-21',0,0,1,NULL,NULL,2,NULL),(435,47,2,'Project proposal enters list of published projects pipeline','Lorem ipsum','2016-05-24',0,0,1,NULL,NULL,3,NULL),(436,47,2,'Transaction Advisors appointed','Lorem ipsum','2016-04-05',0,0,1,NULL,NULL,5,NULL),(437,47,2,'Project feasibility study approved','Lorem ipsum','2015-11-03',0,0,1,NULL,NULL,6,NULL),(438,47,2,'OBC compliance certificate issued','Lorem ipsum','2015-03-17',0,0,1,NULL,NULL,4,NULL),(439,47,2,'FEC approval for OBC','Lorem ipsum','2014-07-15',0,0,1,NULL,NULL,4,NULL),(440,47,2,'EOI','Lorem ipsum','2013-10-08',0,0,1,NULL,NULL,6,NULL),(441,47,2,'RFP','Lorem ipsum','2013-06-11',0,0,1,NULL,NULL,4,NULL),(442,47,2,'Selection of preferred bidder','Lorem ipsum','2013-02-26',0,0,1,NULL,NULL,4,NULL),(443,47,2,'FBC compliance certificate issued','Lorem ipsum','2012-12-11',0,0,1,NULL,NULL,3,NULL),(444,47,2,'FEC approval for FBC','Lorem ipsum','2012-03-27',0,0,1,NULL,NULL,5,NULL),(445,47,2,'Commercial close','Lorem ipsum','2011-11-22',0,0,1,NULL,NULL,3,NULL),(446,47,2,'Financial close','Lorem ipsum','2011-08-02',0,0,1,NULL,NULL,5,NULL),(447,47,2,'Beginning of construction or development','Lorem ipsum','2010-09-07',0,0,1,NULL,NULL,5,NULL),(448,47,2,'Completion of construction or development','Lorem ipsum','2009-10-20',0,0,1,NULL,NULL,1,NULL),(449,47,2,'Commissioning of project','Lorem ipsum','2009-09-01',0,0,1,NULL,NULL,2,NULL),(450,47,2,'Expiry of contract','Lorem ipsum','2009-01-27',0,0,1,NULL,NULL,3,NULL);
/*!40000 ALTER TABLE `contract_milestones` ENABLE KEYS */;
UNLOCK TABLES;

--
-- Table structure for table `coordinator_assigned_data_entries`
--

DROP TABLE IF EXISTS `coordinator_assigned_data_entries`;
/*!40101 SET @saved_cs_client     = @@character_set_client */;
/*!40101 SET character_set_client = utf8 */;
CREATE TABLE `coordinator_assigned_data_entries` (
  `id` int(10) unsigned NOT NULL AUTO_INCREMENT,
  `project_coordinator` int(10) unsigned NOT NULL,
  `de_generic_id` int(10) unsigned NOT NULL,
  `created_at` timestamp NULL DEFAULT NULL,
  `updated_at` timestamp NULL DEFAULT NULL,
  PRIMARY KEY (`id`),
  KEY `coordinator_assigned_data_entries_project_coordinator_index` (`project_coordinator`),
  KEY `coordinator_assigned_data_entries_de_generic_id_index` (`de_generic_id`),
  CONSTRAINT `coordinator_assigned_data_entries_de_generic_id_foreign` FOREIGN KEY (`de_generic_id`) REFERENCES `users` (`id`) ON DELETE CASCADE,
  CONSTRAINT `coordinator_assigned_data_entries_project_coordinator_foreign` FOREIGN KEY (`project_coordinator`) REFERENCES `users` (`id`) ON DELETE CASCADE
) ENGINE=InnoDB DEFAULT CHARSET=utf8mb4 COLLATE=utf8mb4_unicode_ci;
/*!40101 SET character_set_client = @saved_cs_client */;

--
-- Dumping data for table `coordinator_assigned_data_entries`
--

LOCK TABLES `coordinator_assigned_data_entries` WRITE;
/*!40000 ALTER TABLE `coordinator_assigned_data_entries` DISABLE KEYS */;
/*!40000 ALTER TABLE `coordinator_assigned_data_entries` ENABLE KEYS */;
UNLOCK TABLES;

--
-- Table structure for table `copy_media`
--

DROP TABLE IF EXISTS `copy_media`;
/*!40101 SET @saved_cs_client     = @@character_set_client */;
/*!40101 SET character_set_client = utf8 */;
CREATE TABLE `copy_media` (
  `id` int(10) unsigned NOT NULL AUTO_INCREMENT,
  `name` varchar(255) COLLATE utf8mb4_unicode_ci NOT NULL,
  `old_name` varchar(255) COLLATE utf8mb4_unicode_ci NOT NULL,
  `extension` varchar(12) COLLATE utf8mb4_unicode_ci NOT NULL,
  `mime_type` varchar(255) COLLATE utf8mb4_unicode_ci NOT NULL,
  `width` varchar(6) COLLATE utf8mb4_unicode_ci DEFAULT NULL,
  `height` varchar(6) COLLATE utf8mb4_unicode_ci DEFAULT NULL,
  `section` varchar(255) COLLATE utf8mb4_unicode_ci NOT NULL,
  `project` int(11) NOT NULL DEFAULT '0',
  `path` text COLLATE utf8mb4_unicode_ci NOT NULL,
  `position` int(11) NOT NULL DEFAULT '0',
  `size` int(11) NOT NULL DEFAULT '0',
  `uniqueToken` varchar(191) COLLATE utf8mb4_unicode_ci DEFAULT NULL,
  `to_delete` tinyint(1) NOT NULL DEFAULT '0',
  `created_at` timestamp NULL DEFAULT NULL,
  `updated_at` timestamp NULL DEFAULT NULL,
  PRIMARY KEY (`id`)
) ENGINE=InnoDB AUTO_INCREMENT=31 DEFAULT CHARSET=utf8mb4 COLLATE=utf8mb4_unicode_ci;
/*!40101 SET character_set_client = @saved_cs_client */;

--
-- Dumping data for table `copy_media`
--

LOCK TABLES `copy_media` WRITE;
/*!40000 ALTER TABLE `copy_media` DISABLE KEYS */;
INSERT INTO `copy_media` VALUES (1,'logo','logo','png','image/png','316px','65px','lg',0,'/img/logo.png',0,0,NULL,0,'2020-01-28 09:39:25','2020-01-28 09:39:25'),(2,'1.jpg','1.jpg','jpeg','image/jpeg',NULL,NULL,'sample-sl',0,'/img/samples/slider/1.jpg',0,0,NULL,0,'2019-10-09 15:19:56','2019-10-09 15:19:56'),(3,'2.jpg','2.jpg','jpeg','image/jpeg',NULL,NULL,'sample-sl',0,'/img/samples/slider/2.jpg',0,0,NULL,0,'2019-10-09 15:19:56','2019-10-09 15:19:56'),(4,'3.jpg','3.jpg','jpeg','image/jpeg',NULL,NULL,'sample-sl',0,'/img/samples/slider/3.jpg',0,0,NULL,0,'2019-10-09 15:19:56','2019-10-09 15:19:56'),(5,'4.jpg','4.jpg','jpeg','image/jpeg',NULL,NULL,'sample-sl',0,'/img/samples/slider/4.jpg',0,0,NULL,0,'2019-10-09 15:19:56','2019-10-09 15:19:56'),(8,'40a3e58c-1072-4937-953b-d74ac94fe3e2','Arusha-city-council.png','png','image/png',NULL,NULL,'par',0,'/vault/0/par/1/Arusha-city-council-40a3e58c-1072-4937-953b-d74ac94fe3e2.png',1,45123,'19awzd374rj25shzvxufnu',0,'2020-02-11 14:24:54','2020-02-11 14:24:54'),(9,'6a2ad9b0-77a9-43f6-a8cd-cf1f0b803496','Moshi-municipal-council.png','png','image/png',NULL,NULL,'par',0,'/vault/0/par/2/Moshi-municipal-council-6a2ad9b0-77a9-43f6-a8cd-cf1f0b803496.png',2,45123,'e1r8esuolvis5ptcghic3p',0,'2020-02-11 14:25:27','2020-02-11 14:25:27'),(10,'314abcc1-58dc-4eee-a5c2-911ed3b878d2','dar-es-salaam-city-council.png','png','image/png',NULL,NULL,'par',0,'/vault/0/par/3/dar-es-salaam-city-council-314abcc1-58dc-4eee-a5c2-911ed3b878d2.png',3,45123,'wpc34ls8eu6vnbkmcqd0e',0,'2020-02-11 14:26:00','2020-02-11 14:26:00'),(11,'07743bee-d8c6-4a1f-b580-6be2ef2eda1c','Ilala-city-council.png','png','image/png',NULL,NULL,'par',0,'/vault/0/par/4/Ilala-city-council-07743bee-d8c6-4a1f-b580-6be2ef2eda1c.png',4,15360,'p7ilabnkxd8vojebrtar2',0,'2020-02-11 14:26:35','2020-02-11 14:26:35'),(12,'ff3052cb-002b-4de4-a094-6bd05af829f1','kinondoni-city-council.png','png','image/png',NULL,NULL,'par',0,'/vault/0/par/5/kinondoni-city-council-ff3052cb-002b-4de4-a094-6bd05af829f1.png',5,45123,'dq16g2jxtfc9cs0gq1mwu',0,'2020-02-11 14:27:25','2020-02-11 14:27:25'),(13,'d6dadb88-2d10-433c-9fb5-f28aeea98ea1','temeke-city-council.jpg','jpeg','image/jpeg',NULL,NULL,'par',0,'/vault/0/par/6/temeke-city-council-d6dadb88-2d10-433c-9fb5-f28aeea98ea1.jpeg',6,11340,'e4ci9fh3teouc9kc5tb28',0,'2020-02-11 14:28:06','2020-02-11 14:28:06'),(14,'79c38d27-f362-4ef2-a0e6-e601cda56ab9','mbeya-city-council.jpg','jpeg','image/jpeg',NULL,NULL,'par',0,'/vault/0/par/7/mbeya-city-council-79c38d27-f362-4ef2-a0e6-e601cda56ab9.jpeg',7,15054,'4a2ua84osqhkccat0wt94s',0,'2020-02-11 14:30:15','2020-02-11 14:30:15'),(15,'0061084e-9876-482d-aad1-94c93a0e7bde','Mwanza-city-council.png','png','image/png',NULL,NULL,'par',0,'/vault/0/par/8/Mwanza-city-council-0061084e-9876-482d-aad1-94c93a0e7bde.png',8,14771,'fu47m4bcdluou9eyk70y2q',0,'2020-02-11 14:30:34','2020-02-11 14:30:34'),(16,'e6ade05d-fcf4-47a8-baa0-58549c162dba','Dodoma-city-council.png','png','image/png',NULL,NULL,'par',0,'/vault/0/par/9/Dodoma-city-council-e6ade05d-fcf4-47a8-baa0-58549c162dba.png',9,45123,'paugoca6ngv482zfh79l',0,'2020-02-11 14:31:07','2020-02-11 14:31:07'),(17,'a4eaf7a0-2efb-4cb9-95fe-217e71edfd47','Mtwara-Mikindani-municipal-council.jpg','jpeg','image/jpeg',NULL,NULL,'par',0,'/vault/0/par/10/Mtwara-Mikindani-municipal-council-a4eaf7a0-2efb-4cb9-95fe-217e71edfd47.jpeg',10,2090,'o368p23fm9o43kqa52dshz',0,'2020-02-11 14:31:33','2020-02-11 14:31:33'),(18,'41f2c91e-46b2-475a-93dd-56f25b426057','Local-government-training-institute-LGTI.jpg','jpeg','image/jpeg',NULL,NULL,'par',0,'/vault/0/par/11/Local-government-training-institute-LGTI-41f2c91e-46b2-475a-93dd-56f25b426057.jpeg',11,7779,'a1kxreo631u8td0fdn6uir',0,'2020-02-11 14:31:55','2020-02-11 14:31:55'),(19,'b99df60b-0491-4685-82cf-d1d220b8c7d7','zanzibar_coat_of_arms.jpg','jpeg','image/jpeg',NULL,NULL,'par',0,'/vault/0/par/12/zanzibar_coat_of_arms-b99df60b-0491-4685-82cf-d1d220b8c7d7.jpeg',12,17858,'41bs0jykjv7rl5c457kmz',0,'2020-02-11 15:57:59','2020-02-11 15:57:59'),(26,'be32c95d-10a5-4fed-a6b4-1aed40d6f307','3.jpg','jpeg','image/jpeg',NULL,NULL,'s',0,'/vault/0/s/3/3-be32c95d-10a5-4fed-a6b4-1aed40d6f307.jpeg',3,618587,'wyfeu365uhq1x2jefzfd',0,'2020-04-10 19:17:33','2020-04-10 19:17:33'),(27,'758525b4-ca1d-4c64-b7e5-dda6b1481d23','1.jpg','jpeg','image/jpeg',NULL,NULL,'pri',29,'/vault/29/pri/28/1-758525b4-ca1d-4c64-b7e5-dda6b1481d23.jpeg',28,446234,'bi2i0qg2yaa864xuy3wjg8',0,'2020-04-10 23:40:04','2020-04-10 23:40:04'),(29,'7277faa9-b22e-4020-8544-cd2d3afc4f51','PDFTEST.pdf','pdf','application/pdf',NULL,NULL,'d',29,'/vault/29/d/10/PDFTEST-7277faa9-b22e-4020-8544-cd2d3afc4f51.pdf',10,69475,'4wwop7c8kr8albq5iy44yn',0,'2020-04-10 23:59:21','2020-04-10 23:59:21'),(30,'ea7acd60-18e1-4af8-976b-a19dd83cafff','PDFTEST1.pdf','pdf','application/pdf',NULL,NULL,'d',29,'/vault/29/d/10/PDFTEST1-ea7acd60-18e1-4af8-976b-a19dd83cafff.pdf',10,69475,'4wwop7c8kr8albq5iy44yn',0,'2020-04-10 23:59:26','2020-04-10 23:59:26');
/*!40000 ALTER TABLE `copy_media` ENABLE KEYS */;
UNLOCK TABLES;

--
-- Table structure for table `currencies`
--

DROP TABLE IF EXISTS `currencies`;
/*!40101 SET @saved_cs_client     = @@character_set_client */;
/*!40101 SET character_set_client = utf8 */;
CREATE TABLE `currencies` (
  `id` int(10) unsigned NOT NULL AUTO_INCREMENT,
  `name` varchar(255) COLLATE utf8mb4_unicode_ci NOT NULL,
  `iso` varchar(12) COLLATE utf8mb4_unicode_ci NOT NULL,
  `created_at` timestamp NULL DEFAULT NULL,
  `updated_at` timestamp NULL DEFAULT NULL,
  PRIMARY KEY (`id`)
) ENGINE=InnoDB AUTO_INCREMENT=179 DEFAULT CHARSET=utf8mb4 COLLATE=utf8mb4_unicode_ci;
/*!40101 SET character_set_client = @saved_cs_client */;

--
-- Dumping data for table `currencies`
--

LOCK TABLES `currencies` WRITE;
/*!40000 ALTER TABLE `currencies` DISABLE KEYS */;
INSERT INTO `currencies` VALUES (1,'Afghani','AFN',NULL,NULL),(2,'Euro','EUR',NULL,NULL),(3,'Lek','ALL',NULL,NULL),(4,'Algerian Dinar','DZD',NULL,NULL),(5,'US Dollar','USD',NULL,NULL),(6,'Kwanza','AOA',NULL,NULL),(7,'East Caribbean Dollar','XCD',NULL,NULL),(8,'Argentine Peso','ARS',NULL,NULL),(9,'Armenian Dram','AMD',NULL,NULL),(10,'Aruban Florin','AWG',NULL,NULL),(11,'Azerbaijan Manat','AZN',NULL,NULL),(12,'Bahamian Dollar','BSD',NULL,NULL),(13,'Bahraini Dinar','BHD',NULL,NULL),(14,'Taka','BDT',NULL,NULL),(15,'Barbados Dollar','BBD',NULL,NULL),(16,'Belarusian Ruble','BYN',NULL,NULL),(17,'Belize Dollar','BZD',NULL,NULL),(18,'CFA Franc BCEAO','XOF',NULL,NULL),(19,'Bermudian Dollar','BMD',NULL,NULL),(20,'Ngultrum','BTN',NULL,NULL),(21,'Boliviano','BOB',NULL,NULL),(22,'Mvdol','BOV',NULL,NULL),(23,'Convertible Mark','BAM',NULL,NULL),(24,'Pula','BWP',NULL,NULL),(25,'Brazilian Real','BRL',NULL,NULL),(26,'Brunei Dollar','BND',NULL,NULL),(27,'Bulgarian Lev','BGN',NULL,NULL),(28,'Burundi Franc','BIF',NULL,NULL),(29,'Cabo Verde Escudo','CVE',NULL,NULL),(30,'Riel','KHR',NULL,NULL),(31,'CFA Franc BEAC','XAF',NULL,NULL),(32,'Canadian Dollar','CAD',NULL,NULL),(33,'Cayman Islands Dollar','KYD',NULL,NULL),(34,'Chilean Peso','CLP',NULL,NULL),(35,'Unidad de Fomento','CLF',NULL,NULL),(36,'Yuan Renminbi','CNY',NULL,NULL),(37,'Colombian Peso','COP',NULL,NULL),(38,'Unidad de Valor Real','COU',NULL,NULL),(39,'Comorian Franc','KMF',NULL,NULL),(40,'Congolese Franc','CDF',NULL,NULL),(41,'New Zealand Dollar','NZD',NULL,NULL),(42,'Costa Rican Colon','CRC',NULL,NULL),(43,'Kuna','HRK',NULL,NULL),(44,'Cuban Peso','CUP',NULL,NULL),(45,'Peso Convertible','CUC',NULL,NULL),(46,'Netherlands Antillean Guilder','ANG',NULL,NULL),(47,'Czech Koruna','CZK',NULL,NULL),(48,'Djibouti Franc','DJF',NULL,NULL),(49,'Dominican Peso','DOP',NULL,NULL),(50,'Egyptian Pound','EGP',NULL,NULL),(51,'El Salvador Colon','SVC',NULL,NULL),(52,'Nakfa','ERN',NULL,NULL),(53,'Ethiopian Birr','ETB',NULL,NULL),(54,'Falkland Islands Pound','FKP',NULL,NULL),(55,'Fiji Dollar','FJD',NULL,NULL),(56,'Dalasi','GMD',NULL,NULL),(57,'Lari','GEL',NULL,NULL),(58,'Ghana Cedi','GHS',NULL,NULL),(59,'Gibraltar Pound','GIP',NULL,NULL),(60,'Danish Krone','DKK',NULL,NULL),(61,'Quetzal','GTQ',NULL,NULL),(62,'Guinean Franc','GNF',NULL,NULL),(63,'Guyana Dollar','GYD',NULL,NULL),(64,'Gourde','HTG',NULL,NULL),(65,'Lempira','HNL',NULL,NULL),(66,'Hong Kong Dollar','HKD',NULL,NULL),(67,'Forint','HUF',NULL,NULL),(68,'Iceland Krona','ISK',NULL,NULL),(69,'Indian Rupee','INR',NULL,NULL),(70,'Rupiah','IDR',NULL,NULL),(71,'SDR (Special Drawing Right)','XDR',NULL,NULL),(72,'Iranian Rial','IRR',NULL,NULL),(73,'Iraqi Dinar','IQD',NULL,NULL),(74,'New Israeli Sheqel','ILS',NULL,NULL),(75,'Jamaican Dollar','JMD',NULL,NULL),(76,'Yen','JPY',NULL,NULL),(77,'Pound Sterling','GBP',NULL,NULL),(78,'Jordanian Dinar','JOD',NULL,NULL),(79,'Tenge','KZT',NULL,NULL),(80,'Kenyan Shilling','KES',NULL,NULL),(81,'Australian Dollar','AUD',NULL,NULL),(82,'North Korean Won','KPW',NULL,NULL),(83,'Won','KRW',NULL,NULL),(84,'Kuwaiti Dinar','KWD',NULL,NULL),(85,'Som','KGS',NULL,NULL),(86,'Lao Kip','LAK',NULL,NULL),(87,'Lebanese Pound','LBP',NULL,NULL),(88,'Loti','LSL',NULL,NULL),(89,'Rand','ZAR',NULL,NULL),(90,'Liberian Dollar','LRD',NULL,NULL),(91,'Libyan Dinar','LYD',NULL,NULL),(92,'Pataca','MOP',NULL,NULL),(93,'Denar','MKD',NULL,NULL),(94,'Malagasy Ariary','MGA',NULL,NULL),(95,'Malawi Kwacha','MWK',NULL,NULL),(96,'Malaysian Ringgit','MYR',NULL,NULL),(97,'Rufiyaa','MVR',NULL,NULL),(98,'Ouguiya','MRO',NULL,NULL),(99,'Mauritius Rupee','MUR',NULL,NULL),(100,'ADB Unit of Account','XUA',NULL,NULL),(101,'Mexican Peso','MXN',NULL,NULL),(102,'Mexican Unidad de Inversion (UDI)','MXV',NULL,NULL),(103,'Moldovan Leu','MDL',NULL,NULL),(104,'Tugrik','MNT',NULL,NULL),(105,'Mozambique Metical','MZN',NULL,NULL),(106,'Kyat','MMK',NULL,NULL),(107,'Namibia Dollar','NAD',NULL,NULL),(108,'Nepalese Rupee','NPR',NULL,NULL),(109,'CFP Franc','XPF',NULL,NULL),(110,'Cordoba Oro','NIO',NULL,NULL),(111,'Naira','NGN',NULL,NULL),(112,'Rial Omani','OMR',NULL,NULL),(113,'Pakistan Rupee','PKR',NULL,NULL),(114,'Balboa','PAB',NULL,NULL),(115,'Kina','PGK',NULL,NULL),(116,'Guarani','PYG',NULL,NULL),(117,'Sol','PEN',NULL,NULL),(118,'Philippine Peso','PHP',NULL,NULL),(119,'Zloty','PLN',NULL,NULL),(120,'Qatari Rial','QAR',NULL,NULL),(121,'Romanian Leu','RON',NULL,NULL),(122,'Russian Ruble','RUB',NULL,NULL),(123,'Rwanda Franc','RWF',NULL,NULL),(124,'Saint Helena Pound','SHP',NULL,NULL),(125,'Tala','WST',NULL,NULL),(126,'Dobra','STD',NULL,NULL),(127,'Saudi Riyal','SAR',NULL,NULL),(128,'Serbian Dinar','RSD',NULL,NULL),(129,'Seychelles Rupee','SCR',NULL,NULL),(130,'Leone','SLL',NULL,NULL),(131,'Singapore Dollar','SGD',NULL,NULL),(132,'Sucre','XSU',NULL,NULL),(133,'Solomon Islands Dollar','SBD',NULL,NULL),(134,'Somali Shilling','SOS',NULL,NULL),(135,'South Sudanese Pound','SSP',NULL,NULL),(136,'Sri Lanka Rupee','LKR',NULL,NULL),(137,'Sudanese Pound','SDG',NULL,NULL),(138,'Surinam Dollar','SRD',NULL,NULL),(139,'Norwegian Krone','NOK',NULL,NULL),(140,'Lilangeni','SZL',NULL,NULL),(141,'Swedish Krona','SEK',NULL,NULL),(142,'Swiss Franc','CHF',NULL,NULL),(143,'WIR Euro','CHE',NULL,NULL),(144,'WIR Franc','CHW',NULL,NULL),(145,'Syrian Pound','SYP',NULL,NULL),(146,'New Taiwan Dollar','TWD',NULL,NULL),(147,'Somoni','TJS',NULL,NULL),(148,'Tanzanian Shilling','TZS',NULL,NULL),(149,'Baht','THB',NULL,NULL),(150,'Paanga','TOP',NULL,NULL),(151,'Trinidad and Tobago Dollar','TTD',NULL,NULL),(152,'Tunisian Dinar','TND',NULL,NULL),(153,'Turkish Lira','TRY',NULL,NULL),(154,'Turkmenistan New Manat','TMT',NULL,NULL),(155,'Uganda Shilling','UGX',NULL,NULL),(156,'Hryvnia','UAH',NULL,NULL),(157,'UAE Dirham','AED',NULL,NULL),(158,'US Dollar (Next day)','USN',NULL,NULL),(159,'Peso Uruguayo','UYU',NULL,NULL),(160,'Uruguay Peso en Unidades Indexadas (URUIURUI)','UYI',NULL,NULL),(161,'Uzbekistan Sum','UZS',NULL,NULL),(162,'Vatu','VUV',NULL,NULL),(163,'Bolvar','VEF',NULL,NULL),(164,'Dong','VND',NULL,NULL),(165,'Moroccan Dirham','MAD',NULL,NULL),(166,'Yemeni Rial','YER',NULL,NULL),(167,'Zambian Kwacha','ZMW',NULL,NULL),(168,'Zimbabwe Dollar','ZWL',NULL,NULL),(169,'Bond Markets Unit European Composite Unit (EURCO)','XBA',NULL,NULL),(170,'Bond Markets Unit European Monetary Unit (E.M.U.-6)','XBB',NULL,NULL),(171,'Bond Markets Unit European Unit of Account 9 (E.U.A.-9)','XBC',NULL,NULL),(172,'Bond Markets Unit European Unit of Account 17 (E.U.A.-17)','XBD',NULL,NULL),(173,'Codes specifically reserved for testing purposes','XTS',NULL,NULL),(174,'The codes assigned for transactions where no currency is involved','XXX',NULL,NULL),(175,'Gold','XAU',NULL,NULL),(176,'Palladium','XPD',NULL,NULL),(177,'Platinum','XPT',NULL,NULL),(178,'Silver','XAG',NULL,NULL);
/*!40000 ALTER TABLE `currencies` ENABLE KEYS */;
UNLOCK TABLES;

--
-- Table structure for table `deleted_users`
--

DROP TABLE IF EXISTS `deleted_users`;
/*!40101 SET @saved_cs_client     = @@character_set_client */;
/*!40101 SET character_set_client = utf8 */;
CREATE TABLE `deleted_users` (
  `id` int(10) unsigned NOT NULL AUTO_INCREMENT,
  `email` varchar(255) COLLATE utf8mb4_unicode_ci NOT NULL,
  `description` varchar(255) COLLATE utf8mb4_unicode_ci NOT NULL,
  `created_at` timestamp NULL DEFAULT NULL,
  `updated_at` timestamp NULL DEFAULT NULL,
  PRIMARY KEY (`id`)
) ENGINE=InnoDB AUTO_INCREMENT=3 DEFAULT CHARSET=utf8mb4 COLLATE=utf8mb4_unicode_ci;
/*!40101 SET character_set_client = @saved_cs_client */;

--
-- Dumping data for table `deleted_users`
--

LOCK TABLES `deleted_users` WRITE;
/*!40000 ALTER TABLE `deleted_users` DISABLE KEYS */;
INSERT INTO `deleted_users` VALUES (1,'mon_montero@yahoo.es','Wrong user','2020-04-09 16:03:20','2020-04-09 16:03:20'),(2,'newdataentry@test.com','delete test user','2020-04-11 00:19:24','2020-04-11 00:19:24');
/*!40000 ALTER TABLE `deleted_users` ENABLE KEYS */;
UNLOCK TABLES;

--
-- Table structure for table `entities`
--

DROP TABLE IF EXISTS `entities`;
/*!40101 SET @saved_cs_client     = @@character_set_client */;
/*!40101 SET character_set_client = utf8 */;
CREATE TABLE `entities` (
  `id` int(10) unsigned NOT NULL AUTO_INCREMENT,
  `name` varchar(255) COLLATE utf8mb4_unicode_ci NOT NULL,
  `name_representative` varchar(255) COLLATE utf8mb4_unicode_ci DEFAULT NULL,
  `address` varchar(255) COLLATE utf8mb4_unicode_ci DEFAULT NULL,
  `tel` varchar(255) COLLATE utf8mb4_unicode_ci DEFAULT NULL,
  `fax` varchar(255) COLLATE utf8mb4_unicode_ci DEFAULT NULL,
  `email` varchar(255) COLLATE utf8mb4_unicode_ci DEFAULT NULL,
  `description` text COLLATE utf8mb4_unicode_ci NOT NULL,
  `facebook` text COLLATE utf8mb4_unicode_ci,
  `twitter` text COLLATE utf8mb4_unicode_ci,
  `instagram` text COLLATE utf8mb4_unicode_ci,
  `url` text COLLATE utf8mb4_unicode_ci,
  `draft` tinyint(1) NOT NULL,
  `requested_modification` tinyint(1) NOT NULL,
  `published` tinyint(1) NOT NULL,
  `created_at` timestamp NULL DEFAULT NULL,
  `updated_at` timestamp NULL DEFAULT NULL,
  PRIMARY KEY (`id`),
  FULLTEXT KEY `entities` (`name`,`description`)
) ENGINE=InnoDB AUTO_INCREMENT=15 DEFAULT CHARSET=utf8mb4 COLLATE=utf8mb4_unicode_ci;
/*!40101 SET character_set_client = @saved_cs_client */;

--
-- Dumping data for table `entities`
--

LOCK TABLES `entities` WRITE;
/*!40000 ALTER TABLE `entities` DISABLE KEYS */;
INSERT INTO `entities` VALUES (1,'Urban Municipal Council',NULL,NULL,NULL,NULL,NULL,'Urban Municipal Council',NULL,NULL,NULL,NULL,0,0,1,NULL,'2020-06-09 07:18:50'),(2,'West \'A\' Municipal Council',NULL,NULL,NULL,NULL,NULL,'Lorem ipsum dolor sit amet, consectetur adipiscing elit. Etiam condimentum diam non diam egestas consequat. Duis pharetra felis euismod dui dapibus tempor. Vivamus at ipsum id tellus elementum ultricies sed eu tellus. Curabitur eget tellus id enim ullamcorper laoreet in ut risus. Fusce et libero non lacus condimentum consequat dictum sit amet enim. Sed id nisi porttitor, imperdiet nisi quis, egestas tellus. Suspendisse facilisis, urna nec tincidunt ullamcorper, velit odio ultricies sem, vitae scelerisque ligula diam ut urna. Nunc lobortis vulputate tristique. Donec semper leo lacus, nec iaculis enim varius vitae.',NULL,NULL,NULL,NULL,0,0,1,NULL,'2020-06-09 07:29:07'),(3,'West \'B\' Municipal Council',NULL,NULL,NULL,NULL,NULL,'Dar es Salaam City Council',NULL,NULL,NULL,'https://www.works.go.ug/',0,0,1,NULL,'2020-06-09 07:29:42'),(4,'Ministry of Trade, Industry and Marketing (MoTIM)',NULL,NULL,NULL,NULL,NULL,'Ministry of Trade, Industry and Marketing',NULL,NULL,NULL,NULL,0,0,1,NULL,'2020-06-09 14:29:23'),(5,'Chakechake Town Council',NULL,NULL,NULL,NULL,NULL,'Chakechake Town Council',NULL,NULL,NULL,NULL,0,0,1,NULL,'2020-06-09 07:33:36'),(6,'State University of Zanzibar',NULL,NULL,NULL,NULL,NULL,'State University of Zanzibar',NULL,NULL,NULL,NULL,0,0,1,NULL,'2020-06-09 07:34:23'),(7,'North A District council','North A District council',NULL,NULL,NULL,NULL,'North A District council',NULL,NULL,NULL,NULL,0,0,1,'2020-02-11 14:30:15','2020-06-09 07:32:55'),(8,'Zanzibar Water Authority','Zanzibar Water Authority',NULL,NULL,NULL,NULL,'Zanzibar Water Authority',NULL,NULL,NULL,NULL,0,0,1,'2020-02-11 14:30:34','2020-06-09 07:35:08'),(12,'Zanzibar PPP Department','Zanzibar PPP Department',NULL,NULL,NULL,NULL,'Zanzibar PPP Department',NULL,NULL,NULL,NULL,1,0,0,'2020-02-11 15:57:59','2020-02-11 15:57:59'),(13,'West A Municipal Council',NULL,NULL,NULL,NULL,NULL,'',NULL,NULL,NULL,NULL,0,0,1,NULL,NULL),(14,'West B Municipal Council',NULL,NULL,NULL,NULL,NULL,'',NULL,NULL,NULL,NULL,0,0,1,NULL,NULL);
/*!40000 ALTER TABLE `entities` ENABLE KEYS */;
UNLOCK TABLES;

--
-- Table structure for table `entity_project`
--

DROP TABLE IF EXISTS `entity_project`;
/*!40101 SET @saved_cs_client     = @@character_set_client */;
/*!40101 SET character_set_client = utf8 */;
CREATE TABLE `entity_project` (
  `id` int(10) unsigned NOT NULL AUTO_INCREMENT,
  `entity_id` int(10) unsigned NOT NULL,
  `project_id` int(10) unsigned NOT NULL,
  `sponsor` tinyint(1) NOT NULL,
  `party` tinyint(1) NOT NULL,
  `created_at` timestamp NULL DEFAULT NULL,
  `updated_at` timestamp NULL DEFAULT NULL,
  PRIMARY KEY (`id`),
  KEY `entity_project_entity_id_index` (`entity_id`),
  KEY `entity_project_project_id_index` (`project_id`),
  CONSTRAINT `entity_project_entity_id_foreign` FOREIGN KEY (`entity_id`) REFERENCES `entities` (`id`),
  CONSTRAINT `entity_project_project_id_foreign` FOREIGN KEY (`project_id`) REFERENCES `projects` (`id`) ON DELETE CASCADE
) ENGINE=InnoDB AUTO_INCREMENT=10 DEFAULT CHARSET=utf8mb4 COLLATE=utf8mb4_unicode_ci;
/*!40101 SET character_set_client = @saved_cs_client */;

--
-- Dumping data for table `entity_project`
--

LOCK TABLES `entity_project` WRITE;
/*!40000 ALTER TABLE `entity_project` DISABLE KEYS */;
INSERT INTO `entity_project` VALUES (1,2,2,1,1,NULL,NULL),(2,3,1,1,1,NULL,NULL),(3,1,3,1,1,NULL,NULL),(4,1,4,1,1,NULL,NULL),(5,1,5,1,1,NULL,NULL),(6,1,6,1,1,NULL,NULL),(7,1,7,1,1,NULL,NULL),(8,1,8,1,1,NULL,NULL),(9,1,9,1,1,NULL,NULL);
/*!40000 ALTER TABLE `entity_project` ENABLE KEYS */;
UNLOCK TABLES;

--
-- Table structure for table `footers`
--

DROP TABLE IF EXISTS `footers`;
/*!40101 SET @saved_cs_client     = @@character_set_client */;
/*!40101 SET character_set_client = utf8 */;
CREATE TABLE `footers` (
  `id` int(10) unsigned NOT NULL AUTO_INCREMENT,
  `name` varchar(255) COLLATE utf8mb4_unicode_ci NOT NULL,
  `value` varchar(255) COLLATE utf8mb4_unicode_ci NOT NULL,
  `created_at` timestamp NULL DEFAULT NULL,
  `updated_at` timestamp NULL DEFAULT NULL,
  PRIMARY KEY (`id`)
) ENGINE=InnoDB DEFAULT CHARSET=utf8mb4 COLLATE=utf8mb4_unicode_ci;
/*!40101 SET character_set_client = @saved_cs_client */;

--
-- Dumping data for table `footers`
--

LOCK TABLES `footers` WRITE;
/*!40000 ALTER TABLE `footers` DISABLE KEYS */;
/*!40000 ALTER TABLE `footers` ENABLE KEYS */;
UNLOCK TABLES;

--
-- Table structure for table `global_announcements`
--

DROP TABLE IF EXISTS `global_announcements`;
/*!40101 SET @saved_cs_client     = @@character_set_client */;
/*!40101 SET character_set_client = utf8 */;
CREATE TABLE `global_announcements` (
  `id` int(10) unsigned NOT NULL AUTO_INCREMENT,
  `name` varchar(255) COLLATE utf8mb4_unicode_ci NOT NULL,
  `description` text COLLATE utf8mb4_unicode_ci NOT NULL,
  `created_at` timestamp NULL DEFAULT NULL,
  `updated_at` timestamp NULL DEFAULT NULL,
  `slug` text COLLATE utf8mb4_unicode_ci,
  PRIMARY KEY (`id`)
) ENGINE=InnoDB DEFAULT CHARSET=utf8mb4 COLLATE=utf8mb4_unicode_ci;
/*!40101 SET character_set_client = @saved_cs_client */;

--
-- Dumping data for table `global_announcements`
--

LOCK TABLES `global_announcements` WRITE;
/*!40000 ALTER TABLE `global_announcements` DISABLE KEYS */;
/*!40000 ALTER TABLE `global_announcements` ENABLE KEYS */;
UNLOCK TABLES;

--
-- Table structure for table `graph_pos`
--

DROP TABLE IF EXISTS `graph_pos`;
/*!40101 SET @saved_cs_client     = @@character_set_client */;
/*!40101 SET character_set_client = utf8 */;
CREATE TABLE `graph_pos` (
  `id` int(10) unsigned NOT NULL AUTO_INCREMENT,
  `graph_id` int(10) unsigned NOT NULL,
  `pos_group` varchar(191) COLLATE utf8mb4_unicode_ci NOT NULL,
  `pos` int(11) NOT NULL,
  `created_at` timestamp NULL DEFAULT NULL,
  `updated_at` timestamp NULL DEFAULT NULL,
  PRIMARY KEY (`id`),
  KEY `graph_pos_graph_id_index` (`graph_id`),
  CONSTRAINT `graph_pos_graph_id_foreign` FOREIGN KEY (`graph_id`) REFERENCES `graphs` (`id`)
) ENGINE=InnoDB AUTO_INCREMENT=3 DEFAULT CHARSET=utf8mb4 COLLATE=utf8mb4_unicode_ci;
/*!40101 SET character_set_client = @saved_cs_client */;

--
-- Dumping data for table `graph_pos`
--

LOCK TABLES `graph_pos` WRITE;
/*!40000 ALTER TABLE `graph_pos` DISABLE KEYS */;
INSERT INTO `graph_pos` VALUES (1,1,'Home',1,NULL,NULL),(2,2,'Home',2,NULL,NULL);
/*!40000 ALTER TABLE `graph_pos` ENABLE KEYS */;
UNLOCK TABLES;

--
-- Table structure for table `graphs`
--

DROP TABLE IF EXISTS `graphs`;
/*!40101 SET @saved_cs_client     = @@character_set_client */;
/*!40101 SET character_set_client = utf8 */;
CREATE TABLE `graphs` (
  `id` int(10) unsigned NOT NULL AUTO_INCREMENT,
  `section` varchar(191) COLLATE utf8mb4_unicode_ci NOT NULL,
  `graph_type` varchar(191) COLLATE utf8mb4_unicode_ci NOT NULL,
  `created_at` timestamp NULL DEFAULT NULL,
  `updated_at` timestamp NULL DEFAULT NULL,
  PRIMARY KEY (`id`)
) ENGINE=InnoDB AUTO_INCREMENT=3 DEFAULT CHARSET=utf8mb4 COLLATE=utf8mb4_unicode_ci;
/*!40101 SET character_set_client = @saved_cs_client */;

--
-- Dumping data for table `graphs`
--

LOCK TABLES `graphs` WRITE;
/*!40000 ALTER TABLE `graphs` DISABLE KEYS */;
INSERT INTO `graphs` VALUES (1,'sectors','bar',NULL,NULL),(2,'stages','pie',NULL,NULL);
/*!40000 ALTER TABLE `graphs` ENABLE KEYS */;
UNLOCK TABLES;

--
-- Table structure for table `lang_fields`
--

DROP TABLE IF EXISTS `lang_fields`;
/*!40101 SET @saved_cs_client     = @@character_set_client */;
/*!40101 SET character_set_client = utf8 */;
CREATE TABLE `lang_fields` (
  `id` int(10) unsigned NOT NULL AUTO_INCREMENT,
  `lang_id` int(10) unsigned NOT NULL,
  `file_id` int(10) unsigned NOT NULL,
  `name` varchar(255) COLLATE utf8mb4_unicode_ci NOT NULL,
  `value` varchar(255) COLLATE utf8mb4_unicode_ci DEFAULT NULL,
  `attribute` varchar(255) COLLATE utf8mb4_unicode_ci DEFAULT NULL,
  `parent_id` int(10) unsigned NOT NULL,
  `created_at` timestamp NULL DEFAULT NULL,
  `updated_at` timestamp NULL DEFAULT NULL,
  PRIMARY KEY (`id`),
  KEY `lang_fields_lang_id_foreign` (`lang_id`),
  KEY `lang_fields_file_id_foreign` (`file_id`),
  CONSTRAINT `lang_fields_file_id_foreign` FOREIGN KEY (`file_id`) REFERENCES `lang_files` (`id`),
  CONSTRAINT `lang_fields_lang_id_foreign` FOREIGN KEY (`lang_id`) REFERENCES `langs` (`id`)
) ENGINE=InnoDB AUTO_INCREMENT=1411 DEFAULT CHARSET=utf8mb4 COLLATE=utf8mb4_unicode_ci;
/*!40101 SET character_set_client = @saved_cs_client */;

--
-- Dumping data for table `lang_fields`
--

LOCK TABLES `lang_fields` WRITE;
/*!40000 ALTER TABLE `lang_fields` DISABLE KEYS */;
INSERT INTO `lang_fields` VALUES (1,117,1,'title','About PPP',NULL,0,'2020-01-28 09:39:23','2020-01-28 09:39:23'),(2,117,2,'add-new','Add new project',NULL,0,'2020-01-28 09:39:23','2020-01-28 09:39:23'),(3,117,2,'add-project','Add project',NULL,0,'2020-01-28 09:39:23','2020-01-28 09:39:23'),(4,117,2,'find-name','Find a project by name',NULL,0,'2020-01-28 09:39:23','2020-01-28 09:39:23'),(5,117,2,'name','Name',NULL,0,'2020-01-28 09:39:23','2020-01-28 09:39:23'),(6,117,2,'stage','Stage',NULL,0,'2020-01-28 09:39:23','2020-01-28 09:39:23'),(7,117,2,'region','Region',NULL,0,'2020-01-28 09:39:23','2020-01-28 09:39:23'),(8,117,2,'sector','Sector',NULL,0,'2020-01-28 09:39:23','2020-01-28 09:39:23'),(9,117,2,'delete','Delete selected',NULL,0,'2020-01-28 09:39:23','2020-01-28 09:39:23'),(10,117,2,'sponsor','Sponsor Agency',NULL,0,'2020-01-28 09:39:23','2020-01-28 09:39:23'),(11,117,2,'value','Value (Million)',NULL,0,'2020-01-28 09:39:23','2020-01-28 09:39:23'),(12,117,2,'updated','Last update',NULL,0,'2020-01-28 09:39:23','2020-01-28 09:39:23'),(13,117,2,'add-placeholder','Project name',NULL,0,'2020-01-28 09:39:23','2020-01-28 09:39:23'),(14,117,2,'success-message','The project has been successfully created. You can press OK to add a project information.',NULL,0,'2020-01-28 09:39:23','2020-01-28 09:39:23'),(15,117,2,'project-name','Type here the project name',NULL,0,'2020-01-28 09:39:23','2020-01-28 09:39:23'),(16,117,2,'name-empty','The project name can not be empty',NULL,0,'2020-01-28 09:39:23','2020-01-28 09:39:23'),(17,117,2,'visible','Visible',NULL,0,'2020-01-28 09:39:23','2020-01-28 09:39:23'),(18,117,2,'visibility','Visibility',NULL,0,'2020-01-28 09:39:23','2020-01-28 09:39:23'),(19,117,2,'confirm_hide','Do you confirm that you want to hide the project from the web?',NULL,0,'2020-01-28 09:39:23','2020-01-28 09:39:23'),(20,117,2,'confirm_visible','Do you confirm that you want to make the project public on the web?',NULL,0,'2020-01-28 09:39:23','2020-01-28 09:39:23'),(21,117,2,'action_completed','Action completed',NULL,0,'2020-01-28 09:39:23','2020-01-28 09:39:23'),(22,117,2,'options','Options',NULL,0,'2020-01-28 09:39:23','2020-01-28 09:39:23'),(23,117,2,'export_excel','Export to Excel',NULL,0,'2020-01-28 09:39:23','2020-01-28 09:39:23'),(24,117,2,'import_project','Import project',NULL,0,'2020-01-28 09:39:23','2020-01-28 09:39:23'),(25,117,3,'failed','These credentials do not match our records.',NULL,0,'2020-01-28 09:39:23','2020-01-28 09:39:23'),(26,117,3,'throttle','Too many login attempts. Please try again in :seconds seconds.',':seconds',0,'2020-01-28 09:39:23','2020-01-28 09:39:23'),(27,117,3,'password_expired','Your password has expired. Please contact your system administrator.',NULL,0,'2020-01-28 09:39:23','2020-01-28 09:39:23'),(28,117,3,'blocked','Your account has been blocked, please contact with your system administrator',NULL,0,'2020-01-28 09:39:23','2020-01-28 09:39:23'),(29,117,4,'banner-title','Banners',NULL,0,'2020-01-28 09:39:23','2020-01-28 09:39:23'),(30,117,4,'banner-form-title','Title',NULL,0,'2020-01-28 09:39:23','2020-01-28 09:39:23'),(31,117,4,'banner-form-description','Description',NULL,0,'2020-01-28 09:39:23','2020-01-28 09:39:23'),(32,117,4,'banner-form-url','Url',NULL,0,'2020-01-28 09:39:23','2020-01-28 09:39:23'),(33,117,4,'banner-add-new','Add new banner',NULL,0,'2020-01-28 09:39:23','2020-01-28 09:39:23'),(34,117,4,'available','Banners available',NULL,0,'2020-01-28 09:39:23','2020-01-28 09:39:23'),(35,117,4,'delete_banner_text','Yow will delete the banner!',NULL,0,'2020-01-28 09:39:23','2020-01-28 09:39:23'),(36,117,4,'error_one_active','You cannot delete the active banner',NULL,0,'2020-01-28 09:39:23','2020-01-28 09:39:23'),(37,117,4,'deleted','The selected banner has been successfully deleted',NULL,0,'2020-01-28 09:39:23','2020-01-28 09:39:23'),(38,117,4,'recomended-size','The recommended size of the image is 900px width and 150px height.',NULL,0,'2020-01-28 09:39:23','2020-01-28 09:39:23'),(39,117,4,'active-status','The banner active status has been changed.',NULL,0,'2020-01-28 09:39:23','2020-01-28 09:39:23'),(40,117,5,'no-results-title','We haven\'t found any records.',NULL,0,'2020-01-28 09:39:23','2020-01-28 09:39:23'),(41,117,5,'no-results-subtitle','You can always add new data into this section.',NULL,0,'2020-01-28 09:39:23','2020-01-28 09:39:23'),(42,117,6,'subject','Contact Form',NULL,0,'2020-01-28 09:39:23','2020-01-28 09:39:23'),(43,117,6,'email','Email',NULL,0,'2020-01-28 09:39:23','2020-01-28 09:39:23'),(44,117,6,'text','sent the following message:',':',0,'2020-01-28 09:39:23','2020-01-28 09:39:23'),(45,117,6,'success','Message successfully sent.',NULL,0,'2020-01-28 09:39:23','2020-01-28 09:39:23'),(46,117,6,'error','There was a problem while sending the message.',NULL,0,'2020-01-28 09:39:23','2020-01-28 09:39:23'),(47,117,7,'title','Dashboard',NULL,0,'2020-01-28 09:39:23','2020-01-28 09:39:23'),(48,117,7,'pending_tasks','Pending Tasks',NULL,0,'2020-01-28 09:39:23','2020-01-28 09:39:23'),(49,117,7,'status','Status',NULL,0,'2020-01-28 09:39:23','2020-01-28 09:39:23'),(50,117,7,'accepted','Accepted',NULL,0,'2020-01-28 09:39:23','2020-01-28 09:39:23'),(51,117,7,'non-accepted','Not accepted',NULL,0,'2020-01-28 09:39:23','2020-01-28 09:39:23'),(52,117,7,'to-task','Go to tasks page',NULL,0,'2020-01-28 09:39:23','2020-01-28 09:39:23'),(53,117,7,'uncompleted-tasks','Incomplete tasks',NULL,0,'2020-01-28 09:39:23','2020-01-28 09:39:23'),(54,117,7,'total-users','Total users',NULL,0,'2020-01-28 09:39:23','2020-01-28 09:39:23'),(55,117,7,'newsletter-users','Newsletter users',NULL,0,'2020-01-28 09:39:23','2020-01-28 09:39:23'),(56,117,7,'latest-projects','Latest projects',NULL,0,'2020-01-28 09:39:23','2020-01-28 09:39:23'),(57,117,7,'to-projects','Go to projects page',NULL,0,'2020-01-28 09:39:23','2020-01-28 09:39:23'),(58,117,7,'no_pending_tasks','There are no pending tasks.',NULL,0,'2020-01-28 09:39:23','2020-01-28 09:39:23'),(59,117,7,'analytics_title','Platform Analytics',NULL,0,'2020-01-28 09:39:23','2020-01-28 09:39:23'),(60,117,8,'title','Ghana PPP Platform',NULL,0,'2020-01-28 09:39:23','2020-01-28 09:39:23'),(61,117,8,'subtitle','Public Investment Division - Ministry of Finance',NULL,0,'2020-01-28 09:39:23','2020-01-28 09:39:23'),(62,117,8,'institution_email','pid@mofep.gov.gh',NULL,0,'2020-01-28 09:39:23','2020-01-28 09:39:23'),(63,117,8,'newsletter_subscription','Newsletter subscription',NULL,0,'2020-01-28 09:39:23','2020-01-28 09:39:23'),(64,117,8,'newsletter_unsubscription','Cancel Newsletter subscription',NULL,0,'2020-01-28 09:39:23','2020-01-28 09:39:23'),(65,117,8,'newsletter_subscription_register_text','Thanks for subscribing to our newsletter. You will be receiving our updates now in your inbox.',NULL,0,'2020-01-28 09:39:23','2020-01-28 09:39:23'),(66,117,8,'newsletter_email_text','Your email has been successfully verified. Thanks for subscribing to our newsletter. You will be receiving our updates now in your inbox.',NULL,0,'2020-01-28 09:39:23','2020-01-28 09:39:23'),(67,117,8,'newsletter_email_error_text','We are sorry, the activation link is incorrect, please use the link provided in your confirmation email',NULL,0,'2020-01-28 09:39:23','2020-01-28 09:39:23'),(68,117,8,'newsletter_verify_email','Verify your email address',NULL,0,'2020-01-28 09:39:23','2020-01-28 09:39:23'),(69,117,8,'newsletter_homepage','Go to homepage',NULL,0,'2020-01-28 09:39:23','2020-01-28 09:39:23'),(70,117,8,'newsletter_press_button','To subscribe to our newsletter, please verify your email address by clicking the button below',NULL,0,'2020-01-28 09:39:23','2020-01-28 09:39:23'),(71,117,8,'newsletter_press_button_unsub','To cancel the subscription to our newsletter, please verify your email address by clicking the button below',NULL,0,'2020-01-28 09:39:23','2020-01-28 09:39:23'),(72,117,8,'newsletter_activation_text','To subscribe to our newsletter, please verify your email address by clicking the button below',NULL,0,'2020-01-28 09:39:23','2020-01-28 09:39:23'),(73,117,8,'newsletter_continue_navigation','Now you can go to our homepage and continue navigation',NULL,0,'2020-01-28 09:39:23','2020-01-28 09:39:23'),(74,117,8,'newsletter_unsubscribe','Newsletter subscription cancellation',NULL,0,'2020-01-28 09:39:23','2020-01-28 09:39:23'),(75,117,8,'newsletter_unsubscribe_error_text','We are sorry, the cancellation link is incorrect, please use the link provided in your email',NULL,0,'2020-01-28 09:39:23','2020-01-28 09:39:23'),(76,117,8,'newsletter_unsubscribe_text','Your email has been successfully deleted from our database. You will not receive our updates in your inbox.',NULL,0,'2020-01-28 09:39:23','2020-01-28 09:39:23'),(77,117,8,'dear','Dear :name',':name',0,'2020-01-28 09:39:23','2020-01-28 09:39:23'),(78,117,8,'in','in',NULL,0,'2020-01-28 09:39:23','2020-01-28 09:39:23'),(79,117,8,'dear_user','Dear user',NULL,0,'2020-01-28 09:39:23','2020-01-28 09:39:23'),(80,117,8,'dear_admin','Dear Administrator',NULL,0,'2020-01-28 09:39:23','2020-01-28 09:39:23'),(81,117,8,'regards','With best regards',NULL,0,'2020-01-28 09:39:23','2020-01-28 09:39:23'),(82,117,8,'team','Improving Transparency & Accountability in PPPs&#39; team',NULL,0,'2020-01-28 09:39:23','2020-01-28 09:39:23'),(83,117,8,'ministry','Ministry of Finance',NULL,0,'2020-01-28 09:39:23','2020-01-28 09:39:23'),(84,117,8,'address','28th February Road, P. O. Box M40, Accra - Ghana',NULL,0,'2020-01-28 09:39:23','2020-01-28 09:39:23'),(85,117,8,'phone','Tel: +233 302 665 132',':',0,'2020-01-28 09:39:23','2020-01-28 09:39:23'),(86,117,8,'recipient','If you think you are not the recipient of this message, please ignore it',NULL,0,'2020-01-28 09:39:23','2020-01-28 09:39:23'),(87,117,8,'register_title','Welcome to the',NULL,0,'2020-01-28 09:39:23','2020-01-28 09:39:23'),(88,117,8,'register_first_text','We are delighted to confirm the creation of your account in our database. Below you will find your username and password to sign in with your account',NULL,0,'2020-01-28 09:39:23','2020-01-28 09:39:23'),(89,117,8,'register_username','Your username',NULL,0,'2020-01-28 09:39:23','2020-01-28 09:39:23'),(90,117,8,'register_password','Your password',NULL,0,'2020-01-28 09:39:23','2020-01-28 09:39:23'),(91,117,8,'register_follow_link','If clicking the button above does not work, copy and paste the URL in a new browser window instead',NULL,0,'2020-01-28 09:39:23','2020-01-28 09:39:23'),(92,117,8,'register_press_button','To activate your account and verify your email address, please click the following button',NULL,0,'2020-01-28 09:39:23','2020-01-28 09:39:23'),(93,117,8,'register_start','Log in to start',NULL,0,'2020-01-28 09:39:23','2020-01-28 09:39:23'),(94,117,8,'contact','If you have any questions, please do not hesitate to contact with us at the following email',NULL,0,'2020-01-28 09:39:23','2020-01-28 09:39:23'),(95,117,8,'register_login','Please go to your account by clicking the \"Log in to start\"',NULL,0,'2020-01-28 09:39:23','2020-01-28 09:39:23'),(96,117,8,'rfm-check','Go to the tasks management page',NULL,0,'2020-01-28 09:39:23','2020-01-28 09:39:23'),(97,117,8,'request-modification-confirmation-title','Request for Modification confirmation',NULL,0,'2020-01-28 09:39:23','2020-01-28 09:39:23'),(98,117,8,'request-modification-confirmation-project','Your Request for modification for',NULL,0,'2020-01-28 09:39:23','2020-01-28 09:39:23'),(99,117,8,'request-modification-confirmation-project-admin','The user :user requested a modification for',':user',0,'2020-01-28 09:39:23','2020-01-28 09:39:23'),(100,117,8,'request-modification-confirmation-section','section was sucessfully sent.',NULL,0,'2020-01-28 09:39:23','2020-01-28 09:39:23'),(101,117,8,'request-modification-confirmation-section-admin','section.',NULL,0,'2020-01-28 09:39:23','2020-01-28 09:39:23'),(102,117,8,'request-modification-confirmation-text','As soon as the Administrator accepts or declines your Request for Modification, you will receive an email.',NULL,0,'2020-01-28 09:39:23','2020-01-28 09:39:23'),(103,117,8,'request-modification-accepted-title','Request for Modification accepted',NULL,0,'2020-01-28 09:39:23','2020-01-28 09:39:23'),(104,117,8,'request-modification-accepted-project','Your request for modification for',NULL,0,'2020-01-28 09:39:23','2020-01-28 09:39:23'),(105,117,8,'request-modification-accepted-project-coordinator','The request for modification for',NULL,0,'2020-01-28 09:39:23','2020-01-28 09:39:23'),(106,117,8,'request-modification-accepted-project-admin','The request for modification for',NULL,0,'2020-01-28 09:39:23','2020-01-28 09:39:23'),(107,117,8,'request-modification-accepted-project-check-admin','You can see now the new content published on the corresponding section of the website',NULL,0,'2020-01-28 09:39:23','2020-01-28 09:39:23'),(108,117,8,'request-modification-accepted-section','section has been successfully accepted.',NULL,0,'2020-01-28 09:39:23','2020-01-28 09:39:23'),(109,117,8,'request-modification-confirmed-title','Request for Modification submitted for approval',NULL,0,'2020-01-28 09:39:23','2020-01-28 09:39:23'),(110,117,8,'request-modification-confirmed-project','The request for modification for',NULL,0,'2020-01-28 09:39:23','2020-01-28 09:39:23'),(111,117,8,'request-modification-confirmed-section','section has been successfully sent for approval by a Project Coordinator and now needs your approval.',NULL,0,'2020-01-28 09:39:23','2020-01-28 09:39:23'),(112,117,8,'request-modification-declined-title','Request for Modification declined',NULL,0,'2020-01-28 09:39:23','2020-01-28 09:39:23'),(113,117,8,'request-modification-declined-project','Your request for modification for project',NULL,0,'2020-01-28 09:39:23','2020-01-28 09:39:23'),(114,117,8,'request-modification-declined-project-admin','The request for modification for project',NULL,0,'2020-01-28 09:39:23','2020-01-28 09:39:23'),(115,117,8,'request-modification-declined-section-reason','section was declined because of the following reason specified:',':',0,'2020-01-28 09:39:23','2020-01-28 09:39:23'),(116,117,8,'request-modification-declined-section-reason-admin','section was declined because of the following reason specified:',':',0,'2020-01-28 09:39:23','2020-01-28 09:39:23'),(117,117,8,'request-modification-declined-section','section was declined.',NULL,0,'2020-01-28 09:39:23','2020-01-28 09:39:23'),(118,117,8,'task-assigned-title','New task assigned',NULL,0,'2020-01-28 09:39:23','2020-01-28 09:39:23'),(119,117,8,'task-assigned-project','You have a new task assigned for project',NULL,0,'2020-01-28 09:39:23','2020-01-28 09:39:23'),(120,117,8,'task-assigned-section','section.',NULL,0,'2020-01-28 09:39:23','2020-01-28 09:39:23'),(121,117,8,'reset_password_paragraph-1','You are receiving this email because we received a password reset request for your account.',NULL,0,'2020-01-28 09:39:23','2020-01-28 09:39:23'),(122,117,8,'reset_password_paragraph-2','If you did not request a password reset, no further action is required.',NULL,0,'2020-01-28 09:39:23','2020-01-28 09:39:23'),(123,117,8,'reset_password_button_title','Reset Password',NULL,0,'2020-01-28 09:39:23','2020-01-28 09:39:23'),(124,117,9,'entity','Entity',NULL,0,'2020-01-28 09:39:23','2020-01-28 09:39:23'),(125,117,9,'entities','Entities',NULL,0,'2020-01-28 09:39:23','2020-01-28 09:39:23'),(126,117,9,'new_entity','Add new entity',NULL,0,'2020-01-28 09:39:23','2020-01-28 09:39:23'),(127,117,9,'sponsor','Sponsor agency',NULL,0,'2020-01-28 09:39:23','2020-01-28 09:39:23'),(128,117,9,'party','Other parties',NULL,0,'2020-01-28 09:39:23','2020-01-28 09:39:23'),(129,117,9,'name','Name',NULL,0,'2020-01-28 09:39:23','2020-01-28 09:39:23'),(130,117,9,'name-representative','Name of representative',NULL,0,'2020-01-28 09:39:23','2020-01-28 09:39:23'),(131,117,9,'address','Address',NULL,0,'2020-01-28 09:39:23','2020-01-28 09:39:23'),(132,117,9,'tel','Telephone',NULL,0,'2020-01-28 09:39:23','2020-01-28 09:39:23'),(133,117,9,'fax','Fax',NULL,0,'2020-01-28 09:39:23','2020-01-28 09:39:23'),(134,117,9,'email','E-mail',NULL,0,'2020-01-28 09:39:23','2020-01-28 09:39:23'),(135,117,9,'description','Description',NULL,0,'2020-01-28 09:39:23','2020-01-28 09:39:23'),(136,117,9,'logo','Logo',NULL,0,'2020-01-28 09:39:23','2020-01-28 09:39:23'),(137,117,9,'website','Website',NULL,0,'2020-01-28 09:39:23','2020-01-28 09:39:23'),(138,117,9,'facebook','Facebook',NULL,0,'2020-01-28 09:39:23','2020-01-28 09:39:23'),(139,117,9,'twitter','Twitter',NULL,0,'2020-01-28 09:39:23','2020-01-28 09:39:23'),(140,117,9,'instagram','Instagram',NULL,0,'2020-01-28 09:39:23','2020-01-28 09:39:23'),(141,117,9,'add_entity','Add new entity',NULL,0,'2020-01-28 09:39:23','2020-01-28 09:39:23'),(142,117,9,'error_delete','Unable to delete the entity',NULL,0,'2020-01-28 09:39:23','2020-01-28 09:39:23'),(143,117,9,'error_delete_has_projects','You cannot delete an entity with projects',NULL,0,'2020-01-28 09:39:23','2020-01-28 09:39:23'),(144,117,9,'deleted','The selected entity has been successfully deleted!',NULL,0,'2020-01-28 09:39:23','2020-01-28 09:39:23'),(145,117,9,'delete_entity_text','Yow will delete the entity!',NULL,0,'2020-01-28 09:39:23','2020-01-28 09:39:23'),(146,117,9,'save-success','The entity has been successfully saved',NULL,0,'2020-01-28 09:39:23','2020-01-28 09:39:23'),(147,117,9,'save-error','There was an error saving the entity, please try again later',NULL,0,'2020-01-28 09:39:23','2020-01-28 09:39:23'),(148,117,9,'required','The logo of the entity is required.',NULL,0,'2020-01-28 09:39:23','2020-01-28 09:39:23'),(149,117,10,'internal_error','There was an internal error. Please try again later.',NULL,0,'2020-01-28 09:39:23','2020-01-28 09:39:23'),(150,117,10,'return','Go back',NULL,0,'2020-01-28 09:39:23','2020-01-28 09:39:23'),(151,117,10,'error_404','Error 404',NULL,0,'2020-01-28 09:39:23','2020-01-28 09:39:23'),(152,117,10,'page_not_found','Page not found',NULL,0,'2020-01-28 09:39:23','2020-01-28 09:39:23'),(153,117,10,'error_info','We are sorry, but the page you are looking for might have been removed, had its name changed, or is temporarily unavailable.',NULL,0,'2020-01-28 09:39:23','2020-01-28 09:39:23'),(154,117,11,'name','Name',NULL,0,'2020-01-28 09:39:23','2020-01-28 09:39:23'),(155,117,11,'title','Title',NULL,0,'2020-01-28 09:39:23','2020-01-28 09:39:23'),(156,117,11,'description','Description',NULL,0,'2020-01-28 09:39:23','2020-01-28 09:39:23'),(157,117,11,'allocation','Allocation',NULL,0,'2020-01-28 09:39:23','2020-01-28 09:39:23'),(158,117,11,'mitigation','Mitigation',NULL,0,'2020-01-28 09:39:23','2020-01-28 09:39:23'),(159,117,11,'party','Party',NULL,0,'2020-01-28 09:39:23','2020-01-28 09:39:23'),(160,117,11,'termination_payment','Termination Payment',NULL,0,'2020-01-28 09:39:23','2020-01-28 09:39:23'),(161,117,11,'category_failure','Category of failure',NULL,0,'2020-01-28 09:39:23','2020-01-28 09:39:23'),(162,117,11,'number_events','Number of events',NULL,0,'2020-01-28 09:39:23','2020-01-28 09:39:23'),(163,117,11,'penalty_abatement_contract','Penalty or abatement provided in contract',NULL,0,'2020-01-28 09:39:23','2020-01-28 09:39:23'),(164,117,11,'penalty_abatement_imposed','Penalty or abatement imposed',NULL,0,'2020-01-28 09:39:23','2020-01-28 09:39:23'),(165,117,11,'penalty_abatement_effected','Penalty paid or abatement effected: Yes/No',':',0,'2020-01-28 09:39:23','2020-01-28 09:39:23'),(166,117,11,'type','Type',NULL,0,'2020-01-28 09:39:23','2020-01-28 09:39:23'),(167,117,11,'date','Date',NULL,0,'2020-01-28 09:39:23','2020-01-28 09:39:23'),(168,117,11,'sectors','Sector/s:',':',0,'2020-01-28 09:39:23','2020-01-28 09:39:23'),(169,117,11,'regions','Region/s:',':',0,'2020-01-28 09:39:23','2020-01-28 09:39:23'),(170,117,11,'countries','Country/s:',':',0,'2020-01-28 09:39:23','2020-01-28 09:39:23'),(171,117,11,'states','State/s:',':',0,'2020-01-28 09:39:23','2020-01-28 09:39:23'),(172,117,11,'phase','Phase:',':',0,'2020-01-28 09:39:23','2020-01-28 09:39:23'),(173,117,11,'sponsor_agency','Sponsoring Agency',NULL,0,'2020-01-28 09:39:23','2020-01-28 09:39:23'),(174,117,11,'contracting_authority','Contracting Authority',NULL,0,'2020-01-28 09:39:23','2020-01-28 09:39:23'),(175,117,11,'project_sponsor','Project Sponsor',NULL,0,'2020-01-28 09:39:23','2020-01-28 09:39:23'),(176,117,11,'value','Project value (USD):',':',0,'2020-01-28 09:39:23','2020-01-28 09:39:23'),(177,117,11,'value_nigeria','Project value (NGN):',':',0,'2020-01-28 09:39:23','2020-01-28 09:39:23'),(178,117,11,'value_kenya','Project value (KSH):',':',0,'2020-01-28 09:39:23','2020-01-28 09:39:23'),(179,117,11,'value_ghana','Project value (GHC):',':',0,'2020-01-28 09:39:23','2020-01-28 09:39:23'),(180,117,11,'ocid','Open Contracting ID:',':',0,'2020-01-28 09:39:23','2020-01-28 09:39:23'),(181,117,11,'project_type','Project Type:',':',0,'2020-01-28 09:39:23','2020-01-28 09:39:23'),(182,117,11,'not_specified','Not specified',NULL,0,'2020-01-28 09:39:23','2020-01-28 09:39:23'),(183,117,11,'project_milestones','Project Milestones',NULL,0,'2020-01-28 09:39:23','2020-01-28 09:39:23'),(184,117,11,'procurement_documents','Procurement Documents',NULL,0,'2020-01-28 09:39:23','2020-01-28 09:39:23'),(185,117,11,'parties','Parties',NULL,0,'2020-01-28 09:39:23','2020-01-28 09:39:23'),(186,117,11,'private_parties','Private Parties',NULL,0,'2020-01-28 09:39:23','2020-01-28 09:39:23'),(187,117,11,'sponsoring_agency','Sponsoring Agency',NULL,0,'2020-01-28 09:39:23','2020-01-28 09:39:23'),(188,117,11,'private_agencies','Private Agencies',NULL,0,'2020-01-28 09:39:23','2020-01-28 09:39:23'),(189,117,11,'public_authority_parties','Public Authority Parties',NULL,0,'2020-01-28 09:39:23','2020-01-28 09:39:23'),(190,117,11,'private_party_co_developers','Private party co-developers',NULL,0,'2020-01-28 09:39:23','2020-01-28 09:39:23'),(191,117,11,'redacted_ppp_agreement','Contract Summary - Redacted PPP agreement',NULL,0,'2020-01-28 09:39:23','2020-01-28 09:39:23'),(192,117,11,'contract_documents','Contract Summary - Contract Documents',NULL,0,'2020-01-28 09:39:23','2020-01-28 09:39:23'),(193,117,11,'financial_structure','Contract Summary - Financial Structure',NULL,0,'2020-01-28 09:39:23','2020-01-28 09:39:23'),(194,117,11,'financial_information','Contract Summary - Financial Information',NULL,0,'2020-01-28 09:39:23','2020-01-28 09:39:23'),(195,117,11,'risks','Contract Summary - Risks',NULL,0,'2020-01-28 09:39:23','2020-01-28 09:39:23'),(196,117,11,'government_support','Contract Summary - Government Support',NULL,0,'2020-01-28 09:39:23','2020-01-28 09:39:23'),(197,117,11,'guarantees','Contract Summary - Guarantees/Commitments Received',NULL,0,'2020-01-28 09:39:23','2020-01-28 09:39:23'),(198,117,11,'tariffs','Contract Summary - Tariffs',NULL,0,'2020-01-28 09:39:23','2020-01-28 09:39:23'),(199,117,11,'termination_provisions','Contract Summary - Termination Provisions',NULL,0,'2020-01-28 09:39:23','2020-01-28 09:39:23'),(200,117,11,'renegotiations','Contract Summary - Renegotiations',NULL,0,'2020-01-28 09:39:23','2020-01-28 09:39:23'),(201,117,11,'key_performance_indicators','Performance Information - Key Performance Indicators',NULL,0,'2020-01-28 09:39:23','2020-01-28 09:39:23'),(202,117,11,'performance_failures','Performance Information - Performance Failures',NULL,0,'2020-01-28 09:39:23','2020-01-28 09:39:23'),(203,117,11,'performance_assesments','Performance Information - Performance Assesments',NULL,0,'2020-01-28 09:39:23','2020-01-28 09:39:23'),(204,117,11,'announcements','Announcements',NULL,0,'2020-01-28 09:39:23','2020-01-28 09:39:23'),(205,117,11,'environmental','Environmental and Social Impact Assessment Report',NULL,0,'2020-01-28 09:39:23','2020-01-28 09:39:23'),(206,117,12,'title','Footer Management',NULL,0,'2020-01-28 09:39:23','2020-01-28 09:39:23'),(207,117,12,'contact','Contact Information',NULL,0,'2020-01-28 09:39:23','2020-01-28 09:39:23'),(208,117,12,'about-ppp-title','About PPP Section Title',NULL,0,'2020-01-28 09:39:23','2020-01-28 09:39:23'),(209,117,12,'about-ppp-content','About PPP Section Content',NULL,0,'2020-01-28 09:39:23','2020-01-28 09:39:23'),(210,117,12,'website','Website',NULL,0,'2020-01-28 09:39:23','2020-01-28 09:39:23'),(211,117,12,'mail','Email',NULL,0,'2020-01-28 09:39:23','2020-01-28 09:39:23'),(212,117,12,'address','Address',NULL,0,'2020-01-28 09:39:23','2020-01-28 09:39:23'),(213,117,12,'address_link','Google Maps link',NULL,0,'2020-01-28 09:39:23','2020-01-28 09:39:23'),(214,117,12,'phone','Phone',NULL,0,'2020-01-28 09:39:23','2020-01-28 09:39:23'),(215,117,12,'social','Social media',NULL,0,'2020-01-28 09:39:23','2020-01-28 09:39:23'),(216,117,12,'about-ppp-success','The about PPP information has been successfully saved',NULL,0,'2020-01-28 09:39:23','2020-01-28 09:39:23'),(217,117,12,'contact-success','The contact information has been successfully saved',NULL,0,'2020-01-28 09:39:23','2020-01-28 09:39:23'),(218,117,12,'social-success','The social media links have been successfully saved',NULL,0,'2020-01-28 09:39:23','2020-01-28 09:39:23'),(219,117,13,'map','Map',NULL,0,'2020-01-28 09:39:23','2020-01-28 09:39:23'),(220,117,13,'filterstage','Filter by Stage',NULL,0,'2020-01-28 09:39:23','2020-01-28 09:39:23'),(221,117,13,'filterregion','Filter by Region',NULL,0,'2020-01-28 09:39:23','2020-01-28 09:39:23'),(222,117,13,'filtercountry','Filter by Country',NULL,0,'2020-01-28 09:39:23','2020-01-28 09:39:23'),(223,117,13,'filterstate','Filter by Region',NULL,0,'2020-01-28 09:39:23','2020-01-28 09:39:23'),(224,117,13,'filtersector','Filter by Sector',NULL,0,'2020-01-28 09:39:23','2020-01-28 09:39:23'),(225,117,13,'latest-projects','Latest Projects Updates',NULL,0,'2020-01-28 09:39:23','2020-01-28 09:39:23'),(226,117,13,'announcements','Project announcements',NULL,0,'2020-01-28 09:39:23','2020-01-28 09:39:23'),(227,117,13,'browser-outdated','Your browser is outdated',NULL,0,'2020-01-28 09:39:23','2020-01-28 09:39:23'),(228,117,13,'experience','To render this page, your browser must be kept up to date. Click the update button to download the latest version of your browser',NULL,0,'2020-01-28 09:39:23','2020-01-28 09:39:23'),(229,117,13,'download','Update here',NULL,0,'2020-01-28 09:39:23','2020-01-28 09:39:23'),(230,117,13,'total_value','Total value',NULL,0,'2020-01-28 09:39:23','2020-01-28 09:39:23'),(231,117,13,'generating_files1','The system is generating the file that contains all the files related to this project.',NULL,0,'2020-01-28 09:39:23','2020-01-28 09:39:23'),(232,117,13,'generating_files2','This may take some time depending on the size of the files. Please wait until this process ends and don\'t reload this page.',NULL,0,'2020-01-28 09:39:23','2020-01-28 09:39:23'),(233,117,13,'generating_files3','Your file has been prepared. Your download will start in a few seconds.',NULL,0,'2020-01-28 09:39:23','2020-01-28 09:39:23'),(234,117,14,'hi','Hi,',NULL,0,'2020-01-28 09:39:23','2020-01-28 09:39:23'),(235,117,14,'permissions','Permissions',NULL,0,'2020-01-28 09:39:23','2020-01-28 09:39:23'),(236,117,14,'name','Name',NULL,0,'2020-01-28 09:39:23','2020-01-28 09:39:23'),(237,117,14,'email','Email',NULL,0,'2020-01-28 09:39:23','2020-01-28 09:39:23'),(238,117,14,'message','Message',NULL,0,'2020-01-28 09:39:23','2020-01-28 09:39:23'),(239,117,14,'description','Description',NULL,0,'2020-01-28 09:39:23','2020-01-28 09:39:23'),(240,117,14,'role','Role',NULL,0,'2020-01-28 09:39:23','2020-01-28 09:39:23'),(241,117,14,'telephone','Telephone',NULL,0,'2020-01-28 09:39:23','2020-01-28 09:39:23'),(242,117,14,'date_added','Date added, :Date',':',0,'2020-01-28 09:39:23','2020-01-28 09:39:23'),(243,117,14,'save_draft','Save as draft',NULL,0,'2020-01-28 09:39:23','2020-01-28 09:39:23'),(244,117,14,'publish','Publish',NULL,0,'2020-01-28 09:39:23','2020-01-28 09:39:23'),(245,117,14,'published','Published',NULL,0,'2020-01-28 09:39:23','2020-01-28 09:39:23'),(246,117,14,'reason','Reason',NULL,0,'2020-01-28 09:39:23','2020-01-28 09:39:23'),(247,117,14,'changes','Changes',NULL,0,'2020-01-28 09:39:23','2020-01-28 09:39:23'),(248,117,14,'date','Date',NULL,0,'2020-01-28 09:39:23','2020-01-28 09:39:23'),(249,117,14,'user','User',NULL,0,'2020-01-28 09:39:23','2020-01-28 09:39:23'),(250,117,14,'cancel','Cancel',NULL,0,'2020-01-28 09:39:23','2020-01-28 09:39:23'),(251,117,14,'save','Save',NULL,0,'2020-01-28 09:39:23','2020-01-28 09:39:23'),(252,117,14,'send','Send',NULL,0,'2020-01-28 09:39:23','2020-01-28 09:39:23'),(253,117,14,'choose-option','Choose an option',NULL,0,'2020-01-28 09:39:23','2020-01-28 09:39:23'),(254,117,14,'choose-option-multiple','Choose one or more option(s)',NULL,0,'2020-01-28 09:39:23','2020-01-28 09:39:23'),(255,117,14,'entity','Entity',NULL,0,'2020-01-28 09:39:23','2020-01-28 09:39:23'),(256,117,14,'sector','Sector',NULL,0,'2020-01-28 09:39:23','2020-01-28 09:39:23'),(257,117,14,'region','Region',NULL,0,'2020-01-28 09:39:23','2020-01-28 09:39:23'),(258,117,14,'location','Location',NULL,0,'2020-01-28 09:39:23','2020-01-28 09:39:23'),(259,117,14,'stage','Stage',NULL,0,'2020-01-28 09:39:23','2020-01-28 09:39:23'),(260,117,14,'phase','Phase',NULL,0,'2020-01-28 09:39:23','2020-01-28 09:39:23'),(261,117,14,'proposed_form_of_contract','Proposed form of contract',NULL,0,'2020-01-28 09:39:23','2020-01-28 09:39:23'),(262,117,14,'contracting_authority','Sponsoring Public Authority',NULL,0,'2020-01-28 09:39:23','2020-01-28 09:39:23'),(263,117,14,'sponsor-agency','Contracting Authority',NULL,0,'2020-01-28 09:39:23','2020-01-28 09:39:23'),(264,117,14,'save-draft','Save as draft',NULL,0,'2020-01-28 09:39:23','2020-01-28 09:39:23'),(265,117,14,'active','Active',NULL,0,'2020-01-28 09:39:23','2020-01-28 09:39:23'),(266,117,14,'projects','Projects',NULL,0,'2020-01-28 09:39:23','2020-01-28 09:39:23'),(267,117,14,'close','Close',NULL,0,'2020-01-28 09:39:23','2020-01-28 09:39:23'),(268,117,14,'no','No',NULL,0,'2020-01-28 09:39:23','2020-01-28 09:39:23'),(269,117,14,'yes',' Yes',NULL,0,'2020-01-28 09:39:23','2020-01-28 09:39:23'),(270,117,14,'last_update','Last update',NULL,0,'2020-01-28 09:39:23','2020-01-28 09:39:23'),(271,117,14,'download_document','Download document',NULL,0,'2020-01-28 09:39:23','2020-01-28 09:39:23'),(272,117,14,'download_documents','Download documents',NULL,0,'2020-01-28 09:39:23','2020-01-28 09:39:23'),(273,117,14,'documents','Documents',NULL,0,'2020-01-28 09:39:23','2020-01-28 09:39:23'),(274,117,14,'year','year',NULL,0,'2020-01-28 09:39:23','2020-01-28 09:39:23'),(275,117,14,'type','Type',NULL,0,'2020-01-28 09:39:23','2020-01-28 09:39:23'),(276,117,14,'unit','Unit',NULL,0,'2020-01-28 09:39:23','2020-01-28 09:39:23'),(277,117,14,'home','Home',NULL,0,'2020-01-28 09:39:23','2020-01-28 09:39:23'),(278,117,14,'latest_updates','Latest updates',NULL,0,'2020-01-28 09:39:23','2020-01-28 09:39:23'),(279,117,14,'announcements','Announcements',NULL,0,'2020-01-28 09:39:23','2020-01-28 09:39:23'),(280,117,14,'navigation','Navigation',NULL,0,'2020-01-28 09:39:23','2020-01-28 09:39:23'),(281,117,14,'contact','Contact',NULL,0,'2020-01-28 09:39:23','2020-01-28 09:39:23'),(282,117,14,'contact_us','Contact us',NULL,0,'2020-01-28 09:39:23','2020-01-28 09:39:23'),(283,117,14,'get_updates','Get our updates',NULL,0,'2020-01-28 09:39:23','2020-01-28 09:39:23'),(284,117,14,'search_project','Find project',NULL,0,'2020-01-28 09:39:23','2020-01-28 09:39:23'),(285,117,14,'find_project','Find a project by name',NULL,0,'2020-01-28 09:39:23','2020-01-28 09:39:23'),(286,117,14,'continue_reading','Read more',NULL,0,'2020-01-28 09:39:23','2020-01-28 09:39:23'),(287,117,14,'download_page_pdf','Print page',NULL,0,'2020-01-28 09:39:23','2020-01-28 09:39:23'),(288,117,14,'download_page_documents','Download page documents',NULL,0,'2020-01-28 09:39:23','2020-01-28 09:39:23'),(289,117,14,'begin_typing','Begin typing',NULL,0,'2020-01-28 09:39:23','2020-01-28 09:39:23'),(290,117,14,'request-new','If you want to propose to add a new element for this section, please click on the button below',NULL,0,'2020-01-28 09:39:23','2020-01-28 09:39:23'),(291,117,14,'request-new-button','Make a request',NULL,0,'2020-01-28 09:39:23','2020-01-28 09:39:23'),(292,117,14,'cofog','Sector COFOG',NULL,0,'2020-01-28 09:39:23','2020-01-28 09:39:23'),(293,117,14,'timing_invest','Indicative timing of investment',NULL,0,'2020-01-28 09:39:23','2020-01-28 09:39:23'),(294,117,15,'add-new','Add a new announcement',NULL,0,'2020-01-28 09:39:23','2020-01-28 09:39:23'),(295,117,15,'add-new-button','Create a new general announcement',NULL,0,'2020-01-28 09:39:23','2020-01-28 09:39:23'),(296,117,15,'name','Announcement Title',NULL,0,'2020-01-28 09:39:23','2020-01-28 09:39:23'),(297,117,15,'description','Announcement Description',NULL,0,'2020-01-28 09:39:23','2020-01-28 09:39:23'),(298,117,15,'documents','Announcement Documents',NULL,0,'2020-01-28 09:39:23','2020-01-28 09:39:23'),(299,117,15,'delete-title','Delete an announcement',NULL,0,'2020-01-28 09:39:23','2020-01-28 09:39:23'),(300,117,15,'delete-body','Are you sure you want to delete this announcement?',NULL,0,'2020-01-28 09:39:23','2020-01-28 09:39:23'),(301,117,15,'announcement','Announcement',NULL,0,'2020-01-28 09:39:23','2020-01-28 09:39:23'),(302,117,15,'project-announcements','Project Announcements',NULL,0,'2020-01-28 09:39:23','2020-01-28 09:39:23'),(303,117,15,'announcement-info','Announcement Information',NULL,0,'2020-01-28 09:39:23','2020-01-28 09:39:23'),(304,117,15,'announcement-create-success','The new announcement has been successfully created',NULL,0,'2020-01-28 09:39:23','2020-01-28 09:39:23'),(305,117,15,'announcement-edit-success','The announcement has been successfully updated',NULL,0,'2020-01-28 09:39:23','2020-01-28 09:39:23'),(306,117,15,'announcement-delete-success','The announcement has been successfully deleted',NULL,0,'2020-01-28 09:39:23','2020-01-28 09:39:23'),(307,117,15,'no-announcements','There are no announcements in this section.',NULL,0,'2020-01-28 09:39:23','2020-01-28 09:39:23'),(308,117,16,'title','Graphs',NULL,0,'2020-01-28 09:39:23','2020-01-28 09:39:23'),(309,117,16,'first_graph','Graph 1',NULL,0,'2020-01-28 09:39:23','2020-01-28 09:39:23'),(310,117,16,'second_graph','Graph 2',NULL,0,'2020-01-28 09:39:23','2020-01-28 09:39:23'),(311,117,16,'stages','Phase',NULL,0,'2020-01-28 09:39:23','2020-01-28 09:39:23'),(312,117,16,'regions','Regions',NULL,0,'2020-01-28 09:39:23','2020-01-28 09:39:23'),(313,117,16,'sectors','Sector',NULL,0,'2020-01-28 09:39:23','2020-01-28 09:39:23'),(314,117,16,'bar','Bar',NULL,0,'2020-01-28 09:39:23','2020-01-28 09:39:23'),(315,117,16,'pie','Pie',NULL,0,'2020-01-28 09:39:23','2020-01-28 09:39:23'),(316,117,16,'project_by','Projects by',NULL,0,'2020-01-28 09:39:23','2020-01-28 09:39:23'),(317,117,16,'type','Type',NULL,0,'2020-01-28 09:39:23','2020-01-28 09:39:23'),(318,117,16,'error_different','You can\'t put two graphs on the same position',NULL,0,'2020-01-28 09:39:23','2020-01-28 09:39:23'),(319,117,16,'empty_positions','You can\'t left a position without a graph',NULL,0,'2020-01-28 09:39:23','2020-01-28 09:39:23'),(320,117,16,'left','Left',NULL,0,'2020-01-28 09:39:23','2020-01-28 09:39:23'),(321,117,16,'right','Right',NULL,0,'2020-01-28 09:39:23','2020-01-28 09:39:23'),(322,117,17,'download_template','Download template',NULL,0,'2020-01-28 09:39:23','2020-01-28 09:39:23'),(323,117,17,'download_template_for','Download template for ...',NULL,0,'2020-01-28 09:39:23','2020-01-28 09:39:23'),(324,117,17,'nsia_private','NSIA-to-Private',NULL,0,'2020-01-28 09:39:23','2020-01-28 09:39:23'),(325,117,17,'nsia_public','NSIA-to-Public',NULL,0,'2020-01-28 09:39:23','2020-01-28 09:39:23'),(326,117,17,'nsia_ppp','PPP Project',NULL,0,'2020-01-28 09:39:23','2020-01-28 09:39:23'),(327,117,18,'required','This field is required.',NULL,0,'2020-01-28 09:39:23','2020-01-28 09:39:23'),(328,117,18,'remote','This field has already been taken.',NULL,0,'2020-01-28 09:39:23','2020-01-28 09:39:23'),(329,117,18,'email','Please enter a valid email address.',NULL,0,'2020-01-28 09:39:23','2020-01-28 09:39:23'),(330,117,18,'url','Please enter a valid URL.',NULL,0,'2020-01-28 09:39:23','2020-01-28 09:39:23'),(331,117,18,'date','Please enter a valid date.',NULL,0,'2020-01-28 09:39:23','2020-01-28 09:39:23'),(332,117,18,'dateISO','Please enter a valid date (ISO).',NULL,0,'2020-01-28 09:39:23','2020-01-28 09:39:23'),(333,117,18,'number','Please enter a valid number.',NULL,0,'2020-01-28 09:39:23','2020-01-28 09:39:23'),(334,117,18,'digits','Please enter only digits.',NULL,0,'2020-01-28 09:39:23','2020-01-28 09:39:23'),(335,117,18,'creditcard','Please enter a valid credit card number.',NULL,0,'2020-01-28 09:39:23','2020-01-28 09:39:23'),(336,117,18,'equalTo','Please enter the same value again.',NULL,0,'2020-01-28 09:39:23','2020-01-28 09:39:23'),(337,117,18,'accept','Please enter a value with a valid extension.',NULL,0,'2020-01-28 09:39:23','2020-01-28 09:39:23'),(338,117,18,'maxlength','Please enter no more than {0} characters.',NULL,0,'2020-01-28 09:39:23','2020-01-28 09:39:23'),(339,117,18,'minlength','Please enter at least {0} characters.',NULL,0,'2020-01-28 09:39:23','2020-01-28 09:39:23'),(340,117,18,'rangelength','Please enter a value between {0} and {1} characters long.',NULL,0,'2020-01-28 09:39:23','2020-01-28 09:39:23'),(341,117,18,'range','Please enter a value between {0} and {1}.',NULL,0,'2020-01-28 09:39:23','2020-01-28 09:39:23'),(342,117,18,'max','Please enter a value less than or equal to {0}.',NULL,0,'2020-01-28 09:39:23','2020-01-28 09:39:23'),(343,117,18,'min','Please enter a value greater than or equal to {0}.',NULL,0,'2020-01-28 09:39:23','2020-01-28 09:39:23'),(344,117,18,'int-input-lenght','Please enter a valid number',NULL,0,'2020-01-28 09:39:23','2020-01-28 09:39:23'),(345,117,18,'ocid','The OCID is already in use, please choose another OCID',NULL,0,'2020-01-28 09:39:23','2020-01-28 09:39:23'),(346,117,19,'title',' Terminology',NULL,0,'2020-01-28 09:39:23','2020-01-28 09:39:23'),(347,117,19,'available_languages','Available languages',NULL,0,'2020-01-28 09:39:23','2020-01-28 09:39:23'),(348,117,19,'add',' Add new language',NULL,0,'2020-01-28 09:39:23','2020-01-28 09:39:23'),(349,117,19,'edit',' Edit translation',NULL,0,'2020-01-28 09:39:23','2020-01-28 09:39:23'),(350,117,19,'active',' Active language',NULL,0,'2020-01-28 09:39:23','2020-01-28 09:39:23'),(351,117,19,'not_found',' The system was unable to found the translation',NULL,0,'2020-01-28 09:39:23','2020-01-28 09:39:23'),(352,117,19,'select_language','Select language',NULL,0,'2020-01-28 09:39:23','2020-01-28 09:39:23'),(353,117,19,'new_error','Unable to add a new language',NULL,0,'2020-01-28 09:39:23','2020-01-28 09:39:23'),(354,117,19,'required_parameter','This field has a required parameter',NULL,0,'2020-01-28 09:39:23','2020-01-28 09:39:23'),(355,117,19,'aboutppp','About PPP',NULL,0,'2020-01-28 09:39:23','2020-01-28 09:39:23'),(356,117,19,'add-project','Add project',NULL,0,'2020-01-28 09:39:23','2020-01-28 09:39:23'),(357,117,19,'announcements','Announcements',NULL,0,'2020-01-28 09:39:23','2020-01-28 09:39:23'),(358,117,19,'annual_demand_levels','Annual demand levels',NULL,0,'2020-01-28 09:39:23','2020-01-28 09:39:23'),(359,117,19,'auth','Auth',NULL,0,'2020-01-28 09:39:23','2020-01-28 09:39:23'),(360,117,19,'banners','Banners',NULL,0,'2020-01-28 09:39:23','2020-01-28 09:39:23'),(361,117,19,'components','Components',NULL,0,'2020-01-28 09:39:23','2020-01-28 09:39:23'),(362,117,19,'contact','Contact',NULL,0,'2020-01-28 09:39:23','2020-01-28 09:39:23'),(363,117,19,'contract-milestones','Project milestones',NULL,0,'2020-01-28 09:39:23','2020-01-28 09:39:23'),(364,117,19,'contract-termination','Terminal Provisions',NULL,0,'2020-01-28 09:39:23','2020-01-28 09:39:23'),(365,117,19,'dashboard','Dashboard',NULL,0,'2020-01-28 09:39:23','2020-01-28 09:39:23'),(366,117,19,'documents','Documents',NULL,0,'2020-01-28 09:39:23','2020-01-28 09:39:23'),(367,117,19,'entity','Entity',NULL,0,'2020-01-28 09:39:23','2020-01-28 09:39:23'),(368,117,19,'errors','Errors',NULL,0,'2020-01-28 09:39:23','2020-01-28 09:39:23'),(369,117,19,'evaluation-ppp','Evaluation PPP',NULL,0,'2020-01-28 09:39:23','2020-01-28 09:39:23'),(370,117,19,'financial','Financial',NULL,0,'2020-01-28 09:39:23','2020-01-28 09:39:23'),(371,117,19,'footer','Footer',NULL,0,'2020-01-28 09:39:23','2020-01-28 09:39:23'),(372,117,19,'gallery','Gallery',NULL,0,'2020-01-28 09:39:23','2020-01-28 09:39:23'),(373,117,19,'general','General',NULL,0,'2020-01-28 09:39:23','2020-01-28 09:39:23'),(374,117,19,'government-support','Government support',NULL,0,'2020-01-28 09:39:23','2020-01-28 09:39:23'),(375,117,19,'graphs','Graphs',NULL,0,'2020-01-28 09:39:23','2020-01-28 09:39:23'),(376,117,19,'income_statements_metrics','Income statements metrics',NULL,0,'2020-01-28 09:39:23','2020-01-28 09:39:23'),(377,117,19,'jquery-validation','Jquery validation',NULL,0,'2020-01-28 09:39:23','2020-01-28 09:39:23'),(378,117,19,'key_performance_indicators','Key performance indicators',NULL,0,'2020-01-28 09:39:23','2020-01-28 09:39:23'),(379,117,19,'langs','Langs',NULL,0,'2020-01-28 09:39:23','2020-01-28 09:39:23'),(380,117,19,'login','Login',NULL,0,'2020-01-28 09:39:23','2020-01-28 09:39:23'),(381,117,19,'menu','Menu',NULL,0,'2020-01-28 09:39:23','2020-01-28 09:39:23'),(382,117,19,'messages','Messages',NULL,0,'2020-01-28 09:39:23','2020-01-28 09:39:23'),(383,117,19,'newsletter','Newsletter',NULL,0,'2020-01-28 09:39:23','2020-01-28 09:39:23'),(384,117,19,'other_financial_metrics','Other financial metrics',NULL,0,'2020-01-28 09:39:23','2020-01-28 09:39:23'),(385,117,19,'pagination','Pagination',NULL,0,'2020-01-28 09:39:23','2020-01-28 09:39:23'),(386,117,19,'party','Party',NULL,0,'2020-01-28 09:39:23','2020-01-28 09:39:23'),(387,117,19,'passwords','Passwords',NULL,0,'2020-01-28 09:39:23','2020-01-28 09:39:23'),(388,117,19,'performance_assessments','Performance assessments',NULL,0,'2020-01-28 09:39:23','2020-01-28 09:39:23'),(389,117,19,'performance_failures','Performance failures',NULL,0,'2020-01-28 09:39:23','2020-01-28 09:39:23'),(390,117,19,'procurement','Procurement',NULL,0,'2020-01-28 09:39:23','2020-01-28 09:39:23'),(391,117,19,'project','Project',NULL,0,'2020-01-28 09:39:23','2020-01-28 09:39:23'),(392,117,19,'project-information','Project information',NULL,0,'2020-01-28 09:39:23','2020-01-28 09:39:23'),(393,117,19,'renegotiations','Renegotiations',NULL,0,'2020-01-28 09:39:23','2020-01-28 09:39:23'),(394,117,19,'risks','Risks',NULL,0,'2020-01-28 09:39:23','2020-01-28 09:39:23'),(395,117,19,'sections','Sections',NULL,0,'2020-01-28 09:39:23','2020-01-28 09:39:23'),(396,117,19,'sectors','Sectors',NULL,0,'2020-01-28 09:39:23','2020-01-28 09:39:23'),(397,117,19,'settings','Settings',NULL,0,'2020-01-28 09:39:23','2020-01-28 09:39:23'),(398,117,19,'sliders','Sliders',NULL,0,'2020-01-28 09:39:23','2020-01-28 09:39:23'),(399,117,19,'tariffs','Tariffs',NULL,0,'2020-01-28 09:39:23','2020-01-28 09:39:23'),(400,117,19,'task','Task',NULL,0,'2020-01-28 09:39:23','2020-01-28 09:39:23'),(401,117,19,'themes','Themes',NULL,0,'2020-01-28 09:39:23','2020-01-28 09:39:23'),(402,117,19,'user','User',NULL,0,'2020-01-28 09:39:23','2020-01-28 09:39:23'),(403,117,19,'validation','Validation',NULL,0,'2020-01-28 09:39:23','2020-01-28 09:39:23'),(404,117,19,'select_section','Select a section to translate',NULL,0,'2020-01-28 09:39:23','2020-01-28 09:39:23'),(405,117,20,'log_filter','Filter results',NULL,0,'2020-01-28 09:39:23','2020-01-28 09:39:23'),(406,117,20,'log_help','Please note that, by default, only the latest 100 lines of the log of all users are showing. To change this, please select the desired option below:',':',0,'2020-01-28 09:39:23','2020-01-28 09:39:23'),(407,117,20,'table_title','Log results',NULL,0,'2020-01-28 09:39:23','2020-01-28 09:39:23'),(408,117,20,'display','Display',NULL,0,'2020-01-28 09:39:23','2020-01-28 09:39:23'),(409,117,20,'users','Filter by user',NULL,0,'2020-01-28 09:39:23','2020-01-28 09:39:23'),(410,117,20,'select_users','Select user',NULL,0,'2020-01-28 09:39:23','2020-01-28 09:39:23'),(411,117,20,'filter','Filter',NULL,0,'2020-01-28 09:39:23','2020-01-28 09:39:23'),(412,117,20,'reset','Reset',NULL,0,'2020-01-28 09:39:23','2020-01-28 09:39:23'),(413,117,20,'delete','Delete older log lines',NULL,0,'2020-01-28 09:39:23','2020-01-28 09:39:23'),(414,117,20,'100_lines','Latest 100 lines',NULL,0,'2020-01-28 09:39:23','2020-01-28 09:39:23'),(415,117,20,'all_lines','Full log',NULL,0,'2020-01-28 09:39:23','2020-01-28 09:39:23'),(416,117,20,'action','Action',NULL,0,'2020-01-28 09:39:23','2020-01-28 09:39:23'),(417,117,20,'user','User',NULL,0,'2020-01-28 09:39:23','2020-01-28 09:39:23'),(418,117,20,'section','ID',NULL,0,'2020-01-28 09:39:23','2020-01-28 09:39:23'),(419,117,20,'section_type','Section Type',NULL,0,'2020-01-28 09:39:23','2020-01-28 09:39:23'),(420,117,20,'time','Time',NULL,0,'2020-01-28 09:39:23','2020-01-28 09:39:23'),(421,117,20,'properties','Description',NULL,0,'2020-01-28 09:39:23','2020-01-28 09:39:23'),(422,117,21,'email_error','Coulnd\'t send the email',NULL,0,'2020-01-28 09:39:23','2020-01-28 09:39:23'),(423,117,21,'email_server_not_available','Email server is not available',NULL,0,'2020-01-28 09:39:23','2020-01-28 09:39:23'),(424,117,21,'email_blocked','The email is blocked',NULL,0,'2020-01-28 09:39:23','2020-01-28 09:39:23'),(425,117,21,'email_invalid','The email is invalid',NULL,0,'2020-01-28 09:39:23','2020-01-28 09:39:23'),(426,117,21,'email_not_reachable','The email is not accepting our messages',NULL,0,'2020-01-28 09:39:23','2020-01-28 09:39:23'),(427,117,22,'dashboard','Dashboard',NULL,0,'2020-01-28 09:39:23','2020-01-28 09:39:23'),(428,117,22,'website-management','Website management',NULL,0,'2020-01-28 09:39:23','2020-01-28 09:39:23'),(429,117,22,'projects','Projects',NULL,0,'2020-01-28 09:39:23','2020-01-28 09:39:23'),(430,117,22,'add-project','Add project',NULL,0,'2020-01-28 09:39:23','2020-01-28 09:39:23'),(431,117,22,'manage-project','Edit/Delete project',NULL,0,'2020-01-28 09:39:23','2020-01-28 09:39:23'),(432,117,22,'view-project','View projects',NULL,0,'2020-01-28 09:39:23','2020-01-28 09:39:23'),(433,117,22,'role-management','User and Role Management',NULL,0,'2020-01-28 09:39:23','2020-01-28 09:39:23'),(434,117,22,'edit-users','Users management',NULL,0,'2020-01-28 09:39:23','2020-01-28 09:39:23'),(435,117,22,'roles-permissions','Edit roles',NULL,0,'2020-01-28 09:39:23','2020-01-28 09:39:23'),(436,117,22,'communications-management','Communication management',NULL,0,'2020-01-28 09:39:23','2020-01-28 09:39:23'),(437,117,22,'communications-management-menutop','Communications',NULL,0,'2020-01-28 09:39:23','2020-01-28 09:39:23'),(438,117,22,'system-configuration','System configuration',NULL,0,'2020-01-28 09:39:23','2020-01-28 09:39:23'),(439,117,22,'general-settings','General settings',NULL,0,'2020-01-28 09:39:23','2020-01-28 09:39:23'),(440,117,22,'select-fields','Select fields configuration',NULL,0,'2020-01-28 09:39:23','2020-01-28 09:39:23'),(441,117,22,'fields-disclose','Sections to disclose',NULL,0,'2020-01-28 09:39:23','2020-01-28 09:39:23'),(442,117,22,'tasks-management','Tasks management',NULL,0,'2020-01-28 09:39:23','2020-01-28 09:39:23'),(443,117,22,'entities','Entities',NULL,0,'2020-01-28 09:39:23','2020-01-28 09:39:23'),(444,117,22,'homepage','Back to homepage',NULL,0,'2020-01-28 09:39:23','2020-01-28 09:39:23'),(445,117,22,'profile','Profile',NULL,0,'2020-01-28 09:39:23','2020-01-28 09:39:23'),(446,117,22,'log-out','Log-out',NULL,0,'2020-01-28 09:39:23','2020-01-28 09:39:23'),(447,117,22,'change-password','Change password',NULL,0,'2020-01-28 09:39:23','2020-01-28 09:39:23'),(448,117,22,'search','Type here your search...',NULL,0,'2020-01-28 09:39:23','2020-01-28 09:39:23'),(449,117,22,'banners','Banners',NULL,0,'2020-01-28 09:39:23','2020-01-28 09:39:23'),(450,117,22,'sliders','Sliders',NULL,0,'2020-01-28 09:39:23','2020-01-28 09:39:23'),(451,117,22,'footer','Footer',NULL,0,'2020-01-28 09:39:23','2020-01-28 09:39:23'),(452,117,22,'graphs','Graphs',NULL,0,'2020-01-28 09:39:23','2020-01-28 09:39:23'),(453,117,22,'project_coordinator','Generic Data Entries',NULL,0,'2020-01-28 09:39:23','2020-01-28 09:39:23'),(454,117,22,'langs','Terminology',NULL,0,'2020-01-28 09:39:23','2020-01-28 09:39:23'),(455,117,22,'deleted_users','Deleted users',NULL,0,'2020-01-28 09:39:23','2020-01-28 09:39:23'),(456,117,22,'account','Account',NULL,0,'2020-01-28 09:39:23','2020-01-28 09:39:23'),(457,117,22,'global-announcements','General Announcements',NULL,0,'2020-01-28 09:39:23','2020-01-28 09:39:23'),(458,117,22,'announcements','Announcements',NULL,0,'2020-01-28 09:39:23','2020-01-28 09:39:23'),(459,117,22,'activity_log','Activity Log',NULL,0,'2020-01-28 09:39:23','2020-01-28 09:39:23'),(460,117,22,'documentation','Documentation',NULL,0,'2020-01-28 09:39:23','2020-01-28 09:39:23'),(461,117,22,'analytics','Platform Analytics',NULL,0,'2020-01-28 09:39:23','2020-01-28 09:39:23'),(462,117,23,'success_save','Changes saved successfully',NULL,0,'2020-01-28 09:39:23','2020-01-28 09:39:23'),(463,117,23,'save_success','Changes saved successfully',NULL,0,'2020-01-28 09:39:23','2020-01-28 09:39:23'),(464,117,23,'success_delete','Deletion successfully',NULL,0,'2020-01-28 09:39:23','2020-01-28 09:39:23'),(465,117,23,'error_oops','Oops!',NULL,0,'2020-01-28 09:39:23','2020-01-28 09:39:23'),(466,117,23,'create','Create',NULL,0,'2020-01-28 09:39:23','2020-01-28 09:39:23'),(467,117,23,'add_item','Add item',NULL,0,'2020-01-28 09:39:23','2020-01-28 09:39:23'),(468,117,23,'add','Add',NULL,0,'2020-01-28 09:39:23','2020-01-28 09:39:23'),(469,117,23,'select','Select',NULL,0,'2020-01-28 09:39:23','2020-01-28 09:39:23'),(470,117,23,'delete_item','Delete item',NULL,0,'2020-01-28 09:39:23','2020-01-28 09:39:23'),(471,117,23,'delete','Delete',NULL,0,'2020-01-28 09:39:23','2020-01-28 09:39:23'),(472,117,23,'save','Save',NULL,0,'2020-01-28 09:39:23','2020-01-28 09:39:23'),(473,117,23,'confirm_question','Are you sure?',NULL,0,'2020-01-28 09:39:23','2020-01-28 09:39:23'),(474,117,23,'success_publish','Published',NULL,0,'2020-01-28 09:39:23','2020-01-28 09:39:23'),(475,117,23,'error_publish','Error at publish the item',NULL,0,'2020-01-28 09:39:23','2020-01-28 09:39:23'),(476,117,23,'description_placeholder','Insert your description here...',NULL,0,'2020-01-28 09:39:23','2020-01-28 09:39:23'),(477,117,23,'success','Success!',NULL,0,'2020-01-28 09:39:23','2020-01-28 09:39:23'),(478,117,23,'error','Error!',NULL,0,'2020-01-28 09:39:23','2020-01-28 09:39:23'),(479,117,23,'general_error','An error has occurred',NULL,0,'2020-01-28 09:39:23','2020-01-28 09:39:23'),(480,117,23,'confirm','Are you sure?',NULL,0,'2020-01-28 09:39:23','2020-01-28 09:39:23'),(481,117,23,'yes_delete','Yes, delete',NULL,0,'2020-01-28 09:39:23','2020-01-28 09:39:23'),(482,117,23,'table_editable','If you want to modify a record, please click on it and when you finish modifying click \"Publish\"',NULL,0,'2020-01-28 09:39:23','2020-01-28 09:39:23'),(483,117,23,'yes_proceed','Yes, proceed',NULL,0,'2020-01-28 09:39:23','2020-01-28 09:39:23'),(484,117,23,'empty_record','Information will be published as soon as it is available.',NULL,0,'2020-01-28 09:39:23','2020-01-28 09:39:23'),(485,117,23,'empty_name','The project name can not be empty',NULL,0,'2020-01-28 09:39:23','2020-01-28 09:39:23'),(486,117,23,'section-info','Get more information about this section clicking here',NULL,0,'2020-01-28 09:39:23','2020-01-28 09:39:23'),(487,117,24,'title','Communication Management',NULL,0,'2020-01-28 09:39:23','2020-01-28 09:39:23'),(488,117,24,'notifications_management','',NULL,0,'2020-01-28 09:39:23','2020-01-28 09:39:23'),(489,117,24,'newsletter_subscribers','',NULL,0,'2020-01-28 09:39:23','2020-01-28 09:39:23'),(490,117,24,'field_to','',NULL,0,'2020-01-28 09:39:23','2020-01-28 09:39:23'),(491,117,24,'field_subject','',NULL,0,'2020-01-28 09:39:23','2020-01-28 09:39:23'),(492,117,24,'field_message','',NULL,0,'2020-01-28 09:39:23','2020-01-28 09:39:23'),(493,117,24,'submit_user','',NULL,0,'2020-01-28 09:39:23','2020-01-28 09:39:23'),(494,117,24,'submit_roles','',NULL,0,'2020-01-28 09:39:23','2020-01-28 09:39:23'),(495,117,24,'name','',NULL,0,'2020-01-28 09:39:23','2020-01-28 09:39:23'),(496,117,24,'email','',NULL,0,'2020-01-28 09:39:23','2020-01-28 09:39:23'),(497,117,24,'plural_subscribers','subscribers',NULL,0,'2020-01-28 09:39:23','2020-01-28 09:39:23'),(498,117,25,'save','Save order',NULL,0,'2020-01-28 09:39:23','2020-01-28 09:39:23'),(499,117,25,'success','The new order of the elements has been successfully saved',NULL,0,'2020-01-28 09:39:23','2020-01-28 09:39:23'),(500,117,26,'previous','&laquo; Previous',NULL,0,'2020-01-28 09:39:23','2020-01-28 09:39:23'),(501,117,26,'next','Next &raquo;',NULL,0,'2020-01-28 09:39:23','2020-01-28 09:39:23'),(502,117,27,'password','Passwords must be at least six characters and match the confirmation.',NULL,0,'2020-01-28 09:39:23','2020-01-28 09:39:23'),(503,117,27,'reset','Your password has been reset!',NULL,0,'2020-01-28 09:39:23','2020-01-28 09:39:23'),(504,117,27,'sent','We have e-mailed your password reset link!',NULL,0,'2020-01-28 09:39:23','2020-01-28 09:39:23'),(505,117,27,'token','This password reset token is invalid.',NULL,0,'2020-01-28 09:39:23','2020-01-28 09:39:23'),(506,117,27,'user','We can\'t find a user with that e-mail address.',NULL,0,'2020-01-28 09:39:23','2020-01-28 09:39:23'),(507,117,28,'feasibility_study_report','Feasibility Study Report',NULL,0,'2020-01-28 09:39:23','2020-01-28 09:39:23'),(508,117,28,'request_qualification','RPQ',NULL,0,'2020-01-28 09:39:23','2020-01-28 09:39:23'),(509,117,28,'short_listed_bidders_evaluation','Short-listed bidders',NULL,0,'2020-01-28 09:39:23','2020-01-28 09:39:23'),(510,117,28,'request_proposal','RFB',NULL,0,'2020-01-28 09:39:23','2020-01-28 09:39:23'),(511,117,28,'award_evaluation_summary','Award',NULL,0,'2020-01-28 09:39:23','2020-01-28 09:39:23'),(512,117,29,'section',NULL,NULL,0,'2020-01-28 09:39:23','2020-01-28 09:39:23'),(513,117,29,'project_basic_information','Basic project information',NULL,512,'2020-01-28 09:39:23','2020-01-28 09:39:23'),(514,117,29,'contract_milestones','Project milestones',NULL,512,'2020-01-28 09:39:23','2020-01-28 09:39:23'),(515,117,29,'parties','Parties',NULL,512,'2020-01-28 09:39:23','2020-01-28 09:39:23'),(516,117,29,'contract_authority','Contracting Authority',NULL,512,'2020-01-28 09:39:23','2020-01-28 09:39:23'),(517,117,29,'procurement','Procurement Documents',NULL,512,'2020-01-28 09:39:23','2020-01-28 09:39:23'),(518,117,29,'project_details_title','Contract summary',NULL,512,'2020-01-28 09:39:23','2020-01-28 09:39:23'),(519,117,29,'project_details',NULL,NULL,512,'2020-01-28 09:39:23','2020-01-28 09:39:23'),(520,117,29,'documents','Redacted PPP Agreement',NULL,519,'2020-01-28 09:39:23','2020-01-28 09:39:23'),(521,117,29,'environment','Environment and Social Impact Assessment Report',NULL,519,'2020-01-28 09:39:23','2020-01-28 09:39:23'),(522,117,29,'announcements','Announcements',NULL,519,'2020-01-28 09:39:23','2020-01-28 09:39:23'),(523,117,29,'risks','Risks',NULL,519,'2020-01-28 09:39:23','2020-01-28 09:39:23'),(524,117,29,'evaluation-ppp','Evaluation of PPP',NULL,519,'2020-01-28 09:39:23','2020-01-28 09:39:23'),(525,117,29,'financial','Financial Structure',NULL,519,'2020-01-28 09:39:23','2020-01-28 09:39:23'),(526,117,29,'government-support','Government support',NULL,519,'2020-01-28 09:39:23','2020-01-28 09:39:23'),(527,117,29,'tariffs','Tariffs',NULL,519,'2020-01-28 09:39:23','2020-01-28 09:39:23'),(528,117,29,'contract-termination','Termination Provisions',NULL,519,'2020-01-28 09:39:23','2020-01-28 09:39:23'),(529,117,29,'renegotiations','Renegotiations',NULL,519,'2020-01-28 09:39:23','2020-01-28 09:39:23'),(530,117,29,'environment_social_impact_assessment','Environment and Social Impact Assessment',NULL,519,'2020-01-28 09:39:23','2020-01-28 09:39:23'),(531,117,29,'award','Award & Financing',NULL,519,'2020-01-28 09:39:23','2020-01-28 09:39:23'),(532,117,29,'performance_information_title','Performance information',NULL,512,'2020-01-28 09:39:23','2020-01-28 09:39:23'),(533,117,29,'performance_information',NULL,NULL,512,'2020-01-28 09:39:23','2020-01-28 09:39:23'),(534,117,29,'annual_demand_levels','Annual demand levels',NULL,533,'2020-01-28 09:39:23','2020-01-28 09:39:23'),(535,117,29,'income_statements_metrics','Income statement metrics',NULL,533,'2020-01-28 09:39:23','2020-01-28 09:39:23'),(536,117,29,'other_financial_metrics','Other financial metrics',NULL,533,'2020-01-28 09:39:23','2020-01-28 09:39:23'),(537,117,29,'key_performance_indicators','Key performance indicators',NULL,533,'2020-01-28 09:39:23','2020-01-28 09:39:23'),(538,117,29,'performance_failures','Performance failures',NULL,533,'2020-01-28 09:39:23','2020-01-28 09:39:23'),(539,117,29,'performance-assessments','Performance assessments',NULL,533,'2020-01-28 09:39:23','2020-01-28 09:39:23'),(540,117,29,'gallery','Gallery',NULL,512,'2020-01-28 09:39:23','2020-01-28 09:39:23'),(541,117,29,'project_name','Project name',NULL,0,'2020-01-28 09:39:23','2020-01-28 09:39:23'),(542,117,29,'throttle','Too many login attempts. Please try again in :seconds seconds.',':seconds',0,'2020-01-28 09:39:23','2020-01-28 09:39:23'),(543,117,29,'rate_of_return','Rate of return',NULL,0,'2020-01-28 09:39:23','2020-01-28 09:39:23'),(544,117,29,'enable-section','Change visibility of the section',NULL,0,'2020-01-28 09:39:23','2020-01-28 09:39:23'),(545,117,29,'enable-subsection','Change visibility of the subsection',NULL,0,'2020-01-28 09:39:23','2020-01-28 09:39:23'),(546,117,29,'visible','Visible',NULL,0,'2020-01-28 09:39:23','2020-01-28 09:39:23'),(547,117,29,'non-visible','Non visible',NULL,0,'2020-01-28 09:39:23','2020-01-28 09:39:23'),(548,117,29,'visibility-changed','Visibility changed successfully',NULL,0,'2020-01-28 09:39:23','2020-01-28 09:39:23'),(549,117,29,'key_performance_indicators_none','Please, change at least one key performance indicator before submitting your changes',NULL,0,'2020-01-28 09:39:23','2020-01-28 09:39:23'),(550,117,29,'save-name-info','In order to save the name, please click on the check button',NULL,0,'2020-01-28 09:39:23','2020-01-28 09:39:23'),(551,117,29,'save-name-success','The project name has been successfully changed',NULL,0,'2020-01-28 09:39:23','2020-01-28 09:39:23'),(552,117,29,'save-name-error','There was an error saving the project name. Please, try again later',NULL,0,'2020-01-28 09:39:23','2020-01-28 09:39:23'),(553,117,29,'save-name-duplicated','There is already a project with the name typed. Please, choose other name',NULL,0,'2020-01-28 09:39:23','2020-01-28 09:39:23'),(554,117,29,'private_information','Private information',NULL,0,'2020-01-28 09:39:23','2020-01-28 09:39:23'),(555,117,29,'annual-demand','Annual demand',NULL,0,'2020-01-28 09:39:23','2020-01-28 09:39:23'),(556,117,29,'income-metric','Income metric',NULL,0,'2020-01-28 09:39:23','2020-01-28 09:39:23'),(557,117,29,'filter','Filter existing projects',NULL,0,'2020-01-28 09:39:23','2020-01-28 09:39:23'),(558,117,29,'published','Published',NULL,0,'2020-01-28 09:39:23','2020-01-28 09:39:23'),(559,117,29,'draft','Draft',NULL,0,'2020-01-28 09:39:23','2020-01-28 09:39:23'),(560,117,29,'publish','Published',NULL,0,'2020-01-28 09:39:23','2020-01-28 09:39:23'),(561,117,29,'million','million',NULL,0,'2020-01-28 09:39:23','2020-01-28 09:39:23'),(562,117,29,'procurement-documents','Procurement documents',NULL,0,'2020-01-28 09:39:23','2020-01-28 09:39:23'),(563,117,29,'description-asset','Description asset',NULL,0,'2020-01-28 09:39:23','2020-01-28 09:39:23'),(564,117,29,'description-services','Description of assets and services to be provided',NULL,0,'2020-01-28 09:39:23','2020-01-28 09:39:23'),(565,117,29,'rationale-selection-ppp-mode','Rationale for selection of PPP mode',NULL,0,'2020-01-28 09:39:23','2020-01-28 09:39:23'),(566,117,29,'contract-information','Contract summary',NULL,0,'2020-01-28 09:39:23','2020-01-28 09:39:23'),(567,117,29,'financial-structure','Financial structure',NULL,0,'2020-01-28 09:39:23','2020-01-28 09:39:23'),(568,117,29,'terminal-provisions','Termination provisions',NULL,0,'2020-01-28 09:39:23','2020-01-28 09:39:23'),(569,117,29,'sponsor-info','Contracting Authority Information',NULL,0,'2020-01-28 09:39:23','2020-01-28 09:39:23'),(570,117,29,'party-info','Private Party Information',NULL,0,'2020-01-28 09:39:23','2020-01-28 09:39:23'),(571,117,29,'contracting_authority','Sponsoring Public Authority',NULL,0,'2020-01-28 09:39:23','2020-01-28 09:39:23'),(572,117,29,'private-parties','Private parties',NULL,0,'2020-01-28 09:39:23','2020-01-28 09:39:23'),(573,117,29,'options','Options',NULL,0,'2020-01-28 09:39:23','2020-01-28 09:39:23'),(574,117,29,'export_excel','Export to Excel',NULL,0,'2020-01-28 09:39:23','2020-01-28 09:39:23'),(575,117,29,'status_element','Status changed successfully',NULL,0,'2020-01-28 09:39:23','2020-01-28 09:39:23'),(576,117,29,'no_coordinators','There are not project coordinators assigned to this project, please, assign at least a project coordinator in order to be able to perform requests for modifications to this project.',NULL,0,'2020-01-28 09:39:23','2020-01-28 09:39:23'),(577,117,30,'title','Edit Roles',NULL,0,'2020-01-28 09:39:23','2020-01-28 09:39:23'),(578,117,30,'role-title','Role title',NULL,0,'2020-01-28 09:39:23','2020-01-28 09:39:23'),(579,117,30,'role-description','Description',NULL,0,'2020-01-28 09:39:23','2020-01-28 09:39:23'),(580,117,30,'edit-success','The role was successfully edited',NULL,0,'2020-01-28 09:39:23','2020-01-28 09:39:23'),(581,117,30,'edit-error','There was an error saving the role, please try again later',NULL,0,'2020-01-28 09:39:23','2020-01-28 09:39:23'),(582,117,30,'delete-success','The role was successfully deleted',NULL,0,'2020-01-28 09:39:23','2020-01-28 09:39:23'),(583,117,30,'delete-error','There was an error deleting the role, please try again later',NULL,0,'2020-01-28 09:39:23','2020-01-28 09:39:23'),(584,117,30,'delete-confirm','This will delete the selected role',NULL,0,'2020-01-28 09:39:23','2020-01-28 09:39:23'),(585,117,30,'add-new-title','Add new role',NULL,0,'2020-01-28 09:39:23','2020-01-28 09:39:23'),(586,117,30,'alias-from','Account similar to:',':',0,'2020-01-28 09:39:23','2020-01-28 09:39:23'),(587,117,30,'create-success','The role was successfully created',NULL,0,'2020-01-28 09:39:23','2020-01-28 09:39:23'),(588,117,30,'create-error','There was an error creating the role, please try again later',NULL,0,'2020-01-28 09:39:23','2020-01-28 09:39:23'),(589,117,30,'role-exists','The role already exists, please write a different name for the role',NULL,0,'2020-01-28 09:39:23','2020-01-28 09:39:23'),(590,117,30,'tooltip','Use this page to modify role names.',NULL,0,'2020-01-28 09:39:23','2020-01-28 09:39:23'),(591,117,31,'title','Sections to Disclose',NULL,0,'2020-01-28 09:39:23','2020-01-28 09:39:23'),(592,117,31,'tooltip','Activate or deactivate the sections to disclose by clicking at their respective checkboxes.',NULL,0,'2020-01-28 09:39:23','2020-01-28 09:39:23'),(593,117,31,'submit','Save changes',NULL,0,'2020-01-28 09:39:23','2020-01-28 09:39:23'),(594,117,31,'success-title','Success',NULL,0,'2020-01-28 09:39:23','2020-01-28 09:39:23'),(595,117,31,'success-desc','The sections to disclose has been successfully edited',NULL,0,'2020-01-28 09:39:23','2020-01-28 09:39:23'),(596,117,31,'error-title','Error',NULL,0,'2020-01-28 09:39:23','2020-01-28 09:39:23'),(597,117,31,'error-desc','There was a problem editing the sections to disclose. Please, try again later.',NULL,0,'2020-01-28 09:39:23','2020-01-28 09:39:23'),(598,117,31,'warning-title','Warning',NULL,0,'2020-01-28 09:39:23','2020-01-28 09:39:23'),(599,117,31,'warning-desc','This section can not be deactivated.',NULL,0,'2020-01-28 09:39:23','2020-01-28 09:39:23'),(600,117,31,'i','Basic project information',NULL,0,'2020-01-28 09:39:23','2020-01-28 09:39:23'),(601,117,31,'cm','Project milestones',NULL,0,'2020-01-28 09:39:23','2020-01-28 09:39:23'),(602,117,31,'cs','Contract Summary',NULL,0,'2020-01-28 09:39:23','2020-01-28 09:39:23'),(603,117,31,'par','Parties',NULL,0,'2020-01-28 09:39:23','2020-01-28 09:39:23'),(604,117,31,'pi','Performance information',NULL,0,'2020-01-28 09:39:23','2020-01-28 09:39:23'),(605,117,31,'dl','Annual demand levels',NULL,0,'2020-01-28 09:39:23','2020-01-28 09:39:23'),(606,117,31,'ism','Income statement metrics',NULL,0,'2020-01-28 09:39:23','2020-01-28 09:39:23'),(607,117,31,'of','Other financial metrics',NULL,0,'2020-01-28 09:39:23','2020-01-28 09:39:23'),(608,117,31,'kpi','Key performance indicators',NULL,0,'2020-01-28 09:39:23','2020-01-28 09:39:23'),(609,117,31,'pf','Performance failures',NULL,0,'2020-01-28 09:39:23','2020-01-28 09:39:23'),(610,117,31,'pa','Performance assessments',NULL,0,'2020-01-28 09:39:23','2020-01-28 09:39:23'),(611,117,31,'g','Gallery',NULL,0,'2020-01-28 09:39:23','2020-01-28 09:39:23'),(612,117,31,'pd','Contract summary',NULL,0,'2020-01-28 09:39:23','2020-01-28 09:39:23'),(613,117,31,'d','Contract documents',NULL,0,'2020-01-28 09:39:23','2020-01-28 09:39:23'),(614,117,31,'a','Announcements',NULL,0,'2020-01-28 09:39:23','2020-01-28 09:39:23'),(615,117,31,'pri','Procurement information',NULL,0,'2020-01-28 09:39:23','2020-01-28 09:39:23'),(616,117,31,'ri','Risks',NULL,0,'2020-01-28 09:39:23','2020-01-28 09:39:23'),(617,117,31,'e','Evaluation of PPP',NULL,0,'2020-01-28 09:39:23','2020-01-28 09:39:23'),(618,117,31,'fi','Financial',NULL,0,'2020-01-28 09:39:23','2020-01-28 09:39:23'),(619,117,31,'gs','Government support',NULL,0,'2020-01-28 09:39:23','2020-01-28 09:39:23'),(620,117,31,'t','Tariffs',NULL,0,'2020-01-28 09:39:23','2020-01-28 09:39:23'),(621,117,31,'ct','Terminal Provisions',NULL,0,'2020-01-28 09:39:23','2020-01-28 09:39:23'),(622,117,31,'r','Renegotiations',NULL,0,'2020-01-28 09:39:23','2020-01-28 09:39:23'),(623,117,31,'tf','Timeless financial',NULL,0,'2020-01-28 09:39:24','2020-01-28 09:39:24'),(624,117,31,'af','Annual financial',NULL,0,'2020-01-28 09:39:24','2020-01-28 09:39:24'),(625,117,32,'system_configuration','System configuration',NULL,0,'2020-01-28 09:39:24','2020-01-28 09:39:24'),(626,117,32,'styling','STYLING',NULL,0,'2020-01-28 09:39:24','2020-01-28 09:39:24'),(627,117,32,'theme','Theme',NULL,0,'2020-01-28 09:39:24','2020-01-28 09:39:24'),(628,117,32,'color','Color',NULL,0,'2020-01-28 09:39:24','2020-01-28 09:39:24'),(629,117,32,'primary_color','Primary color',NULL,0,'2020-01-28 09:39:24','2020-01-28 09:39:24'),(630,117,32,'secondary_color','Secondary color',NULL,0,'2020-01-28 09:39:24','2020-01-28 09:39:24'),(631,117,32,'title','Title',NULL,0,'2020-01-28 09:39:24','2020-01-28 09:39:24'),(632,117,32,'font_family','Font family',NULL,0,'2020-01-28 09:39:24','2020-01-28 09:39:24'),(633,117,32,'font_size','Font size',NULL,0,'2020-01-28 09:39:24','2020-01-28 09:39:24'),(634,117,32,'letter_spacing','Letter spacing',NULL,0,'2020-01-28 09:39:24','2020-01-28 09:39:24'),(635,117,32,'body','Body',NULL,0,'2020-01-28 09:39:24','2020-01-28 09:39:24'),(636,117,32,'subtitle','Subtitle',NULL,0,'2020-01-28 09:39:24','2020-01-28 09:39:24'),(637,117,32,'line_height','Line height',NULL,0,'2020-01-28 09:39:24','2020-01-28 09:39:24'),(638,117,32,'spacing_for_paragraphs','Spacing for paragraphs',NULL,0,'2020-01-28 09:39:24','2020-01-28 09:39:24'),(639,117,32,'logo','LOGO',NULL,0,'2020-01-28 09:39:24','2020-01-28 09:39:24'),(640,117,32,'actual-logo','Actual logo',NULL,0,'2020-01-28 09:39:24','2020-01-28 09:39:24'),(641,117,32,'navigation','NAVIGATION',NULL,0,'2020-01-28 09:39:24','2020-01-28 09:39:24'),(642,117,32,'edit_navigation','Add extra options to navigation menu.',NULL,0,'2020-01-28 09:39:24','2020-01-28 09:39:24'),(643,117,32,'item','Item',NULL,0,'2020-01-28 09:39:24','2020-01-28 09:39:24'),(644,117,32,'delete_item','Delete item',NULL,0,'2020-01-28 09:39:24','2020-01-28 09:39:24'),(645,117,32,'save','Save item',NULL,0,'2020-01-28 09:39:24','2020-01-28 09:39:24'),(646,117,32,'add_item','Add item',NULL,0,'2020-01-28 09:39:24','2020-01-28 09:39:24'),(647,117,32,'api_activation','API ACTIVATION',NULL,0,'2020-01-28 09:39:24','2020-01-28 09:39:24'),(648,117,32,'database_backup','DATABASE BACKUP',NULL,0,'2020-01-28 09:39:24','2020-01-28 09:39:24'),(649,117,32,'download_database','Download database',NULL,0,'2020-01-28 09:39:24','2020-01-28 09:39:24'),(650,117,32,'upload_logo','Insert your logo here...',NULL,0,'2020-01-28 09:39:24','2020-01-28 09:39:24'),(651,117,32,'ppp_disclosure','ABOUT PPP DISCLOSURE SECTION',NULL,0,'2020-01-28 09:39:24','2020-01-28 09:39:24'),(652,117,32,'restore_defaults','Restore defaults',NULL,0,'2020-01-28 09:39:24','2020-01-28 09:39:24'),(653,117,32,'active_theme','Activate theme',NULL,0,'2020-01-28 09:39:24','2020-01-28 09:39:24'),(654,117,32,'create_theme','New theme',NULL,0,'2020-01-28 09:39:24','2020-01-28 09:39:24'),(655,117,32,'create_theme_description','Insert the name of the new theme',NULL,0,'2020-01-28 09:39:24','2020-01-28 09:39:24'),(656,117,32,'create_theme_success','Theme created successfully',NULL,0,'2020-01-28 09:39:24','2020-01-28 09:39:24'),(657,117,32,'create_theme_error','Unable to create theme',NULL,0,'2020-01-28 09:39:24','2020-01-28 09:39:24'),(658,117,32,'create_nav_success','Navigation item successfully created',NULL,0,'2020-01-28 09:39:24','2020-01-28 09:39:24'),(659,117,32,'create_nav_error','Unable to create navigation item',NULL,0,'2020-01-28 09:39:24','2020-01-28 09:39:24'),(660,117,32,'save_nav_success','Navigation item successfully saved',NULL,0,'2020-01-28 09:39:24','2020-01-28 09:39:24'),(661,117,32,'save_nav_error','Unable to save navigation item',NULL,0,'2020-01-28 09:39:24','2020-01-28 09:39:24'),(662,117,32,'delete_nav_success','Navigation item successfully deleted',NULL,0,'2020-01-28 09:39:24','2020-01-28 09:39:24'),(663,117,32,'delete_nav_error','Unable to delete navigation item',NULL,0,'2020-01-28 09:39:24','2020-01-28 09:39:24'),(664,117,32,'delete_default_nav_item','You cannot delete a default link',NULL,0,'2020-01-28 09:39:24','2020-01-28 09:39:24'),(665,117,32,'activate_theme_success','Successfully theme activation',NULL,0,'2020-01-28 09:39:24','2020-01-28 09:39:24'),(666,117,32,'activate_theme_error','Unable to activate theme',NULL,0,'2020-01-28 09:39:24','2020-01-28 09:39:24'),(667,117,32,'delete_default_theme_error','You cannot delete the default theme',NULL,0,'2020-01-28 09:39:24','2020-01-28 09:39:24'),(668,117,32,'save_default_theme_error','You cannot modify the default theme',NULL,0,'2020-01-28 09:39:24','2020-01-28 09:39:24'),(669,117,32,'get_theme_error','Unable to get theme settings',NULL,0,'2020-01-28 09:39:24','2020-01-28 09:39:24'),(670,117,32,'theme_not_empty','The name of the theme cannot be empty',NULL,0,'2020-01-28 09:39:24','2020-01-28 09:39:24'),(671,117,32,'delete_theme','Delete theme',NULL,0,'2020-01-28 09:39:24','2020-01-28 09:39:24'),(672,117,32,'delete_confirm_text','You are about to delete a theme',NULL,0,'2020-01-28 09:39:24','2020-01-28 09:39:24'),(673,117,32,'delete_confirm_button','Yes, delete it!',NULL,0,'2020-01-28 09:39:24','2020-01-28 09:39:24'),(674,117,32,'save_theme','Save theme',NULL,0,'2020-01-28 09:39:24','2020-01-28 09:39:24'),(675,117,32,'select_theme','Select theme',NULL,0,'2020-01-28 09:39:24','2020-01-28 09:39:24'),(676,117,32,'small','Small',NULL,0,'2020-01-28 09:39:24','2020-01-28 09:39:24'),(677,117,32,'normal','Normal',NULL,0,'2020-01-28 09:39:24','2020-01-28 09:39:24'),(678,117,32,'big','Big',NULL,0,'2020-01-28 09:39:24','2020-01-28 09:39:24'),(679,117,32,'info_select_theme','Select the theme for the front_end. Your theme won\'t be applied until you activate the theme.',NULL,0,'2020-01-28 09:39:24','2020-01-28 09:39:24'),(680,117,32,'info_select_color','Select the colors for your theme.',NULL,0,'2020-01-28 09:39:24','2020-01-28 09:39:24'),(681,117,32,'info_select_title','Select the fonts for the titles of your theme.',NULL,0,'2020-01-28 09:39:24','2020-01-28 09:39:24'),(682,117,32,'info_select_subtitle','Select the fonts for the subtitles of your theme.',NULL,0,'2020-01-28 09:39:24','2020-01-28 09:39:24'),(683,117,32,'info_select_body','Select the fonts for the rest of your theme.',NULL,0,'2020-01-28 09:39:24','2020-01-28 09:39:24'),(684,117,32,'info_navigation_menu','Add links to your menu. Home link can\'t be removed',NULL,0,'2020-01-28 09:39:24','2020-01-28 09:39:24'),(685,117,32,'info_api','Activates the OCD API',NULL,0,'2020-01-28 09:39:24','2020-01-28 09:39:24'),(686,117,32,'logo-save-success','The new logo has been successfully saved',NULL,0,'2020-01-28 09:39:24','2020-01-28 09:39:24'),(687,117,32,'logo-delete-success','The new logo has been successfully deleted',NULL,0,'2020-01-28 09:39:24','2020-01-28 09:39:24'),(688,117,32,'currency','Currency',NULL,0,'2020-01-28 09:39:24','2020-01-28 09:39:24'),(689,117,32,'save-currency','Save currency',NULL,0,'2020-01-28 09:39:24','2020-01-28 09:39:24'),(690,117,32,'legal-documents','Publisher, license and publication policy',NULL,0,'2020-01-28 09:39:24','2020-01-28 09:39:24'),(691,117,32,'save-legaldocs','Save',NULL,0,'2020-01-28 09:39:24','2020-01-28 09:39:24'),(692,117,33,'slider-title','Sliders',NULL,0,'2020-01-28 09:39:24','2020-01-28 09:39:24'),(693,117,33,'slider-form-title','Title',NULL,0,'2020-01-28 09:39:24','2020-01-28 09:39:24'),(694,117,33,'slider-form-select-project','Type the name of a project and the rest of information will be automatically generated',NULL,0,'2020-01-28 09:39:24','2020-01-28 09:39:24'),(695,117,33,'slider-form-description','Description',NULL,0,'2020-01-28 09:39:24','2020-01-28 09:39:24'),(696,117,33,'slider-form-url','Url',NULL,0,'2020-01-28 09:39:24','2020-01-28 09:39:24'),(697,117,33,'slider-add-new','Add new slide',NULL,0,'2020-01-28 09:39:24','2020-01-28 09:39:24'),(698,117,33,'available','Sliders available',NULL,0,'2020-01-28 09:39:24','2020-01-28 09:39:24'),(699,117,33,'delete_slider_text','Yow will delete the slider!',NULL,0,'2020-01-28 09:39:24','2020-01-28 09:39:24'),(700,117,33,'error_one_active','At last one slider has to be active',NULL,0,'2020-01-28 09:39:24','2020-01-28 09:39:24'),(701,117,33,'deleted','The selected slider has been successfully deleted!',NULL,0,'2020-01-28 09:39:24','2020-01-28 09:39:24'),(702,117,33,'recomended-size','The recommended size of the image is 1200px width and 500px height.',NULL,0,'2020-01-28 09:39:24','2020-01-28 09:39:24'),(703,117,33,'sucess-create','The new slider has been successfully created.',NULL,0,'2020-01-28 09:39:24','2020-01-28 09:39:24'),(704,117,33,'sucess-activate','The slider has been successfully activated',NULL,0,'2020-01-28 09:39:24','2020-01-28 09:39:24'),(705,117,33,'sucess-deactivate','The slider has been successfully deactivated',NULL,0,'2020-01-28 09:39:24','2020-01-28 09:39:24'),(706,117,33,'white','White',NULL,0,'2020-01-28 09:39:24','2020-01-28 09:39:24'),(707,117,33,'black','Black',NULL,0,'2020-01-28 09:39:24','2020-01-28 09:39:24'),(708,117,33,'font-color','Text color',NULL,0,'2020-01-28 09:39:24','2020-01-28 09:39:24'),(709,117,34,'assigned_to','Assign to',NULL,0,'2020-01-28 09:39:24','2020-01-28 09:39:24'),(710,117,34,'plural','tasks',NULL,0,'2020-01-28 09:39:24','2020-01-28 09:39:24'),(711,117,34,'singular','task',NULL,0,'2020-01-28 09:39:24','2020-01-28 09:39:24'),(712,117,34,'header','Tasks Management',NULL,0,'2020-01-28 09:39:24','2020-01-28 09:39:24'),(713,117,34,'add','Add task',NULL,0,'2020-01-28 09:39:24','2020-01-28 09:39:24'),(714,117,34,'task_name','Task name',NULL,0,'2020-01-28 09:39:24','2020-01-28 09:39:24'),(715,117,34,'reason','Reason',NULL,0,'2020-01-28 09:39:24','2020-01-28 09:39:24'),(716,117,34,'comment','Comments',NULL,0,'2020-01-28 09:39:24','2020-01-28 09:39:24'),(717,117,34,'project_name','Project',NULL,0,'2020-01-28 09:39:24','2020-01-28 09:39:24'),(718,117,34,'search_project','Search project',NULL,0,'2020-01-28 09:39:24','2020-01-28 09:39:24'),(719,117,34,'user_id','Request from',NULL,0,'2020-01-28 09:39:24','2020-01-28 09:39:24'),(720,117,34,'proposal','Proposal',NULL,0,'2020-01-28 09:39:24','2020-01-28 09:39:24'),(721,117,34,'search_user','Search user',NULL,0,'2020-01-28 09:39:24','2020-01-28 09:39:24'),(722,117,34,'search_section','Select project section',NULL,0,'2020-01-28 09:39:24','2020-01-28 09:39:24'),(723,117,34,'search_position','Select section position',NULL,0,'2020-01-28 09:39:24','2020-01-28 09:39:24'),(724,117,34,'complete','Complete Task',NULL,0,'2020-01-28 09:39:24','2020-01-28 09:39:24'),(725,117,34,'accepted','Accepted',NULL,0,'2020-01-28 09:39:24','2020-01-28 09:39:24'),(726,117,34,'edit_task','Edit task',NULL,0,'2020-01-28 09:39:24','2020-01-28 09:39:24'),(727,117,34,'save_changes','Save changes',NULL,0,'2020-01-28 09:39:24','2020-01-28 09:39:24'),(728,117,34,'close','Close',NULL,0,'2020-01-28 09:39:24','2020-01-28 09:39:24'),(729,117,34,'task_added','Task successfully added.',NULL,0,'2020-01-28 09:39:24','2020-01-28 09:39:24'),(730,117,34,'task_delete_confirmation','Do you really want to delete this task?',NULL,0,'2020-01-28 09:39:24','2020-01-28 09:39:24'),(731,117,34,'task_delete_confirmation_yes','Yes, delete this task',NULL,0,'2020-01-28 09:39:24','2020-01-28 09:39:24'),(732,117,34,'task_delete_confirmation_no','No, cancel',NULL,0,'2020-01-28 09:39:24','2020-01-28 09:39:24'),(733,117,34,'task_deleted','Task successfully deleted.',NULL,0,'2020-01-28 09:39:24','2020-01-28 09:39:24'),(734,117,34,'task_updated','Task successfully updated.',NULL,0,'2020-01-28 09:39:24','2020-01-28 09:39:24'),(735,117,34,'task_not_deleted','Woops! Something went wrong.',NULL,0,'2020-01-28 09:39:24','2020-01-28 09:39:24'),(736,117,34,'task_marked_completed','Task successfully marked as completed.',NULL,0,'2020-01-28 09:39:24','2020-01-28 09:39:24'),(737,117,34,'task_marked_uncompleted','Task successfully marked as uncompleted.',NULL,0,'2020-01-28 09:39:24','2020-01-28 09:39:24'),(738,117,34,'task_mark_uncompleted_confirm','Do you want to mark this task as uncompleted?',NULL,0,'2020-01-28 09:39:24','2020-01-28 09:39:24'),(739,117,34,'task_mark_completed_confirm','Do you want to mark this task as completed?',NULL,0,'2020-01-28 09:39:24','2020-01-28 09:39:24'),(740,117,34,'task_datatable_show','Show _MENU_ tasks',NULL,0,'2020-01-28 09:39:24','2020-01-28 09:39:24'),(741,117,34,'task_marked_accepted','Task successfully marked as accepted.',NULL,0,'2020-01-28 09:39:24','2020-01-28 09:39:24'),(742,117,34,'task_marked_unaccepted','Task successfully marked as unaccepted.',NULL,0,'2020-01-28 09:39:24','2020-01-28 09:39:24'),(743,117,34,'task_mark_unaccepted_confirm','Do you want to mark this task as unaccepted?',NULL,0,'2020-01-28 09:39:24','2020-01-28 09:39:24'),(744,117,34,'task_mark_accepted_confirm','Do you want to mark this task as accepted?',NULL,0,'2020-01-28 09:39:24','2020-01-28 09:39:24'),(745,117,34,'task_mark_accepted_confirm_subtitle','The corresponding data entry user will receive an email to publish the content and complete the task.',NULL,0,'2020-01-28 09:39:24','2020-01-28 09:39:24'),(746,117,34,'section','Project section',NULL,0,'2020-01-28 09:39:24','2020-01-28 09:39:24'),(747,117,34,'position','Section position',NULL,0,'2020-01-28 09:39:24','2020-01-28 09:39:24'),(748,117,34,'status','Status',NULL,0,'2020-01-28 09:39:24','2020-01-28 09:39:24'),(749,117,34,'request_creation','Request for creation',NULL,0,'2020-01-28 09:39:24','2020-01-28 09:39:24'),(750,117,34,'request_modification','Request for modification',NULL,0,'2020-01-28 09:39:24','2020-01-28 09:39:24'),(751,117,34,'request_modification_open','Start request for modification',NULL,0,'2020-01-28 09:39:24','2020-01-28 09:39:24'),(752,117,34,'request_modification_close','Close Request for modification',NULL,0,'2020-01-28 09:39:24','2020-01-28 09:39:24'),(753,117,34,'request_modification_submit','Submit RFM',NULL,0,'2020-01-28 09:39:24','2020-01-28 09:39:24'),(754,117,34,'request_modification-title','Request for modification form',NULL,0,'2020-01-28 09:39:24','2020-01-28 09:39:24'),(755,117,34,'request_modification-success-title','You have submitted a new Request',NULL,0,'2020-01-28 09:39:24','2020-01-28 09:39:24'),(756,117,34,'request_modification-success-info','You will receive an email with information related to this Request for Modification',NULL,0,'2020-01-28 09:39:24','2020-01-28 09:39:24'),(757,117,34,'request_modification-instructions','Write in this form the changes you would like to make in this section and the reasons behind the changes',NULL,0,'2020-01-28 09:39:24','2020-01-28 09:39:24'),(758,117,34,'request_modification_decline_reason_placeholder','Reason for the decline.',NULL,0,'2020-01-28 09:39:24','2020-01-28 09:39:24'),(759,117,34,'request_modification_exists','RFM Pending',NULL,0,'2020-01-28 09:39:24','2020-01-28 09:39:24'),(760,117,34,'request_modification_decline_reason','Request for Modification decline reason',NULL,0,'2020-01-28 09:39:24','2020-01-28 09:39:24'),(761,117,34,'request_modification_accepted','Accepted',NULL,0,'2020-01-28 09:39:24','2020-01-28 09:39:24'),(762,117,34,'request_modification_confirmed','Waiting for Approval',NULL,0,'2020-01-28 09:39:24','2020-01-28 09:39:24'),(763,117,34,'request_modification_sent_approval','Sent for Approval',NULL,0,'2020-01-28 09:39:24','2020-01-28 09:39:24'),(764,117,34,'request_modification_pending','Pending',NULL,0,'2020-01-28 09:39:24','2020-01-28 09:39:24'),(765,117,34,'request_modification_declined','Declined',NULL,0,'2020-01-28 09:39:24','2020-01-28 09:39:24'),(766,117,34,'request_modification_accept','Accept Request for Modification',NULL,0,'2020-01-28 09:39:24','2020-01-28 09:39:24'),(767,117,34,'request_modification_confirm','Submit for approval Request for Modification',NULL,0,'2020-01-28 09:39:24','2020-01-28 09:39:24'),(768,117,34,'request_modification_decline','Decline Request for Modification',NULL,0,'2020-01-28 09:39:24','2020-01-28 09:39:24'),(769,117,34,'request_modification_go_section','Go to the section related to this proposal',NULL,0,'2020-01-28 09:39:24','2020-01-28 09:39:24'),(770,117,34,'request_modification_sent','Request for Modification successfully sent',NULL,0,'2020-01-28 09:39:24','2020-01-28 09:39:24'),(771,117,34,'show','Show',NULL,0,'2020-01-28 09:39:24','2020-01-28 09:39:24'),(772,117,34,'tasks','tasks',NULL,0,'2020-01-28 09:39:24','2020-01-28 09:39:24'),(773,117,34,'no_tasks','There are no tasks.',NULL,0,'2020-01-28 09:39:24','2020-01-28 09:39:24'),(774,117,34,'to','to',NULL,0,'2020-01-28 09:39:24','2020-01-28 09:39:24'),(775,117,34,'of','of',NULL,0,'2020-01-28 09:39:24','2020-01-28 09:39:24'),(776,117,34,'showing','Showing',NULL,0,'2020-01-28 09:39:24','2020-01-28 09:39:24'),(777,117,34,'request_modification_accept_confirmation','Do you confirm that you want to accept this Request for Modification?',NULL,0,'2020-01-28 09:39:24','2020-01-28 09:39:24'),(778,117,34,'request_modification_decline_confirmation','Do you confirm that you want to decline this Request for Modification?',NULL,0,'2020-01-28 09:39:24','2020-01-28 09:39:24'),(779,117,34,'request_modification_confirm_confirmation','Do you want to submit for approval this Request for Modification?',NULL,0,'2020-01-28 09:39:24','2020-01-28 09:39:24'),(780,117,34,'name','Name',NULL,0,'2020-01-28 09:39:24','2020-01-28 09:39:24'),(781,117,34,'description','Description',NULL,0,'2020-01-28 09:39:24','2020-01-28 09:39:24'),(782,117,34,'date','Date',NULL,0,'2020-01-28 09:39:24','2020-01-28 09:39:24'),(783,117,34,'title','Title',NULL,0,'2020-01-28 09:39:24','2020-01-28 09:39:24'),(784,117,35,'title',' Themes',NULL,0,'2020-01-28 09:39:24','2020-01-28 09:39:24'),(785,117,35,'name',' Name',NULL,0,'2020-01-28 09:39:24','2020-01-28 09:39:24'),(786,117,35,'date_creation',' Date creation',NULL,0,'2020-01-28 09:39:24','2020-01-28 09:39:24'),(787,117,35,'active',' Active theme',NULL,0,'2020-01-28 09:39:24','2020-01-28 09:39:24'),(788,117,35,'edit',' Edit theme',NULL,0,'2020-01-28 09:39:24','2020-01-28 09:39:24'),(789,117,35,'delete',' Delete theme',NULL,0,'2020-01-28 09:39:24','2020-01-28 09:39:24'),(790,117,35,'confirm_delete',' Confirm delete theme',NULL,0,'2020-01-28 09:39:24','2020-01-28 09:39:24'),(791,117,35,'new_theme',' New theme',NULL,0,'2020-01-28 09:39:24','2020-01-28 09:39:24'),(792,117,35,'cant_edit_default',' You can\'t edit a default theme',NULL,0,'2020-01-28 09:39:24','2020-01-28 09:39:24'),(793,117,35,'cant_delete_default',' You can\'t delete a default theme',NULL,0,'2020-01-28 09:39:24','2020-01-28 09:39:24'),(794,117,35,'edit_background_primary_color','Background primary color',NULL,0,'2020-01-28 09:39:24','2020-01-28 09:39:24'),(795,117,35,'primary_color','Primary color',NULL,0,'2020-01-28 09:39:24','2020-01-28 09:39:24'),(796,117,35,'secondary_color','Secondary color',NULL,0,'2020-01-28 09:39:24','2020-01-28 09:39:24'),(797,117,35,'main_font_size','Main font size',NULL,0,'2020-01-28 09:39:24','2020-01-28 09:39:24'),(798,117,35,'title_font_size','Title font size',NULL,0,'2020-01-28 09:39:24','2020-01-28 09:39:24'),(799,117,35,'subtitle_font_size','Subtitle font size',NULL,0,'2020-01-28 09:39:24','2020-01-28 09:39:24'),(800,117,35,'primary_font_family','Primary font family',NULL,0,'2020-01-28 09:39:24','2020-01-28 09:39:24'),(801,117,35,'secondary_font_family','Secondary font family',NULL,0,'2020-01-28 09:39:24','2020-01-28 09:39:24'),(802,117,35,'letter_spacing','Letter spacing',NULL,0,'2020-01-28 09:39:24','2020-01-28 09:39:24'),(803,117,35,'line_height','Line height',NULL,0,'2020-01-28 09:39:24','2020-01-28 09:39:24'),(804,117,36,'add','Add user',NULL,0,'2020-01-28 09:39:24','2020-01-28 09:39:24'),(805,117,36,'edit_project_coordinator','Add / Edit Data Entries Generic',NULL,0,'2020-01-28 09:39:24','2020-01-28 09:39:24'),(806,117,36,'edit-users-title','Add / Edit Users',NULL,0,'2020-01-28 09:39:24','2020-01-28 09:39:24'),(807,117,36,'name','Name',NULL,0,'2020-01-28 09:39:24','2020-01-28 09:39:24'),(808,117,36,'email','Email',NULL,0,'2020-01-28 09:39:24','2020-01-28 09:39:24'),(809,117,36,'entity','Entity',NULL,0,'2020-01-28 09:39:24','2020-01-28 09:39:24'),(810,117,36,'sectors','Sectors',NULL,0,'2020-01-28 09:39:24','2020-01-28 09:39:24'),(811,117,36,'sections','Sections',NULL,0,'2020-01-28 09:39:24','2020-01-28 09:39:24'),(812,117,36,'projects','Projects',NULL,0,'2020-01-28 09:39:24','2020-01-28 09:39:24'),(813,117,36,'role','Role',NULL,0,'2020-01-28 09:39:24','2020-01-28 09:39:24'),(814,117,36,'telephone','Telephone',NULL,0,'2020-01-28 09:39:24','2020-01-28 09:39:24'),(815,117,36,'date','Date added',NULL,0,'2020-01-28 09:39:24','2020-01-28 09:39:24'),(816,117,36,'inactive','Inactive',NULL,0,'2020-01-28 09:39:24','2020-01-28 09:39:24'),(817,117,36,'choose-option','Choose an option',NULL,0,'2020-01-28 09:39:24','2020-01-28 09:39:24'),(818,117,36,'oops','Oops!',NULL,0,'2020-01-28 09:39:24','2020-01-28 09:39:24'),(819,117,36,'msg_no_role_selected','You have to select a role before assign permissions.',NULL,0,'2020-01-28 09:39:24','2020-01-28 09:39:24'),(820,117,36,'mail_error','The email couldn\'t be sent',NULL,0,'2020-01-28 09:39:24','2020-01-28 09:39:24'),(821,117,36,'save_confirm','Please, confirm if you want to create the new user',NULL,0,'2020-01-28 09:39:24','2020-01-28 09:39:24'),(822,117,36,'success','The user has been successfully saved. An email with the user password has been sent to the registered email.',NULL,0,'2020-01-28 09:39:24','2020-01-28 09:39:24'),(823,117,36,'updated','The user has been successfully updated',NULL,0,'2020-01-28 09:39:24','2020-01-28 09:39:24'),(824,117,36,'update_confirm','Please, confirm if you want to update the selected user',NULL,0,'2020-01-28 09:39:24','2020-01-28 09:39:24'),(825,117,36,'permissions','Permissions',NULL,0,'2020-01-28 09:39:24','2020-01-28 09:39:24'),(826,117,36,'select-permissions','Please assign user permissions. At least one section and a project are required.',NULL,0,'2020-01-28 09:39:24','2020-01-28 09:39:24'),(827,117,36,'projects_required','Please select at least one project in order to continue.',NULL,0,'2020-01-28 09:39:24','2020-01-28 09:39:24'),(828,117,36,'sectors_required','Please select at least one sector in order to continue.',NULL,0,'2020-01-28 09:39:24','2020-01-28 09:39:24'),(829,117,36,'select_permissions_save','Please assign permissions before creating the user.',NULL,0,'2020-01-28 09:39:24','2020-01-28 09:39:24'),(830,117,36,'select-all','Select all',NULL,0,'2020-01-28 09:39:24','2020-01-28 09:39:24'),(831,117,36,'save','Save changes',NULL,0,'2020-01-28 09:39:24','2020-01-28 09:39:24'),(832,117,36,'back','Go back',NULL,0,'2020-01-28 09:39:24','2020-01-28 09:39:24'),(833,117,36,'project-coordinator','Project coordinator',NULL,0,'2020-01-28 09:39:24','2020-01-28 09:39:24'),(834,117,36,'project-coordinator-title','Assign a Project Coordinator',NULL,0,'2020-01-28 09:39:24','2020-01-28 09:39:24'),(835,117,36,'project-coordinator-details','Please, in order to register a data entry, you must assign a project coordinator. Keep in mind that the permissions that the project coordinator has, will be assigned to the new data entry user.',NULL,0,'2020-01-28 09:39:24','2020-01-28 09:39:24'),(836,117,36,'select_project_coordinator','Please, assign a project coordinator.',NULL,0,'2020-01-28 09:39:24','2020-01-28 09:39:24'),(837,117,36,'next','Next',NULL,0,'2020-01-28 09:39:24','2020-01-28 09:39:24'),(838,117,36,'cancel','Cancel',NULL,0,'2020-01-28 09:39:24','2020-01-28 09:39:24'),(839,117,36,'edit_permission_project_coordinator','Edit Generic Data Entry Permissions',NULL,0,'2020-01-28 09:39:24','2020-01-28 09:39:24'),(840,117,36,'change-password','Change your login password',NULL,0,'2020-01-28 09:39:24','2020-01-28 09:39:24'),(841,117,36,'old-password','Current password',NULL,0,'2020-01-28 09:39:24','2020-01-28 09:39:24'),(842,117,36,'new-password','New password',NULL,0,'2020-01-28 09:39:24','2020-01-28 09:39:24'),(843,117,36,'new-password-confirm','Confirm your new password',NULL,0,'2020-01-28 09:39:24','2020-01-28 09:39:24'),(844,117,36,'old-password-placeholder','Type here your current password',NULL,0,'2020-01-28 09:39:24','2020-01-28 09:39:24'),(845,117,36,'new-password-placeholder','Type here your new password',NULL,0,'2020-01-28 09:39:24','2020-01-28 09:39:24'),(846,117,36,'new-password-confirm-placeholder','Type here again your new password',NULL,0,'2020-01-28 09:39:24','2020-01-28 09:39:24'),(847,117,36,'password-change-success','The password has been successfully changed',NULL,0,'2020-01-28 09:39:24','2020-01-28 09:39:24'),(848,117,36,'password-change-mismatch','The current password provided does not match your password',NULL,0,'2020-01-28 09:39:24','2020-01-28 09:39:24'),(849,117,36,'password-change-insecure','The new password does not meet complexity requirements',NULL,0,'2020-01-28 09:39:24','2020-01-28 09:39:24'),(850,117,36,'delete_description','Please add a comment explaining the reasons behind the deletion of the selected user.',NULL,0,'2020-01-28 09:39:24','2020-01-28 09:39:24'),(851,117,36,'delete_title','Delete the selected user',NULL,0,'2020-01-28 09:39:24','2020-01-28 09:39:24'),(852,117,36,'delete_description_placeholder','Add a comment',NULL,0,'2020-01-28 09:39:24','2020-01-28 09:39:24'),(853,117,36,'delete_all','Delete the information related to this user',NULL,0,'2020-01-28 09:39:24','2020-01-28 09:39:24'),(854,117,36,'delete_assign','Assign the information to a specific user',NULL,0,'2020-01-28 09:39:24','2020-01-28 09:39:24'),(855,117,36,'delete_user','Delete user',NULL,0,'2020-01-28 09:39:24','2020-01-28 09:39:24'),(856,117,36,'delete_confirm_all','Please, confirm if you want to delete the selected user. All the information related to the user will be deleted and it can\'t be recovered.',NULL,0,'2020-01-28 09:39:24','2020-01-28 09:39:24'),(857,117,36,'delete_confirm_assign','Please, confirm if you want to delete the selected user. All the information will be assigned to the previous selected user.',NULL,0,'2020-01-28 09:39:24','2020-01-28 09:39:24'),(858,117,36,'deleted','The user has been successfully deleted.',NULL,0,'2020-01-28 09:39:24','2020-01-28 09:39:24'),(859,117,36,'account_registered','Account registered',NULL,0,'2020-01-28 09:39:24','2020-01-28 09:39:24'),(860,117,36,'inactivate_confirm','Please, confirm if you want to inactivate the selected user',NULL,0,'2020-01-28 09:39:24','2020-01-28 09:39:24'),(861,117,36,'activated','User is now active',NULL,0,'2020-01-28 09:39:24','2020-01-28 09:39:24'),(862,117,36,'active_new_pass','Please, notify the user. A new secure password has been generated: ',':',0,'2020-01-28 09:39:24','2020-01-28 09:39:24'),(863,117,36,'choose_projects','Assign projects',NULL,0,'2020-01-28 09:39:24','2020-01-28 09:39:24'),(864,117,36,'deleted_date','Deleted date',NULL,0,'2020-01-28 09:39:24','2020-01-28 09:39:24'),(865,117,37,'accepted','The :attribute must be accepted.',':attribute',0,'2020-01-28 09:39:24','2020-01-28 09:39:24'),(866,117,37,'active_url','The :attribute is not a valid URL.',':attribute',0,'2020-01-28 09:39:24','2020-01-28 09:39:24'),(867,117,37,'after','The :attribute must be a date after :date.',':attribute',0,'2020-01-28 09:39:24','2020-01-28 09:39:24'),(868,117,37,'after_or_equal','The :attribute must be a date after or equal to :date.',':attribute',0,'2020-01-28 09:39:24','2020-01-28 09:39:24'),(869,117,37,'alpha','The :attribute may only contain letters.',':attribute',0,'2020-01-28 09:39:24','2020-01-28 09:39:24'),(870,117,37,'alpha_dash','The :attribute may only contain letters, numbers, and dashes.',':attribute',0,'2020-01-28 09:39:24','2020-01-28 09:39:24'),(871,117,37,'alpha_num','The :attribute may only contain letters and numbers.',':attribute',0,'2020-01-28 09:39:24','2020-01-28 09:39:24'),(872,117,37,'array','The :attribute must be an array.',':attribute',0,'2020-01-28 09:39:24','2020-01-28 09:39:24'),(873,117,37,'before','The :attribute must be a date before :date.',':attribute',0,'2020-01-28 09:39:24','2020-01-28 09:39:24'),(874,117,37,'before_or_equal','The :attribute must be a date before or equal to :date.',':attribute',0,'2020-01-28 09:39:24','2020-01-28 09:39:24'),(875,117,37,'between',NULL,NULL,0,'2020-01-28 09:39:24','2020-01-28 09:39:24'),(876,117,37,'numeric','The :attribute must be between :min and :max.',':attribute',875,'2020-01-28 09:39:24','2020-01-28 09:39:24'),(877,117,37,'file','The :attribute must be between :min and :max kilobytes.',':attribute',875,'2020-01-28 09:39:24','2020-01-28 09:39:24'),(878,117,37,'string','The :attribute must be between :min and :max characters.',':attribute',875,'2020-01-28 09:39:24','2020-01-28 09:39:24'),(879,117,37,'array','The :attribute must have between :min and :max items.',':attribute',875,'2020-01-28 09:39:24','2020-01-28 09:39:24'),(880,117,37,'boolean','The :attribute field must be true or false.',':attribute',0,'2020-01-28 09:39:24','2020-01-28 09:39:24'),(881,117,37,'confirmed','The :attribute confirmation does not match.',':attribute',0,'2020-01-28 09:39:24','2020-01-28 09:39:24'),(882,117,37,'date','The :attribute is not a valid date.',':attribute',0,'2020-01-28 09:39:24','2020-01-28 09:39:24'),(883,117,37,'date_format','The :attribute does not match the format :format.',':attribute',0,'2020-01-28 09:39:24','2020-01-28 09:39:24'),(884,117,37,'different','The :attribute and :other must be different.',':attribute',0,'2020-01-28 09:39:24','2020-01-28 09:39:24'),(885,117,37,'digits','The :attribute must be :digits digits.',':attribute',0,'2020-01-28 09:39:24','2020-01-28 09:39:24'),(886,117,37,'digits_between','The :attribute must be between :min and :max digits.',':attribute',0,'2020-01-28 09:39:24','2020-01-28 09:39:24'),(887,117,37,'dimensions','The :attribute has invalid image dimensions.',':attribute',0,'2020-01-28 09:39:24','2020-01-28 09:39:24'),(888,117,37,'distinct','The :attribute field has a duplicate value.',':attribute',0,'2020-01-28 09:39:24','2020-01-28 09:39:24'),(889,117,37,'email','The :attribute must be a valid email address.',':attribute',0,'2020-01-28 09:39:24','2020-01-28 09:39:24'),(890,117,37,'exists','The selected :attribute is invalid.',':attribute',0,'2020-01-28 09:39:24','2020-01-28 09:39:24'),(891,117,37,'file','The :attribute must be a file.',':attribute',0,'2020-01-28 09:39:24','2020-01-28 09:39:24'),(892,117,37,'filled','The :attribute field must have a value.',':attribute',0,'2020-01-28 09:39:24','2020-01-28 09:39:24'),(893,117,37,'image','The :attribute must be an image.',':attribute',0,'2020-01-28 09:39:24','2020-01-28 09:39:24'),(894,117,37,'in','The selected :attribute is invalid.',':attribute',0,'2020-01-28 09:39:24','2020-01-28 09:39:24'),(895,117,37,'in_array','The :attribute field does not exist in :other.',':attribute',0,'2020-01-28 09:39:24','2020-01-28 09:39:24'),(896,117,37,'integer','The :attribute must be an integer.',':attribute',0,'2020-01-28 09:39:24','2020-01-28 09:39:24'),(897,117,37,'ip','The :attribute must be a valid IP address.',':attribute',0,'2020-01-28 09:39:24','2020-01-28 09:39:24'),(898,117,37,'json','The :attribute must be a valid JSON string.',':attribute',0,'2020-01-28 09:39:24','2020-01-28 09:39:24'),(899,117,37,'max',NULL,NULL,0,'2020-01-28 09:39:24','2020-01-28 09:39:24'),(900,117,37,'numeric','The :attribute may not be greater than :max.',':attribute',899,'2020-01-28 09:39:24','2020-01-28 09:39:24'),(901,117,37,'file','The :attribute may not be greater than :max kilobytes.',':attribute',899,'2020-01-28 09:39:24','2020-01-28 09:39:24'),(902,117,37,'string','The :attribute may not be greater than :max characters.',':attribute',899,'2020-01-28 09:39:24','2020-01-28 09:39:24'),(903,117,37,'array','The :attribute may not have more than :max items.',':attribute',899,'2020-01-28 09:39:24','2020-01-28 09:39:24'),(904,117,37,'mimes','The :attribute must be a file of type: :values.',':attribute',0,'2020-01-28 09:39:24','2020-01-28 09:39:24'),(905,117,37,'mimetypes','The :attribute must be a file of type: :values.',':attribute',0,'2020-01-28 09:39:24','2020-01-28 09:39:24'),(906,117,37,'min',NULL,NULL,0,'2020-01-28 09:39:24','2020-01-28 09:39:24'),(907,117,37,'numeric','The :attribute must be at least :min.',':attribute',906,'2020-01-28 09:39:24','2020-01-28 09:39:24'),(908,117,37,'file','The :attribute must be at least :min kilobytes.',':attribute',906,'2020-01-28 09:39:24','2020-01-28 09:39:24'),(909,117,37,'string','The :attribute must be at least :min characters.',':attribute',906,'2020-01-28 09:39:24','2020-01-28 09:39:24'),(910,117,37,'array','The :attribute must have at least :min items.',':attribute',906,'2020-01-28 09:39:24','2020-01-28 09:39:24'),(911,117,37,'not_in','The selected :attribute is invalid.',':attribute',0,'2020-01-28 09:39:24','2020-01-28 09:39:24'),(912,117,37,'numeric','The :attribute must be a number.',':attribute',0,'2020-01-28 09:39:24','2020-01-28 09:39:24'),(913,117,37,'present','The :attribute field must be present.',':attribute',0,'2020-01-28 09:39:24','2020-01-28 09:39:24'),(914,117,37,'regex','The :attribute format is invalid.',':attribute',0,'2020-01-28 09:39:24','2020-01-28 09:39:24'),(915,117,37,'required','The :attribute field is required.',':attribute',0,'2020-01-28 09:39:24','2020-01-28 09:39:24'),(916,117,37,'required_if','The :attribute field is required when :other is :value.',':attribute',0,'2020-01-28 09:39:24','2020-01-28 09:39:24'),(917,117,37,'required_unless','The :attribute field is required unless :other is in :values.',':attribute',0,'2020-01-28 09:39:24','2020-01-28 09:39:24'),(918,117,37,'required_with','The :attribute field is required when :values is present.',':attribute',0,'2020-01-28 09:39:24','2020-01-28 09:39:24'),(919,117,37,'required_with_all','The :attribute field is required when :values is present.',':attribute',0,'2020-01-28 09:39:24','2020-01-28 09:39:24'),(920,117,37,'required_without','The :attribute field is required when :values is not present.',':attribute',0,'2020-01-28 09:39:24','2020-01-28 09:39:24'),(921,117,37,'required_without_all','The :attribute field is required when none of :values are present.',':attribute',0,'2020-01-28 09:39:24','2020-01-28 09:39:24'),(922,117,37,'same','The :attribute and :other must match.',':attribute',0,'2020-01-28 09:39:24','2020-01-28 09:39:24'),(923,117,37,'size',NULL,NULL,0,'2020-01-28 09:39:24','2020-01-28 09:39:24'),(924,117,37,'numeric','The :attribute must be :size.',':attribute',923,'2020-01-28 09:39:24','2020-01-28 09:39:24'),(925,117,37,'file','The :attribute must be :size kilobytes.',':attribute',923,'2020-01-28 09:39:24','2020-01-28 09:39:24'),(926,117,37,'string','The :attribute must be :size characters.',':attribute',923,'2020-01-28 09:39:24','2020-01-28 09:39:24'),(927,117,37,'array','The :attribute must contain :size items.',':attribute',923,'2020-01-28 09:39:24','2020-01-28 09:39:24'),(928,117,37,'string','The :attribute must be a string.',':attribute',0,'2020-01-28 09:39:24','2020-01-28 09:39:24'),(929,117,37,'timezone','The :attribute must be a valid zone.',':attribute',0,'2020-01-28 09:39:24','2020-01-28 09:39:24'),(930,117,37,'unique','The :attribute has already been taken.',':attribute',0,'2020-01-28 09:39:24','2020-01-28 09:39:24'),(931,117,37,'uploaded','The :attribute failed to upload.',':attribute',0,'2020-01-28 09:39:24','2020-01-28 09:39:24'),(932,117,37,'url','The :attribute format is invalid.',':attribute',0,'2020-01-28 09:39:24','2020-01-28 09:39:24'),(933,117,37,'email_taken','This email has already been taken.',NULL,0,'2020-01-28 09:39:24','2020-01-28 09:39:24'),(934,117,38,'section_project_basic_information','Project basic information',NULL,0,'2020-01-28 09:39:24','2020-01-28 09:39:24'),(935,117,38,'section_contract_milestones','Project milestones',NULL,0,'2020-01-28 09:39:24','2020-01-28 09:39:24'),(936,117,38,'section_parties','Parties',NULL,0,'2020-01-28 09:39:24','2020-01-28 09:39:24'),(937,117,38,'section_perfomance_information','Performance information',NULL,0,'2020-01-28 09:39:24','2020-01-28 09:39:24'),(938,117,38,'section_perfomance_information_annual_demands','Annual demand levels',NULL,0,'2020-01-28 09:39:24','2020-01-28 09:39:24'),(939,117,38,'section_perfomance_information_annual_revenues','Income statement metrics',NULL,0,'2020-01-28 09:39:24','2020-01-28 09:39:24'),(940,117,38,'section_perfomance_information_annual_internal','Other financial metrics',NULL,0,'2020-01-28 09:39:24','2020-01-28 09:39:24'),(941,117,38,'section_perfomance_information_key_indicators','Key performance indicators',NULL,0,'2020-01-28 09:39:24','2020-01-28 09:39:24'),(942,117,38,'section_perfomance_information_failures','Performance failures',NULL,0,'2020-01-28 09:39:24','2020-01-28 09:39:24'),(943,117,38,'section_perfomance_information_assessements','Performance assessments',NULL,0,'2020-01-28 09:39:24','2020-01-28 09:39:24'),(944,117,38,'section_gallery','Gallery',NULL,0,'2020-01-28 09:39:24','2020-01-28 09:39:24'),(945,117,38,'section_project_details','Project details',NULL,0,'2020-01-28 09:39:24','2020-01-28 09:39:24'),(946,117,38,'section_project_details_documents','Contract documents',NULL,0,'2020-01-28 09:39:24','2020-01-28 09:39:24'),(947,117,38,'section_project_details_announcements','Announcements',NULL,0,'2020-01-28 09:39:24','2020-01-28 09:39:24'),(948,117,38,'section_procurement','Procurement Documents',NULL,0,'2020-01-28 09:39:24','2020-01-28 09:39:24'),(949,117,38,'section_project_details_risks','Risks',NULL,0,'2020-01-28 09:39:24','2020-01-28 09:39:24'),(950,117,38,'section_project_details_evaulation_ppp','Evaluation of PPP',NULL,0,'2020-01-28 09:39:24','2020-01-28 09:39:24'),(951,117,38,'section_project_details_financial_support','Financial',NULL,0,'2020-01-28 09:39:24','2020-01-28 09:39:24'),(952,117,38,'section_project_details_government_support','Government support',NULL,0,'2020-01-28 09:39:24','2020-01-28 09:39:24'),(953,117,38,'section_project_details_tariffs','Tariffs',NULL,0,'2020-01-28 09:39:24','2020-01-28 09:39:24'),(954,117,38,'section_project_details_contract_termination','Terminal Provisions',NULL,0,'2020-01-28 09:39:24','2020-01-28 09:39:24'),(955,117,38,'section_project_details_renegotiation','Renegotiations',NULL,0,'2020-01-28 09:39:24','2020-01-28 09:39:24'),(956,117,38,'section_perfomance_information_income_statements_metrics','Income statement metrics',NULL,0,'2020-01-28 09:39:24','2020-01-28 09:39:24'),(957,117,38,'section_perfomance_information_other_financial_metrics','Other financial metrics',NULL,0,'2020-01-28 09:39:24','2020-01-28 09:39:24'),(958,117,39,'sector_energy','Energy',NULL,0,'2020-01-28 09:39:24','2020-01-28 09:39:24'),(959,117,39,'sector_industrial','Industrial',NULL,0,'2020-01-28 09:39:24','2020-01-28 09:39:24'),(960,117,39,'sector_multisector','Multisector',NULL,0,'2020-01-28 09:39:24','2020-01-28 09:39:24'),(961,117,39,'sector_social','Social & Health',NULL,0,'2020-01-28 09:39:24','2020-01-28 09:39:24'),(962,117,39,'sector_telecom','Telecom',NULL,0,'2020-01-28 09:39:24','2020-01-28 09:39:24'),(963,117,39,'sector_transport','Transport',NULL,0,'2020-01-28 09:39:24','2020-01-28 09:39:24'),(964,117,39,'sector_water','Water & Waste',NULL,0,'2020-01-28 09:39:24','2020-01-28 09:39:24'),(965,117,42,'subject','Online request',NULL,0,'2020-01-28 09:39:24','2020-01-28 09:39:24'),(966,117,42,'email','Email',NULL,0,'2020-01-28 09:39:24','2020-01-28 09:39:24'),(967,117,42,'text','requested the following document:',':',0,'2020-01-28 09:39:24','2020-01-28 09:39:24'),(968,117,42,'description','Description',NULL,0,'2020-01-28 09:39:24','2020-01-28 09:39:24'),(969,117,42,'success','Online Request successfully sent.',NULL,0,'2020-01-28 09:39:24','2020-01-28 09:39:24'),(970,117,42,'error','There was a problem while sending the online request.',NULL,0,'2020-01-28 09:39:24','2020-01-28 09:39:24'),(971,117,43,'subject','Account Registered',NULL,0,'2020-01-28 09:39:24','2020-01-28 09:39:24'),(972,117,43,'sign_in','Sign in',NULL,0,'2020-01-28 09:39:24','2020-01-28 09:39:24'),(973,117,43,'text_email','We have just created a brand-new account for you email address:',':',0,'2020-01-28 09:39:24','2020-01-28 09:39:24'),(974,117,43,'text_password','In order to sign in you must use the following password:',':',0,'2020-01-28 09:39:24','2020-01-28 09:39:24'),(975,117,44,'from','Ministry of Finance',NULL,0,'2020-01-28 09:39:24','2020-01-28 09:39:24'),(976,117,44,'regards','With best regards,',NULL,0,'2020-01-28 09:39:24','2020-01-28 09:39:24'),(977,117,44,'address','28th February Road, P. O. Box M40, Accra - Ghana',NULL,0,'2020-01-28 09:39:24','2020-01-28 09:39:24'),(978,117,44,'telephone','Tel: +233 302 665 132',':',0,'2020-01-28 09:39:24','2020-01-28 09:39:24'),(979,117,45,'confirmation_subject','Request for modification confirmation',NULL,0,'2020-01-28 09:39:24','2020-01-28 09:39:24'),(980,117,45,'dear','Dear',NULL,0,'2020-01-28 09:39:24','2020-01-28 09:39:24'),(981,117,45,'confirmation_paragraph_1','You\'ve done a request for modification for the project',NULL,0,'2020-01-28 09:39:24','2020-01-28 09:39:24'),(982,117,45,'in','in',NULL,0,'2020-01-28 09:39:24','2020-01-28 09:39:24'),(983,117,45,'section','section',NULL,0,'2020-01-28 09:39:24','2020-01-28 09:39:24'),(984,117,45,'confirmation_paragraph_2','As soon as the Administrator accepts or rejects your Request for Modification, you will receive an email.',NULL,0,'2020-01-28 09:39:24','2020-01-28 09:39:24'),(985,117,45,'accepted_subject','Request for modification accepted',NULL,0,'2020-01-28 09:39:24','2020-01-28 09:39:24'),(986,117,45,'confirmed_subject','Request for modification submitted for approval',NULL,0,'2020-01-28 09:39:24','2020-01-28 09:39:24'),(987,117,45,'declined_subject','Request for modification declined',NULL,0,'2020-01-28 09:39:24','2020-01-28 09:39:24'),(988,117,46,'add_group','Add milestone',NULL,0,'2020-01-28 09:39:24','2020-01-28 09:39:24'),(989,117,46,'milestone','Milestone',NULL,0,'2020-01-28 09:39:24','2020-01-28 09:39:24'),(990,117,46,'milestone-name','Name',NULL,0,'2020-01-28 09:39:24','2020-01-28 09:39:24'),(991,117,46,'milestone-type','Type of milestone',NULL,0,'2020-01-28 09:39:24','2020-01-28 09:39:24'),(992,117,46,'milestone-date','Date',NULL,0,'2020-01-28 09:39:24','2020-01-28 09:39:24'),(993,117,46,'milestone-deadline','Deadline',NULL,0,'2020-01-28 09:39:24','2020-01-28 09:39:24'),(994,117,46,'milestone-description','Description',NULL,0,'2020-01-28 09:39:24','2020-01-28 09:39:24'),(995,117,46,'milestone-description-placeholder','Add description',NULL,0,'2020-01-28 09:39:24','2020-01-28 09:39:24'),(996,117,46,'milestone-success','The milestone has been successfully saved',NULL,0,'2020-01-28 09:39:24','2020-01-28 09:39:24'),(997,117,46,'milestone-delete','The milestone has been successfully deleted',NULL,0,'2020-01-28 09:39:24','2020-01-28 09:39:24'),(998,117,46,'milestone_delete_confirm','Please, confirm if you want to delete the selected milestone',NULL,0,'2020-01-28 09:39:24','2020-01-28 09:39:24'),(999,117,46,'board_approval','Project Board approval',NULL,0,'2020-01-28 09:39:24','2020-01-28 09:39:24'),(1000,117,46,'commencement_diligence_study','Commencement of due diligence study',NULL,0,'2020-01-28 09:39:24','2020-01-28 09:39:24'),(1001,117,46,'procurement_start_date','Procurement start date',NULL,0,'2020-01-28 09:39:24','2020-01-28 09:39:24'),(1002,117,46,'date_award','Date of award',NULL,0,'2020-01-28 09:39:24','2020-01-28 09:39:24'),(1003,117,46,'commencement_construction_development','Commencement of construction or development',NULL,0,'2020-01-28 09:39:24','2020-01-28 09:39:24'),(1004,117,46,'completion_construction_development','Completion of construction or development',NULL,0,'2020-01-28 09:39:24','2020-01-28 09:39:24'),(1005,117,46,'comissioning','Commissioning',NULL,0,'2020-01-28 09:39:24','2020-01-28 09:39:24'),(1006,117,46,'project_approval','Project approval date',NULL,0,'2020-01-28 09:39:24','2020-01-28 09:39:24'),(1007,117,46,'commitment_date','Commitment date',NULL,0,'2020-01-28 09:39:24','2020-01-28 09:39:24'),(1008,117,46,'disbursement_date','Disbursement date',NULL,0,'2020-01-28 09:39:24','2020-01-28 09:39:24'),(1009,117,46,'proposal_received','Project proposal received',NULL,0,'2020-01-28 09:39:24','2020-01-28 09:39:24'),(1010,117,46,'proposal_screened','Project proposal screened',NULL,0,'2020-01-28 09:39:24','2020-01-28 09:39:24'),(1011,117,46,'proposal_enters_list_published','Project proposal enters list of published projects pipeline',NULL,0,'2020-01-28 09:39:24','2020-01-28 09:39:24'),(1012,117,46,'transactions_advisors_appointed','Transaction Advisors appointed',NULL,0,'2020-01-28 09:39:24','2020-01-28 09:39:24'),(1013,117,46,'feasibility_study_approved','Project feasibility study approved',NULL,0,'2020-01-28 09:39:24','2020-01-28 09:39:24'),(1014,117,46,'obc_compliance_certificate','OBC compliance certificate issued',NULL,0,'2020-01-28 09:39:24','2020-01-28 09:39:24'),(1015,117,46,'fec_approval_obc','FEC approval for OBC',NULL,0,'2020-01-28 09:39:24','2020-01-28 09:39:24'),(1016,117,46,'eoi','EOI',NULL,0,'2020-01-28 09:39:24','2020-01-28 09:39:24'),(1017,117,46,'rfp','RFP',NULL,0,'2020-01-28 09:39:24','2020-01-28 09:39:24'),(1018,117,46,'rfq','RFQ',NULL,0,'2020-01-28 09:39:24','2020-01-28 09:39:24'),(1019,117,46,'award','Award',NULL,0,'2020-01-28 09:39:24','2020-01-28 09:39:24'),(1020,117,46,'fbc_compliance_certificate','FBC compliance certificate issued',NULL,0,'2020-01-28 09:39:24','2020-01-28 09:39:24'),(1021,117,46,'fec_approval_fbc','FEC approval for FBC',NULL,0,'2020-01-28 09:39:24','2020-01-28 09:39:24'),(1022,117,46,'commercial_close','Commercial close',NULL,0,'2020-01-28 09:39:24','2020-01-28 09:39:24'),(1023,117,46,'financial_close','Financial close',NULL,0,'2020-01-28 09:39:24','2020-01-28 09:39:24'),(1024,117,46,'beginning_construction_development','Beginning of construction or development',NULL,0,'2020-01-28 09:39:24','2020-01-28 09:39:24'),(1025,117,46,'commissioning_project','Commissioning of project',NULL,0,'2020-01-28 09:39:24','2020-01-28 09:39:24'),(1026,117,46,'contract_expiry','Expiry of contract',NULL,0,'2020-01-28 09:39:24','2020-01-28 09:39:24'),(1027,117,46,'national_priority_list','Enters national priority list',NULL,0,'2020-01-28 09:39:24','2020-01-28 09:39:24'),(1028,117,46,'construction_started','Construction started',NULL,0,'2020-01-28 09:39:24','2020-01-28 09:39:24'),(1029,117,46,'construction_completed','Construction completed',NULL,0,'2020-01-28 09:39:24','2020-01-28 09:39:24'),(1030,117,46,'feasibility_starts','Feasibility study starts',NULL,0,'2020-01-28 09:39:24','2020-01-28 09:39:24'),(1031,117,46,'selection_preferred_bidder','Selection of preferred bidder',NULL,0,'2020-01-28 09:39:24','2020-01-28 09:39:24'),(1032,117,46,'milestone_category','Category',NULL,0,'2020-01-28 09:39:24','2020-01-28 09:39:24'),(1033,117,47,'project_gallery','Project Gallery',NULL,0,'2020-01-28 09:39:24','2020-01-28 09:39:24'),(1034,117,47,'insert_gallery','Insert picture from gallery',NULL,0,'2020-01-28 09:39:24','2020-01-28 09:39:24'),(1035,117,47,'select_image','Select Image',NULL,0,'2020-01-28 09:39:24','2020-01-28 09:39:24'),(1036,117,47,'close','Close',NULL,0,'2020-01-28 09:39:24','2020-01-28 09:39:24'),(1037,117,47,'remove','Remove',NULL,0,'2020-01-28 09:39:24','2020-01-28 09:39:24'),(1038,117,47,'add_to_project','Add to project',NULL,0,'2020-01-28 09:39:24','2020-01-28 09:39:24'),(1039,117,47,'delete_confirm_button','Yes, delete it!',NULL,0,'2020-01-28 09:39:24','2020-01-28 09:39:24'),(1040,117,47,'delete_confirm_text','You are about to delete a image',NULL,0,'2020-01-28 09:39:24','2020-01-28 09:39:24'),(1041,117,47,'unauthorized','Only the administrators can upload images on the project gallery',NULL,0,'2020-01-28 09:39:24','2020-01-28 09:39:24'),(1042,117,49,'parties','Private Parties',NULL,0,'2020-01-28 09:39:24','2020-01-28 09:39:24'),(1043,117,49,'party','Party',NULL,0,'2020-01-28 09:39:24','2020-01-28 09:39:24'),(1044,117,49,'name','Name',NULL,0,'2020-01-28 09:39:24','2020-01-28 09:39:24'),(1045,117,49,'add_party','Add private party',NULL,0,'2020-01-28 09:39:24','2020-01-28 09:39:24'),(1046,117,49,'new_party','New party',NULL,0,'2020-01-28 09:39:24','2020-01-28 09:39:24'),(1047,117,49,'parties_project','Project parties',NULL,0,'2020-01-28 09:39:24','2020-01-28 09:39:24'),(1048,117,49,'no_party','There are no available parties',NULL,0,'2020-01-28 09:39:24','2020-01-28 09:39:24'),(1049,117,49,'go_entities','Go to create entity',NULL,0,'2020-01-28 09:39:24','2020-01-28 09:39:24'),(1050,117,49,'redirect_entities','You are about to go to the Entities page',NULL,0,'2020-01-28 09:39:24','2020-01-28 09:39:24'),(1051,117,49,'select_party','Select party to add',NULL,0,'2020-01-28 09:39:24','2020-01-28 09:39:24'),(1052,117,49,'deleted','The selected party has been successfully deleted',NULL,0,'2020-01-28 09:39:24','2020-01-28 09:39:24'),(1053,117,49,'success','The party has been successfully saved',NULL,0,'2020-01-28 09:39:24','2020-01-28 09:39:24'),(1054,117,49,'delete_confirm','Please, confirm if you want to delete the selected party',NULL,0,'2020-01-28 09:39:24','2020-01-28 09:39:24'),(1055,117,49,'ca_message','To edit this Contracting Authority, please go to Basic Project Information section.',NULL,0,'2020-01-28 09:39:24','2020-01-28 09:39:24'),(1056,117,49,'sponsor_message','To edit this Sponsoring Agency, please go to Basic Project Information section.',NULL,0,'2020-01-28 09:39:24','2020-01-28 09:39:24'),(1057,117,50,'project-value-placeholder','Insert amount in million',NULL,0,'2020-01-28 09:39:24','2020-01-28 09:39:24'),(1058,117,50,'project_value_second','Project value TZS (million)',NULL,0,'2020-01-28 09:39:24','2020-01-28 09:39:24'),(1059,117,50,'ghs','GH (million)',NULL,0,'2020-01-28 09:39:24','2020-01-28 09:39:24'),(1060,117,50,'project_value_usd','Project value US$ (million)',NULL,0,'2020-01-28 09:39:24','2020-01-28 09:39:24'),(1061,117,50,'usd','US$ (million)',NULL,0,'2020-01-28 09:39:24','2020-01-28 09:39:24'),(1062,117,50,'project_value','Value',NULL,0,'2020-01-28 09:39:24','2020-01-28 09:39:24'),(1063,117,50,'project_indicative_value','Indicative value',NULL,0,'2020-01-28 09:39:24','2020-01-28 09:39:24'),(1064,117,50,'project_value_not_available','Not available',NULL,0,'2020-01-28 09:39:24','2020-01-28 09:39:24'),(1065,117,50,'project_currency','Project currency',NULL,0,'2020-01-28 09:39:24','2020-01-28 09:39:24'),(1066,117,50,'last-update','Last update',NULL,0,'2020-01-28 09:39:24','2020-01-28 09:39:24'),(1067,117,50,'add_project_information','Add project information',NULL,0,'2020-01-28 09:39:24','2020-01-28 09:39:24'),(1068,117,50,'project_information','Project information',NULL,0,'2020-01-28 09:39:24','2020-01-28 09:39:24'),(1069,117,50,'project-description','Description of asset',NULL,0,'2020-01-28 09:39:24','2020-01-28 09:39:24'),(1070,117,50,'project-need','Project rationale',NULL,0,'2020-01-28 09:39:24','2020-01-28 09:39:24'),(1071,117,50,'description-services','Description of services',NULL,0,'2020-01-28 09:39:24','2020-01-28 09:39:24'),(1072,117,50,'reasons-ppp','Rationale for selection of PPP mode',NULL,0,'2020-01-28 09:39:24','2020-01-28 09:39:24'),(1073,117,50,'technical-description','Technical description',NULL,0,'2020-01-28 09:39:24','2020-01-28 09:39:24'),(1074,117,50,'estimated-demand','Estimated demand to be served annually',NULL,0,'2020-01-28 09:39:24','2020-01-28 09:39:24'),(1075,117,50,'stakeholder-consultation','Rationale for unsolicited projects',NULL,0,'2020-01-28 09:39:24','2020-01-28 09:39:24'),(1076,117,50,'other-models','Other models analyzed',NULL,0,'2020-01-28 09:39:24','2020-01-28 09:39:24'),(1077,117,50,'project-additionality','Project additionality',NULL,0,'2020-01-28 09:39:24','2020-01-28 09:39:24'),(1078,117,50,'description-asset','Description of asset',NULL,0,'2020-01-28 09:39:24','2020-01-28 09:39:24'),(1079,117,50,'ocid','Open Contracting ID',NULL,0,'2020-01-28 09:39:24','2020-01-28 09:39:24'),(1080,117,50,'local_government','Sponsoring Public Authority',NULL,0,'2020-01-28 09:39:24','2020-01-28 09:39:24'),(1081,117,50,'new-project-success','The project has been successfully created, now you can start filling the project information.',NULL,0,'2020-01-28 09:39:24','2020-01-28 09:39:24'),(1082,117,50,'new-project-information-success','The project information has been successfully saved',NULL,0,'2020-01-28 09:39:24','2020-01-28 09:39:24'),(1083,117,50,'all_section','All sections',NULL,0,'2020-01-28 09:39:24','2020-01-28 09:39:24'),(1084,117,50,'ocid_not_unique','There is already a project with the OCID provided, please select an unique OCID',NULL,0,'2020-01-28 09:39:24','2020-01-28 09:39:24'),(1085,117,50,'prefeasibility_study_report','Pre-feasibility Study Report',NULL,0,'2020-01-28 09:39:24','2020-01-28 09:39:24'),(1086,117,50,'project-description-placeholder','Add project description.....',NULL,0,'2020-01-28 09:39:24','2020-01-28 09:39:24'),(1087,117,50,'project-need-placeholder','Add project need.....',NULL,0,'2020-01-28 09:39:24','2020-01-28 09:39:24'),(1088,117,50,'description-asset-placeholder','Add description asset.....',NULL,0,'2020-01-28 09:39:24','2020-01-28 09:39:24'),(1089,117,50,'description-services-placeholder','Add description of services.....',NULL,0,'2020-01-28 09:39:24','2020-01-28 09:39:24'),(1090,117,50,'reasons-ppp-placeholder','Add rationale for selection of PPP mode.....',NULL,0,'2020-01-28 09:39:24','2020-01-28 09:39:24'),(1091,117,50,'technical-description-placeholder','Add technical description.....',NULL,0,'2020-01-28 09:39:24','2020-01-28 09:39:24'),(1092,117,50,'estimated-demand-placeholder','Add estimated demand to be served annually.....',NULL,0,'2020-01-28 09:39:24','2020-01-28 09:39:24'),(1093,117,50,'stakeholder-consultation-placeholder','Add stakeholder consultation.....',NULL,0,'2020-01-28 09:39:24','2020-01-28 09:39:24'),(1094,117,50,'other-models-placeholder','Add other models analyzed.....',NULL,0,'2020-01-28 09:39:24','2020-01-28 09:39:24'),(1095,117,50,'project-additionality-placeholder','Add project additionality.....',NULL,0,'2020-01-28 09:39:24','2020-01-28 09:39:24'),(1096,117,50,'project_summary_document','Project Summary document',NULL,0,'2020-01-28 09:39:24','2020-01-28 09:39:24'),(1097,117,51,'type-demand','Type of demand',NULL,0,'2020-01-28 09:39:24','2020-01-28 09:39:24'),(1098,117,51,'add_annual_demmand','Add annual demand',NULL,0,'2020-01-28 09:39:24','2020-01-28 09:39:24'),(1099,117,51,'add_new_type','Add new type of demand',NULL,0,'2020-01-28 09:39:24','2020-01-28 09:39:24'),(1100,117,51,'unit','Unit',NULL,0,'2020-01-28 09:39:24','2020-01-28 09:39:24'),(1101,117,51,'year','Year',NULL,0,'2020-01-28 09:39:24','2020-01-28 09:39:24'),(1102,117,51,'annual-demand','Annual demand',NULL,0,'2020-01-28 09:39:24','2020-01-28 09:39:24'),(1103,117,51,'success','The annual demand has been successfully saved',NULL,0,'2020-01-28 09:39:24','2020-01-28 09:39:24'),(1104,117,51,'add_group','Add new type of demand',NULL,0,'2020-01-28 09:39:24','2020-01-28 09:39:24'),(1105,117,51,'error_duplicate_entry','The record already exists. In order to edit the existing record, please click on the table record',NULL,0,'2020-01-28 09:39:24','2020-01-28 09:39:24'),(1106,117,51,'deleted','The selected annual demand has been successfully deleted',NULL,0,'2020-01-28 09:39:24','2020-01-28 09:39:24'),(1107,117,51,'delete_confirm','Please, confirm if you want to delete the selected annual demand',NULL,0,'2020-01-28 09:39:24','2020-01-28 09:39:24'),(1108,117,52,'currency','Currency',NULL,0,'2020-01-28 09:39:24','2020-01-28 09:39:24'),(1109,117,52,'value','Value',NULL,0,'2020-01-28 09:39:24','2020-01-28 09:39:24'),(1110,117,52,'year','Year',NULL,0,'2020-01-28 09:39:24','2020-01-28 09:39:24'),(1111,117,52,'income-statement-metric-name','Income statement metric name',NULL,0,'2020-01-28 09:39:24','2020-01-28 09:39:24'),(1112,117,52,'success','The income statement metric has been successfully saved',NULL,0,'2020-01-28 09:39:24','2020-01-28 09:39:24'),(1113,117,52,'add-group','Add new type of income statement metric',NULL,0,'2020-01-28 09:39:24','2020-01-28 09:39:24'),(1114,117,52,'income_statement_metric','Income statement metric',NULL,0,'2020-01-28 09:39:24','2020-01-28 09:39:24'),(1115,117,52,'add_new_income_metric_type','Add new income statement metric type',NULL,0,'2020-01-28 09:39:24','2020-01-28 09:39:24'),(1116,117,52,'add_new_income_metric','Add new income statement metric',NULL,0,'2020-01-28 09:39:24','2020-01-28 09:39:24'),(1117,117,52,'deleted','The selected income metric has been successfully deleted',NULL,0,'2020-01-28 09:39:24','2020-01-28 09:39:24'),(1118,117,52,'delete_confirm','Please, confirm if you want to delete the selected income metric',NULL,0,'2020-01-28 09:39:24','2020-01-28 09:39:24'),(1119,117,53,'kpi','KPI',NULL,0,'2020-01-28 09:39:24','2020-01-28 09:39:24'),(1120,117,53,'target','Target',NULL,0,'2020-01-28 09:39:24','2020-01-28 09:39:24'),(1121,117,53,'year','Year',NULL,0,'2020-01-28 09:39:24','2020-01-28 09:39:24'),(1122,117,53,'achievement','Achievement',NULL,0,'2020-01-28 09:39:24','2020-01-28 09:39:24'),(1123,117,53,'add_group','Add new type of KPI',NULL,0,'2020-01-28 09:39:24','2020-01-28 09:39:24'),(1124,117,53,'add_new_indicator','Add new key performance indicator',NULL,0,'2020-01-28 09:39:24','2020-01-28 09:39:24'),(1125,117,53,'add_new_kpi_type','Add new KPI type',NULL,0,'2020-01-28 09:39:24','2020-01-28 09:39:24'),(1126,117,53,'success','The key performance indicator has been successfully saved',NULL,0,'2020-01-28 09:39:24','2020-01-28 09:39:24'),(1127,117,53,'delete_confirm','Please, confirm if you want to delete all the information regarding the selected row',NULL,0,'2020-01-28 09:39:24','2020-01-28 09:39:24'),(1128,117,53,'deleted','The selected key performance indicator row has been successfully deleted',NULL,0,'2020-01-28 09:39:24','2020-01-28 09:39:24'),(1129,117,53,'existing_key_performance','Existing Key Performance Indicators',NULL,0,'2020-01-28 09:39:24','2020-01-28 09:39:24'),(1130,117,54,'rate-return','Rate of return',NULL,0,'2020-01-28 09:39:24','2020-01-28 09:39:24'),(1131,117,54,'success','The financial metrics has been successfully saved',NULL,0,'2020-01-28 09:39:24','2020-01-28 09:39:24'),(1132,117,54,'type','Type',NULL,0,'2020-01-28 09:39:24','2020-01-28 09:39:24'),(1133,117,54,'unit','Unit',NULL,0,'2020-01-28 09:39:24','2020-01-28 09:39:24'),(1134,117,54,'add_group_annual','Add new type of annual financial metric',NULL,0,'2020-01-28 09:39:24','2020-01-28 09:39:24'),(1135,117,54,'add_group_timeless','Add new type of timeless financial metric',NULL,0,'2020-01-28 09:39:24','2020-01-28 09:39:24'),(1136,117,54,'annual_title','Annual financial metric',NULL,0,'2020-01-28 09:39:24','2020-01-28 09:39:24'),(1137,117,54,'timeless_title','Timeless financial metric',NULL,0,'2020-01-28 09:39:24','2020-01-28 09:39:24'),(1138,117,54,'timeless_variable','Timeless metric',NULL,0,'2020-01-28 09:39:24','2020-01-28 09:39:24'),(1139,117,54,'add_new_timeless_metric','Add new timeless financial metric',NULL,0,'2020-01-28 09:39:24','2020-01-28 09:39:24'),(1140,117,54,'add_new_annual_financial','Add new annual financial metric',NULL,0,'2020-01-28 09:39:24','2020-01-28 09:39:24'),(1141,117,54,'deleted','The selected annual financial metric has been successfully deleted',NULL,0,'2020-01-28 09:39:24','2020-01-28 09:39:24'),(1142,117,54,'delete_confirm','Please, confirm if you want to delete the selected annual financial metric',NULL,0,'2020-01-28 09:39:24','2020-01-28 09:39:24'),(1143,117,54,'save_confirm','Please, confirm if you want to save the financial metrics. The unselected ones will not be saved',NULL,0,'2020-01-28 09:39:24','2020-01-28 09:39:24'),(1144,117,54,'save_confirm_none_selected','You have unselected all the timeless financial metrics. Please confirm, the metrics will be deleted',NULL,0,'2020-01-28 09:39:24','2020-01-28 09:39:24'),(1145,117,54,'info_timeless','Please, choose one or more options in order to save the financial metrics. The selected options will be shown as selected.',NULL,0,'2020-01-28 09:39:24','2020-01-28 09:39:24'),(1146,117,55,'add_group','Add group of performance assessment',NULL,0,'2020-01-28 09:39:24','2020-01-28 09:39:24'),(1147,117,55,'title','Title',NULL,0,'2020-01-28 09:39:24','2020-01-28 09:39:24'),(1148,117,55,'description','Description',NULL,0,'2020-01-28 09:39:24','2020-01-28 09:39:24'),(1149,117,55,'description_placeholder','Add description',NULL,0,'2020-01-28 09:39:24','2020-01-28 09:39:24'),(1150,117,55,'success','The performance assessment has been successfully saved',NULL,0,'2020-01-28 09:39:24','2020-01-28 09:39:24'),(1151,117,55,'deleted','The performance assessment has been successfully deleted',NULL,0,'2020-01-28 09:39:24','2020-01-28 09:39:24'),(1152,117,55,'delete_confirm','Please, confirm if you want to delete the selected performance assessment',NULL,0,'2020-01-28 09:39:24','2020-01-28 09:39:24'),(1153,117,55,'audit_reports','Audit reports',NULL,0,'2020-01-28 09:39:24','2020-01-28 09:39:24'),(1154,117,55,'audited_financial_statements','Audited Financial Statements',NULL,0,'2020-01-28 09:39:24','2020-01-28 09:39:24'),(1155,117,55,'private_party_reports','Private party reports',NULL,0,'2020-01-28 09:39:24','2020-01-28 09:39:24'),(1156,117,55,'independents_expert_reports','Independent Expert reports',NULL,0,'2020-01-28 09:39:24','2020-01-28 09:39:24'),(1157,117,56,'add_group','Add group of performance failures',NULL,0,'2020-01-28 09:39:24','2020-01-28 09:39:24'),(1158,117,56,'add_group_category','Add new category of failure',NULL,0,'2020-01-28 09:39:24','2020-01-28 09:39:24'),(1159,117,56,'title','Title',NULL,0,'2020-01-28 09:39:24','2020-01-28 09:39:24'),(1160,117,56,'category','Category of failure',NULL,0,'2020-01-28 09:39:24','2020-01-28 09:39:24'),(1161,117,56,'number_events','Number of events',NULL,0,'2020-01-28 09:39:24','2020-01-28 09:39:24'),(1162,117,56,'penalty_abatement_contract','Penalty or abatement provided in contract',NULL,0,'2020-01-28 09:39:24','2020-01-28 09:39:24'),(1163,117,56,'penalty_abatement_imposed','Penalty or abatement imposed',NULL,0,'2020-01-28 09:39:24','2020-01-28 09:39:24'),(1164,117,56,'penalty_abatement_contract_placeholder','Add penalty or abatement provided in contract',NULL,0,'2020-01-28 09:39:24','2020-01-28 09:39:24'),(1165,117,56,'penalty_abatement_imposed_placeholder','Add penalty or abatement imposed',NULL,0,'2020-01-28 09:39:24','2020-01-28 09:39:24'),(1166,117,56,'penalty_abatement_yes_no','Penalty paid or abatement effected: Yes/No',':',0,'2020-01-28 09:39:24','2020-01-28 09:39:24'),(1167,117,56,'penalty_abatement_yes_no_table','Penalty paid or abatement effected',NULL,0,'2020-01-28 09:39:24','2020-01-28 09:39:24'),(1168,117,56,'success','The performance failure has been successfully saved ',NULL,0,'2020-01-28 09:39:24','2020-01-28 09:39:24'),(1169,117,56,'yes','Yes',NULL,0,'2020-01-28 09:39:24','2020-01-28 09:39:24'),(1170,117,56,'no','No',NULL,0,'2020-01-28 09:39:24','2020-01-28 09:39:24'),(1171,117,56,'add_new_category','Add new category of failure',NULL,0,'2020-01-28 09:39:24','2020-01-28 09:39:24'),(1172,117,56,'deleted','The performance failure has been successfully deleted',NULL,0,'2020-01-28 09:39:24','2020-01-28 09:39:24'),(1173,117,56,'delete_confirm','Please, confirm if you want to delete the selected performance failure',NULL,0,'2020-01-28 09:39:24','2020-01-28 09:39:24'),(1174,117,57,'title','Announcements',NULL,0,'2020-01-28 09:39:24','2020-01-28 09:39:24'),(1175,117,57,'group','Announcement name',NULL,0,'2020-01-28 09:39:24','2020-01-28 09:39:24'),(1176,117,57,'group-placeholder','Add name here',NULL,0,'2020-01-28 09:39:24','2020-01-28 09:39:24'),(1177,117,57,'description','Description',NULL,0,'2020-01-28 09:39:24','2020-01-28 09:39:24'),(1178,117,57,'description-placeholder','Add description here',NULL,0,'2020-01-28 09:39:24','2020-01-28 09:39:24'),(1179,117,57,'add-group','Add announcement',NULL,0,'2020-01-28 09:39:24','2020-01-28 09:39:24'),(1180,117,57,'edit-group','Edit',NULL,0,'2020-01-28 09:39:24','2020-01-28 09:39:24'),(1181,117,57,'deleted','The selected announcement has been successfully deleted',NULL,0,'2020-01-28 09:39:24','2020-01-28 09:39:24'),(1182,117,57,'success','The announcement has been successfully saved',NULL,0,'2020-01-28 09:39:24','2020-01-28 09:39:24'),(1183,117,57,'delete_confirm','Please, confirm if you want to delete the selected announcement',NULL,0,'2020-01-28 09:39:24','2020-01-28 09:39:24'),(1184,117,57,'publication_date','Publication Date',NULL,0,'2020-01-28 09:39:24','2020-01-28 09:39:24'),(1185,117,57,'publication_date-placeholder','Publication Date ...',NULL,0,'2020-01-28 09:39:24','2020-01-28 09:39:24'),(1186,117,58,'title','Award & Financing',NULL,0,'2020-01-28 09:39:24','2020-01-28 09:39:24'),(1187,117,58,'main-dates-title','Award Information',NULL,0,'2020-01-28 09:39:24','2020-01-28 09:39:24'),(1188,117,58,'award-core-save-success','The award data has been saved successfully.',NULL,0,'2020-01-28 09:39:24','2020-01-28 09:39:24'),(1189,117,58,'award_date','Award date',NULL,0,'2020-01-28 09:39:24','2020-01-28 09:39:24'),(1190,117,58,'contract_signature_date','Contract signature date start',NULL,0,'2020-01-28 09:39:24','2020-01-28 09:39:24'),(1191,117,58,'contract_signature_date_end','Contract signature date end',NULL,0,'2020-01-28 09:39:24','2020-01-28 09:39:24'),(1192,117,58,'financial_close_date','Financial close date',NULL,0,'2020-01-28 09:39:24','2020-01-28 09:39:24'),(1193,117,58,'add-group','Add award',NULL,0,'2020-01-28 09:39:24','2020-01-28 09:39:24'),(1194,117,58,'edit-group','Edit this award',NULL,0,'2020-01-28 09:39:24','2020-01-28 09:39:24'),(1195,117,58,'deleted','The selected award has been successfully deleted',NULL,0,'2020-01-28 09:39:24','2020-01-28 09:39:24'),(1196,117,58,'success','The award has been successfully saved',NULL,0,'2020-01-28 09:39:24','2020-01-28 09:39:24'),(1197,117,58,'delete_confirm','Please, confirm if you want to delete the selected award',NULL,0,'2020-01-28 09:39:24','2020-01-28 09:39:24'),(1198,117,58,'no-date','No date submitted',NULL,0,'2020-01-28 09:39:24','2020-01-28 09:39:24'),(1199,117,58,'preferred-bidder-title','Preferred bidder',NULL,0,'2020-01-28 09:39:24','2020-01-28 09:39:24'),(1200,117,58,'choose','Choose a preferred bidder',NULL,0,'2020-01-28 09:39:24','2020-01-28 09:39:24'),(1201,117,58,'select-preferred-bidder','Select preferred bidder',NULL,0,'2020-01-28 09:39:24','2020-01-28 09:39:24'),(1202,117,58,'financing-information-title','Financing information',NULL,0,'2020-01-28 09:39:24','2020-01-28 09:39:24'),(1203,117,58,'financing-party-label','Financing party',NULL,0,'2020-01-28 09:39:24','2020-01-28 09:39:24'),(1204,117,58,'choose-financing-party','Choose financing party',NULL,0,'2020-01-28 09:39:24','2020-01-28 09:39:24'),(1205,117,58,'amount','Amount US$ (million)',NULL,0,'2020-01-28 09:39:24','2020-01-28 09:39:24'),(1206,117,58,'description','Description',NULL,0,'2020-01-28 09:39:24','2020-01-28 09:39:24'),(1207,117,58,'description-placeholder','Description ...',NULL,0,'2020-01-28 09:39:24','2020-01-28 09:39:24'),(1208,117,58,'financing-start-date','Start date',NULL,0,'2020-01-28 09:39:24','2020-01-28 09:39:24'),(1209,117,58,'financing-end-date','End date',NULL,0,'2020-01-28 09:39:24','2020-01-28 09:39:24'),(1210,117,58,'financing_title','Title',NULL,0,'2020-01-28 09:39:24','2020-01-28 09:39:24'),(1211,117,58,'add-financing-information','Add financing information',NULL,0,'2020-01-28 09:39:24','2020-01-28 09:39:24'),(1212,117,58,'award-name','Award name',NULL,0,'2020-01-28 09:39:24','2020-01-28 09:39:24'),(1213,117,58,'award-description','Award description',NULL,0,'2020-01-28 09:39:24','2020-01-28 09:39:24'),(1214,117,58,'award-status','Award status',NULL,0,'2020-01-28 09:39:24','2020-01-28 09:39:24'),(1215,117,58,'award-status-placeholder','Choose award status',NULL,0,'2020-01-28 09:39:24','2020-01-28 09:39:24'),(1216,117,58,'total-amount','Total value US$ (million)',NULL,0,'2020-01-28 09:39:24','2020-01-28 09:39:24'),(1217,117,59,'title','Contract Summary',NULL,0,'2020-01-28 09:39:24','2020-01-28 09:39:24'),(1218,117,59,'group','Contract Summary name',NULL,0,'2020-01-28 09:39:24','2020-01-28 09:39:24'),(1219,117,59,'group-placeholder','Add name here',NULL,0,'2020-01-28 09:39:24','2020-01-28 09:39:24'),(1220,117,59,'description','Description',NULL,0,'2020-01-28 09:39:24','2020-01-28 09:39:24'),(1221,117,59,'description-placeholder','Add description here',NULL,0,'2020-01-28 09:39:24','2020-01-28 09:39:24'),(1222,117,59,'add-group','Add contract summary',NULL,0,'2020-01-28 09:39:24','2020-01-28 09:39:24'),(1223,117,59,'edit-group','Edit',NULL,0,'2020-01-28 09:39:24','2020-01-28 09:39:24'),(1224,117,59,'deleted','The selected Contract Summary has been successfully deleted',NULL,0,'2020-01-28 09:39:24','2020-01-28 09:39:24'),(1225,117,59,'success','The Contract Summary has been successfully saved',NULL,0,'2020-01-28 09:39:24','2020-01-28 09:39:24'),(1226,117,59,'delete_confirm','Please, confirm if you want to delete the selected Contract Summary',NULL,0,'2020-01-28 09:39:24','2020-01-28 09:39:24'),(1227,117,59,'nature_nsia_investment','Nature of NSIAs investment (equity, loan, guarantee)',NULL,0,'2020-01-28 09:39:24','2020-01-28 09:39:24'),(1228,117,59,'size_share_nsia_financing','Size and share of NSIAs financing',NULL,0,'2020-01-28 09:39:24','2020-01-28 09:39:24'),(1229,117,59,'project_objectives','Project objectives',NULL,0,'2020-01-28 09:39:24','2020-01-28 09:39:24'),(1230,117,59,'technical_description_infrastructure','Technical description of the infrastructure to be developed',NULL,0,'2020-01-28 09:39:24','2020-01-28 09:39:24'),(1231,117,59,'status_dates_various_approvals','Status/dates of various approvals',NULL,0,'2020-01-28 09:39:24','2020-01-28 09:39:24'),(1232,117,59,'highlevel_description_proposed_services','High-level description of the proposed services',NULL,0,'2020-01-28 09:39:24','2020-01-28 09:39:24'),(1233,117,59,'estimated_demand_server_anually','Estimated demand to be served annually',NULL,0,'2020-01-28 09:39:24','2020-01-28 09:39:24'),(1234,117,59,'project_additionality','Project additionality',NULL,0,'2020-01-28 09:39:24','2020-01-28 09:39:24'),(1235,117,59,'total_cost','Total project cost',NULL,0,'2020-01-28 09:39:24','2020-01-28 09:39:24'),(1236,117,60,'title','Termination Provisions',NULL,0,'2020-01-28 09:39:24','2020-01-28 09:39:24'),(1237,117,60,'party','Party',NULL,0,'2020-01-28 09:39:24','2020-01-28 09:39:24'),(1238,117,60,'select-party','Select Party Type',NULL,0,'2020-01-28 09:39:24','2020-01-28 09:39:24'),(1239,117,60,'party_concessionaire','Concessionaire',NULL,0,'2020-01-28 09:39:24','2020-01-28 09:39:24'),(1240,117,60,'party_operator','Operator',NULL,0,'2020-01-28 09:39:24','2020-01-28 09:39:24'),(1241,117,60,'party_authority','Authority',NULL,0,'2020-01-28 09:39:24','2020-01-28 09:39:24'),(1242,117,60,'group','Termination Provisions name',NULL,0,'2020-01-28 09:39:24','2020-01-28 09:39:24'),(1243,117,60,'placeholder','Add name here',NULL,0,'2020-01-28 09:39:24','2020-01-28 09:39:24'),(1244,117,60,'description','Description',NULL,0,'2020-01-28 09:39:24','2020-01-28 09:39:24'),(1245,117,60,'description-placeholder','Add description here',NULL,0,'2020-01-28 09:39:24','2020-01-28 09:39:24'),(1246,117,60,'termination_payment','Termination payment',NULL,0,'2020-01-28 09:39:24','2020-01-28 09:39:24'),(1247,117,60,'title-documents','Termination Provisions Documents',NULL,0,'2020-01-28 09:39:24','2020-01-28 09:39:24'),(1248,117,60,'section-summary','Termination Provisions Summary',NULL,0,'2020-01-28 09:39:24','2020-01-28 09:39:24'),(1249,117,60,'add-group','Add Termination Provisions',NULL,0,'2020-01-28 09:39:24','2020-01-28 09:39:24'),(1250,117,60,'edit-group','Edit this Termination Provisions',NULL,0,'2020-01-28 09:39:24','2020-01-28 09:39:24'),(1251,117,60,'deleted','The selected Termination Provisions has been successfully deleted',NULL,0,'2020-01-28 09:39:24','2020-01-28 09:39:24'),(1252,117,60,'success','The Termination Provisions has been successfully saved',NULL,0,'2020-01-28 09:39:24','2020-01-28 09:39:24'),(1253,117,60,'delete_confirm','Please, confirm if you want to delete the selected Termination Provisions',NULL,0,'2020-01-28 09:39:24','2020-01-28 09:39:24'),(1254,117,60,'table_name','Events of Default',NULL,0,'2020-01-28 09:39:24','2020-01-28 09:39:24'),(1255,117,60,'table_description','Brief description',NULL,0,'2020-01-28 09:39:24','2020-01-28 09:39:24'),(1256,117,60,'table_termination_payment','Termination Payments',NULL,0,'2020-01-28 09:39:24','2020-01-28 09:39:24'),(1257,117,60,'brief_description','Brief description of events of default',NULL,0,'2020-01-28 09:39:24','2020-01-28 09:39:24'),(1258,117,61,'title','Redacted PPP Agreement',NULL,0,'2020-01-28 09:39:24','2020-01-28 09:39:24'),(1259,117,61,'group','Documents group name',NULL,0,'2020-01-28 09:39:24','2020-01-28 09:39:24'),(1260,117,61,'group-placeholder','Add group name here',NULL,0,'2020-01-28 09:39:24','2020-01-28 09:39:24'),(1261,117,61,'description','Description',NULL,0,'2020-01-28 09:39:24','2020-01-28 09:39:24'),(1262,117,61,'description-placeholder','Add description here',NULL,0,'2020-01-28 09:39:24','2020-01-28 09:39:24'),(1263,117,61,'add-group','Add group of documents',NULL,0,'2020-01-28 09:39:24','2020-01-28 09:39:24'),(1264,117,61,'edit-group','Edit',NULL,0,'2020-01-28 09:39:24','2020-01-28 09:39:24'),(1265,117,61,'deleted','The selected group of documents has been successfully deleted',NULL,0,'2020-01-28 09:39:24','2020-01-28 09:39:24'),(1266,117,61,'success','The group of documents has been successfully saved',NULL,0,'2020-01-28 09:39:24','2020-01-28 09:39:24'),(1267,117,61,'delete_confirm','Please, confirm if you want to delete the selected group of documents',NULL,0,'2020-01-28 09:39:24','2020-01-28 09:39:24'),(1268,117,62,'title','Environment and Social Impact Assessment Report',NULL,0,'2020-01-28 09:39:24','2020-01-28 09:39:24'),(1269,117,62,'description','Description',NULL,0,'2020-01-28 09:39:24','2020-01-28 09:39:24'),(1270,117,62,'description-placeholder','Add description here',NULL,0,'2020-01-28 09:39:24','2020-01-28 09:39:24'),(1271,117,62,'success','The environment and social impact assessment report has been successfully saved',NULL,0,'2020-01-28 09:39:24','2020-01-28 09:39:24'),(1272,117,63,'title','Evaluation of PPP option',NULL,0,'2020-01-28 09:39:24','2020-01-28 09:39:24'),(1273,117,63,'group','Evaluation name',NULL,0,'2020-01-28 09:39:24','2020-01-28 09:39:24'),(1274,117,63,'placeholder','Add name here',NULL,0,'2020-01-28 09:39:24','2020-01-28 09:39:24'),(1275,117,63,'description','Description',NULL,0,'2020-01-28 09:39:24','2020-01-28 09:39:24'),(1276,117,63,'description-placeholder','Add description here',NULL,0,'2020-01-28 09:39:24','2020-01-28 09:39:24'),(1277,117,63,'title-documents','Evaluations Documents',NULL,0,'2020-01-28 09:39:24','2020-01-28 09:39:24'),(1278,117,63,'section-summary','Evaluations Summary',NULL,0,'2020-01-28 09:39:24','2020-01-28 09:39:24'),(1279,117,63,'add-group','Add evaluation',NULL,0,'2020-01-28 09:39:24','2020-01-28 09:39:24'),(1280,117,63,'edit-group','Edit this evaluation',NULL,0,'2020-01-28 09:39:24','2020-01-28 09:39:24'),(1281,117,63,'deleted','The selected evaluation  of PPP has been successfully deleted',NULL,0,'2020-01-28 09:39:24','2020-01-28 09:39:24'),(1282,117,63,'success','The evaluation of PPP has been successfully saved',NULL,0,'2020-01-28 09:39:24','2020-01-28 09:39:24'),(1283,117,63,'delete_confirm','Please, confirm if you want to delete the selected evaluation of PPP',NULL,0,'2020-01-28 09:39:24','2020-01-28 09:39:24'),(1284,117,63,'table_title','Evaluation PPP',NULL,0,'2020-01-28 09:39:24','2020-01-28 09:39:24'),(1285,117,63,'table_description','Description',NULL,0,'2020-01-28 09:39:24','2020-01-28 09:39:24'),(1286,117,64,'title','Financial Structure',NULL,0,'2020-01-28 09:39:24','2020-01-28 09:39:24'),(1287,117,64,'group','Financial name',NULL,0,'2020-01-28 09:39:24','2020-01-28 09:39:24'),(1288,117,64,'placeholder','Add name here',NULL,0,'2020-01-28 09:39:24','2020-01-28 09:39:24'),(1289,117,64,'category','Category',NULL,0,'2020-01-28 09:39:24','2020-01-28 09:39:24'),(1290,117,64,'category-placeholder','Select category',NULL,0,'2020-01-28 09:39:24','2020-01-28 09:39:24'),(1291,117,64,'description','Description',NULL,0,'2020-01-28 09:39:24','2020-01-28 09:39:24'),(1292,117,64,'description-placeholder','Add description here',NULL,0,'2020-01-28 09:39:24','2020-01-28 09:39:24'),(1293,117,64,'title-documents','Financial Documents',NULL,0,'2020-01-28 09:39:24','2020-01-28 09:39:24'),(1294,117,64,'section-summary','Financial Summary',NULL,0,'2020-01-28 09:39:24','2020-01-28 09:39:24'),(1295,117,64,'add-group','Add financial',NULL,0,'2020-01-28 09:39:24','2020-01-28 09:39:24'),(1296,117,64,'edit-group','Edit this financial',NULL,0,'2020-01-28 09:39:24','2020-01-28 09:39:24'),(1297,117,64,'deleted','The selected financial  of PPP has been successfully deleted',NULL,0,'2020-01-28 09:39:24','2020-01-28 09:39:24'),(1298,117,64,'success','The financial has been successfully saved',NULL,0,'2020-01-28 09:39:24','2020-01-28 09:39:24'),(1299,117,64,'delete_confirm','Please, confirm if you want to delete the selected financial',NULL,0,'2020-01-28 09:39:24','2020-01-28 09:39:24'),(1300,117,64,'commercial_lenders','Commercial lenders, bilateral or multilateral lenders, public issue of bonds, supplier credit, other',NULL,0,'2020-01-28 09:39:24','2020-01-28 09:39:24'),(1301,117,64,'equity_debt','Equity-debt ratio',NULL,0,'2020-01-28 09:39:24','2020-01-28 09:39:24'),(1302,117,64,'shareholders_project_vehicle','Shareholders of project vehicle',NULL,0,'2020-01-28 09:39:24','2020-01-28 09:39:24'),(1303,117,64,'share_capital_project_vehicle','Share capital of project vehicle',NULL,0,'2020-01-28 09:39:24','2020-01-28 09:39:24'),(1304,117,64,'shareholders_categories_debt','Shareholders categories senior debt, mezzanine debt, other',NULL,0,'2020-01-28 09:39:24','2020-01-28 09:39:24'),(1305,117,64,'amount_tenor_each','Amount and tenor of each, fixed or floating rate',NULL,0,'2020-01-28 09:39:24','2020-01-28 09:39:24'),(1306,117,64,'governance_rights','Governance rights',NULL,0,'2020-01-28 09:39:24','2020-01-28 09:39:24'),(1307,117,64,'category_debt','Category of debt provided: senior debt, mezzanine debt, other',':',0,'2020-01-28 09:39:24','2020-01-28 09:39:24'),(1308,117,64,'percentage_share_capital','Percentage of share capital in the project vehicle',NULL,0,'2020-01-28 09:39:24','2020-01-28 09:39:24'),(1309,117,65,'title','Government Support',NULL,0,'2020-01-28 09:39:24','2020-01-28 09:39:24'),(1310,117,65,'group','Government Support name',NULL,0,'2020-01-28 09:39:24','2020-01-28 09:39:24'),(1311,117,65,'placeholder','Add name here',NULL,0,'2020-01-28 09:39:24','2020-01-28 09:39:24'),(1312,117,65,'description','Description',NULL,0,'2020-01-28 09:39:24','2020-01-28 09:39:24'),(1313,117,65,'description-placeholder','Add description here',NULL,0,'2020-01-28 09:39:24','2020-01-28 09:39:24'),(1314,117,65,'help','Help',NULL,0,'2020-01-28 09:39:24','2020-01-28 09:39:24'),(1315,117,65,'help-placeholder','Add help here',NULL,0,'2020-01-28 09:39:24','2020-01-28 09:39:24'),(1316,117,65,'title-documents','Government Support Documents',NULL,0,'2020-01-28 09:39:24','2020-01-28 09:39:24'),(1317,117,65,'section-summary','Government Support Summary',NULL,0,'2020-01-28 09:39:24','2020-01-28 09:39:24'),(1318,117,65,'add-group','Add Government Support',NULL,0,'2020-01-28 09:39:24','2020-01-28 09:39:24'),(1319,117,65,'edit-group','Edit this Government Support',NULL,0,'2020-01-28 09:39:24','2020-01-28 09:39:24'),(1320,117,65,'deleted','The selected government support has been successfully deleted',NULL,0,'2020-01-28 09:39:24','2020-01-28 09:39:24'),(1321,117,65,'success','The government support has been successfully saved',NULL,0,'2020-01-28 09:39:24','2020-01-28 09:39:24'),(1322,117,65,'delete_confirm','Please, confirm if you want to delete the selected government support',NULL,0,'2020-01-28 09:39:24','2020-01-28 09:39:24'),(1323,117,65,'title_ppp','Guarantees / Commitments received',NULL,0,'2020-01-28 09:39:25','2020-01-28 09:39:25'),(1324,117,65,'group_ppp','Guarantees / Commitments received name',NULL,0,'2020-01-28 09:39:25','2020-01-28 09:39:25'),(1325,117,65,'title-documents_ppp','Guarantees / Commitments received Documents',NULL,0,'2020-01-28 09:39:25','2020-01-28 09:39:25'),(1326,117,65,'section-summary_ppp','Guarantees / Commitments received Summary',NULL,0,'2020-01-28 09:39:25','2020-01-28 09:39:25'),(1327,117,65,'add-group_ppp','Add Guarantees / Commitments received',NULL,0,'2020-01-28 09:39:25','2020-01-28 09:39:25'),(1328,117,65,'edit-group_ppp','Edit this guarantees / commitments received',NULL,0,'2020-01-28 09:39:25','2020-01-28 09:39:25'),(1329,117,65,'deleted_ppp','The selected guarantees / commitments received has been successfully deleted',NULL,0,'2020-01-28 09:39:25','2020-01-28 09:39:25'),(1330,117,65,'success_ppp','The guarantees / commitments received has been successfully saved',NULL,0,'2020-01-28 09:39:25','2020-01-28 09:39:25'),(1331,117,65,'delete_confirm_ppp','Please, confirm if you want to delete the selected guarantees / commitments received',NULL,0,'2020-01-28 09:39:25','2020-01-28 09:39:25'),(1332,117,65,'guarantees','Guarantees',NULL,0,'2020-01-28 09:39:25','2020-01-28 09:39:25'),(1333,117,65,'grants','Grants',NULL,0,'2020-01-28 09:39:25','2020-01-28 09:39:25'),(1334,117,65,'availability_payment_schedule','Availability/annuity payment schedule',NULL,0,'2020-01-28 09:39:25','2020-01-28 09:39:25'),(1335,117,65,'land_leases_asset_transfers','Land leases, asset transfers',NULL,0,'2020-01-28 09:39:25','2020-01-28 09:39:25'),(1336,117,65,'other_support','Other support',NULL,0,'2020-01-28 09:39:25','2020-01-28 09:39:25'),(1337,117,65,'revenue_share','Revenue share, if any',NULL,0,'2020-01-28 09:39:25','2020-01-28 09:39:25'),(1338,117,66,'title','Procurement documents',NULL,0,'2020-01-28 09:39:25','2020-01-28 09:39:25'),(1339,117,66,'group','Procurement name',NULL,0,'2020-01-28 09:39:25','2020-01-28 09:39:25'),(1340,117,66,'group-placeholder','Add name here',NULL,0,'2020-01-28 09:39:25','2020-01-28 09:39:25'),(1341,117,66,'description','Description',NULL,0,'2020-01-28 09:39:25','2020-01-28 09:39:25'),(1342,117,66,'description-placeholder','Add description here',NULL,0,'2020-01-28 09:39:25','2020-01-28 09:39:25'),(1343,117,66,'add-group','Add new procurement document',NULL,0,'2020-01-28 09:39:25','2020-01-28 09:39:25'),(1344,117,66,'edit-group','Edit this procurement',NULL,0,'2020-01-28 09:39:25','2020-01-28 09:39:25'),(1345,117,66,'deleted','The selected procurement has been successfully deleted',NULL,0,'2020-01-28 09:39:25','2020-01-28 09:39:25'),(1346,117,66,'success','The procurement has been successfully saved',NULL,0,'2020-01-28 09:39:25','2020-01-28 09:39:25'),(1347,117,66,'delete_confirm','Please, confirm if you want to delete the selected procurement',NULL,0,'2020-01-28 09:39:25','2020-01-28 09:39:25'),(1348,117,66,'request_qualification','Request for qualification',NULL,0,'2020-01-28 09:39:25','2020-01-28 09:39:25'),(1349,117,66,'shortlisted','Short-listed bidders',NULL,0,'2020-01-28 09:39:25','2020-01-28 09:39:25'),(1350,117,66,'proposal','Request for proposal',NULL,0,'2020-01-28 09:39:25','2020-01-28 09:39:25'),(1351,117,66,'award','Award',NULL,0,'2020-01-28 09:39:25','2020-01-28 09:39:25'),(1352,117,66,'project_development','List of project development consultants engaged in the project',NULL,0,'2020-01-28 09:39:25','2020-01-28 09:39:25'),(1353,117,66,'scoping','Scoping report',NULL,0,'2020-01-28 09:39:25','2020-01-28 09:39:25'),(1354,117,66,'feasibility_study_report','Feasibility study report',NULL,0,'2020-01-28 09:39:25','2020-01-28 09:39:25'),(1355,117,66,'environment','Environment and Social Impact Scoping Study',NULL,0,'2020-01-28 09:39:25','2020-01-28 09:39:25'),(1356,117,66,'obc','OBC',NULL,0,'2020-01-28 09:39:25','2020-01-28 09:39:25'),(1357,117,66,'eoi','EOI',NULL,0,'2020-01-28 09:39:25','2020-01-28 09:39:25'),(1358,117,66,'shortlist_evaluation','Short-listed bidders and evaluation summary report',NULL,0,'2020-01-28 09:39:25','2020-01-28 09:39:25'),(1359,117,66,'award_evaluation','Award and evaluation summary report',NULL,0,'2020-01-28 09:39:25','2020-01-28 09:39:25'),(1360,117,66,'value_money','Value for Money report (extracted from FBC)',NULL,0,'2020-01-28 09:39:25','2020-01-28 09:39:25'),(1361,117,67,'title','Renegotiations',NULL,0,'2020-01-28 09:39:25','2020-01-28 09:39:25'),(1362,117,67,'group','Renegotiation name',NULL,0,'2020-01-28 09:39:25','2020-01-28 09:39:25'),(1363,117,67,'placeholder','Add name here',NULL,0,'2020-01-28 09:39:25','2020-01-28 09:39:25'),(1364,117,67,'description','Description',NULL,0,'2020-01-28 09:39:25','2020-01-28 09:39:25'),(1365,117,67,'description-placeholder','Add description here',NULL,0,'2020-01-28 09:39:25','2020-01-28 09:39:25'),(1366,117,67,'title-documents','Renegotiation Documents',NULL,0,'2020-01-28 09:39:25','2020-01-28 09:39:25'),(1367,117,67,'section-summary','Renegotiation Summary',NULL,0,'2020-01-28 09:39:25','2020-01-28 09:39:25'),(1368,117,67,'add-group','Add renegotiation',NULL,0,'2020-01-28 09:39:25','2020-01-28 09:39:25'),(1369,117,67,'edit-group','Edit this renegotiation',NULL,0,'2020-01-28 09:39:25','2020-01-28 09:39:25'),(1370,117,67,'deleted','The selected renegotiation has been successfully deleted',NULL,0,'2020-01-28 09:39:25','2020-01-28 09:39:25'),(1371,117,67,'success','The renegotiation has been successfully saved',NULL,0,'2020-01-28 09:39:25','2020-01-28 09:39:25'),(1372,117,67,'delete_confirm','Please, confirm if you want to delete the selected renegotiation',NULL,0,'2020-01-28 09:39:25','2020-01-28 09:39:25'),(1373,117,68,'title','Risks',NULL,0,'2020-01-28 09:39:25','2020-01-28 09:39:25'),(1374,117,68,'group','Risk name',NULL,0,'2020-01-28 09:39:25','2020-01-28 09:39:25'),(1375,117,68,'group-placeholder','Add name here',NULL,0,'2020-01-28 09:39:25','2020-01-28 09:39:25'),(1376,117,68,'description','Description',NULL,0,'2020-01-28 09:39:25','2020-01-28 09:39:25'),(1377,117,68,'description-placeholder','Add description here',NULL,0,'2020-01-28 09:39:25','2020-01-28 09:39:25'),(1378,117,68,'allocation','Allocation',NULL,0,'2020-01-28 09:39:25','2020-01-28 09:39:25'),(1379,117,68,'category','Category',NULL,0,'2020-01-28 09:39:25','2020-01-28 09:39:25'),(1380,117,68,'allocation-placeholder','Select allocation',NULL,0,'2020-01-28 09:39:25','2020-01-28 09:39:25'),(1381,117,68,'category-placeholder','Select category',NULL,0,'2020-01-28 09:39:25','2020-01-28 09:39:25'),(1382,117,68,'mitigation','Mitigation',NULL,0,'2020-01-28 09:39:25','2020-01-28 09:39:25'),(1383,117,68,'type_risk','Type of risk',NULL,0,'2020-01-28 09:39:25','2020-01-28 09:39:25'),(1384,117,68,'mitigation-placeholder','Add mitigation here',NULL,0,'2020-01-28 09:39:25','2020-01-28 09:39:25'),(1385,117,68,'title-documents','Risks Documents',NULL,0,'2020-01-28 09:39:25','2020-01-28 09:39:25'),(1386,117,68,'section-summary','Risks Summary',NULL,0,'2020-01-28 09:39:25','2020-01-28 09:39:25'),(1387,117,68,'add-group','Add risk',NULL,0,'2020-01-28 09:39:25','2020-01-28 09:39:25'),(1388,117,68,'edit-group','Edit this risk',NULL,0,'2020-01-28 09:39:25','2020-01-28 09:39:25'),(1389,117,68,'deleted','The selected risk has been successfully deleted',NULL,0,'2020-01-28 09:39:25','2020-01-28 09:39:25'),(1390,117,68,'success','The risk has been successfully saved',NULL,0,'2020-01-28 09:39:25','2020-01-28 09:39:25'),(1391,117,68,'delete_confirm','Please, confirm if you want to delete the selected risk',NULL,0,'2020-01-28 09:39:25','2020-01-28 09:39:25'),(1392,117,68,'table_description','Description',NULL,0,'2020-01-28 09:39:25','2020-01-28 09:39:25'),(1393,117,68,'table_allocation','Allocation',NULL,0,'2020-01-28 09:39:25','2020-01-28 09:39:25'),(1394,117,68,'table_mitigation','Mitigation',NULL,0,'2020-01-28 09:39:25','2020-01-28 09:39:25'),(1395,117,69,'title','Tariff',NULL,0,'2020-01-28 09:39:25','2020-01-28 09:39:25'),(1396,117,69,'group','Tariff name',NULL,0,'2020-01-28 09:39:25','2020-01-28 09:39:25'),(1397,117,69,'placeholder','Add name here',NULL,0,'2020-01-28 09:39:25','2020-01-28 09:39:25'),(1398,117,69,'description','Description',NULL,0,'2020-01-28 09:39:25','2020-01-28 09:39:25'),(1399,117,69,'description-placeholder','Add description here',NULL,0,'2020-01-28 09:39:25','2020-01-28 09:39:25'),(1400,117,69,'title-documents','Tariff Documents',NULL,0,'2020-01-28 09:39:25','2020-01-28 09:39:25'),(1401,117,69,'section-summary','Tariff Summary',NULL,0,'2020-01-28 09:39:25','2020-01-28 09:39:25'),(1402,117,69,'add-group','Add tariff',NULL,0,'2020-01-28 09:39:25','2020-01-28 09:39:25'),(1403,117,69,'edit-group','Edit this tariff',NULL,0,'2020-01-28 09:39:25','2020-01-28 09:39:25'),(1404,117,69,'deleted','The selected tariff has been successfully deleted',NULL,0,'2020-01-28 09:39:25','2020-01-28 09:39:25'),(1405,117,69,'success','The tariff has been successfully saved',NULL,0,'2020-01-28 09:39:25','2020-01-28 09:39:25'),(1406,117,69,'delete_confirm','Please, confirm if you want to delete the selected tariff',NULL,0,'2020-01-28 09:39:25','2020-01-28 09:39:25'),(1407,117,69,'tariff-paid-by','Paid by',NULL,0,'2020-01-28 09:39:25','2020-01-28 09:39:25'),(1408,117,69,'tariff-value','Amount US$ (million)',NULL,0,'2020-01-28 09:39:25','2020-01-28 09:39:25'),(1409,117,69,'tariff-start-date','Tariff start date',NULL,0,'2020-01-28 09:39:25','2020-01-28 09:39:25'),(1410,117,69,'tariff-end-date','Tariff end date',NULL,0,'2020-01-28 09:39:25','2020-01-28 09:39:25');
/*!40000 ALTER TABLE `lang_fields` ENABLE KEYS */;
UNLOCK TABLES;

--
-- Table structure for table `lang_files`
--

DROP TABLE IF EXISTS `lang_files`;
/*!40101 SET @saved_cs_client     = @@character_set_client */;
/*!40101 SET character_set_client = utf8 */;
CREATE TABLE `lang_files` (
  `id` int(10) unsigned NOT NULL AUTO_INCREMENT,
  `name` varchar(255) COLLATE utf8mb4_unicode_ci NOT NULL,
  `path` varchar(255) COLLATE utf8mb4_unicode_ci NOT NULL,
  `parent_id` int(10) unsigned NOT NULL,
  `created_at` timestamp NULL DEFAULT NULL,
  `updated_at` timestamp NULL DEFAULT NULL,
  PRIMARY KEY (`id`)
) ENGINE=InnoDB AUTO_INCREMENT=70 DEFAULT CHARSET=utf8mb4 COLLATE=utf8mb4_unicode_ci;
/*!40101 SET character_set_client = @saved_cs_client */;

--
-- Dumping data for table `lang_files`
--

LOCK TABLES `lang_files` WRITE;
/*!40000 ALTER TABLE `lang_files` DISABLE KEYS */;
INSERT INTO `lang_files` VALUES (1,'aboutppp','',0,'2020-01-28 09:39:23','2020-01-28 09:39:23'),(2,'add-project','',0,'2020-01-28 09:39:23','2020-01-28 09:39:23'),(3,'auth','',0,'2020-01-28 09:39:23','2020-01-28 09:39:23'),(4,'banners','',0,'2020-01-28 09:39:23','2020-01-28 09:39:23'),(5,'components','',0,'2020-01-28 09:39:23','2020-01-28 09:39:23'),(6,'contact','',0,'2020-01-28 09:39:23','2020-01-28 09:39:23'),(7,'dashboard','',0,'2020-01-28 09:39:23','2020-01-28 09:39:23'),(8,'emails','',0,'2020-01-28 09:39:23','2020-01-28 09:39:23'),(9,'entity','',0,'2020-01-28 09:39:23','2020-01-28 09:39:23'),(10,'errors','',0,'2020-01-28 09:39:23','2020-01-28 09:39:23'),(11,'excel','',0,'2020-01-28 09:39:23','2020-01-28 09:39:23'),(12,'footer','',0,'2020-01-28 09:39:23','2020-01-28 09:39:23'),(13,'frontpage','',0,'2020-01-28 09:39:23','2020-01-28 09:39:23'),(14,'general','',0,'2020-01-28 09:39:23','2020-01-28 09:39:23'),(15,'global-announcements','',0,'2020-01-28 09:39:23','2020-01-28 09:39:23'),(16,'graphs','',0,'2020-01-28 09:39:23','2020-01-28 09:39:23'),(17,'import-project','',0,'2020-01-28 09:39:23','2020-01-28 09:39:23'),(18,'jquery-validation','',0,'2020-01-28 09:39:23','2020-01-28 09:39:23'),(19,'langs','',0,'2020-01-28 09:39:23','2020-01-28 09:39:23'),(20,'log','',0,'2020-01-28 09:39:23','2020-01-28 09:39:23'),(21,'login','',0,'2020-01-28 09:39:23','2020-01-28 09:39:23'),(22,'menu','',0,'2020-01-28 09:39:23','2020-01-28 09:39:23'),(23,'messages','',0,'2020-01-28 09:39:23','2020-01-28 09:39:23'),(24,'newsletter','',0,'2020-01-28 09:39:23','2020-01-28 09:39:23'),(25,'order','',0,'2020-01-28 09:39:23','2020-01-28 09:39:23'),(26,'pagination','',0,'2020-01-28 09:39:23','2020-01-28 09:39:23'),(27,'passwords','',0,'2020-01-28 09:39:23','2020-01-28 09:39:23'),(28,'procurement_documents','',0,'2020-01-28 09:39:23','2020-01-28 09:39:23'),(29,'project','',0,'2020-01-28 09:39:23','2020-01-28 09:39:23'),(30,'roles-permissions','',0,'2020-01-28 09:39:23','2020-01-28 09:39:23'),(31,'sectionstodisclose','',0,'2020-01-28 09:39:23','2020-01-28 09:39:23'),(32,'settings','',0,'2020-01-28 09:39:23','2020-01-28 09:39:23'),(33,'sliders','',0,'2020-01-28 09:39:23','2020-01-28 09:39:23'),(34,'task','',0,'2020-01-28 09:39:23','2020-01-28 09:39:23'),(35,'themes','',0,'2020-01-28 09:39:23','2020-01-28 09:39:23'),(36,'user','',0,'2020-01-28 09:39:23','2020-01-28 09:39:23'),(37,'validation','',0,'2020-01-28 09:39:23','2020-01-28 09:39:23'),(38,'sections','catalogs/',0,'2020-01-28 09:39:23','2020-01-28 09:39:23'),(39,'sectors','catalogs/',0,'2020-01-28 09:39:23','2020-01-28 09:39:23'),(40,'contact','emails/',0,'2020-01-28 09:39:23','2020-01-28 09:39:23'),(41,'newsletter','emails/',0,'2020-01-28 09:39:23','2020-01-28 09:39:23'),(42,'online_request','emails/',0,'2020-01-28 09:39:23','2020-01-28 09:39:23'),(43,'registration_email','emails/',0,'2020-01-28 09:39:23','2020-01-28 09:39:23'),(44,'signature','emails/',0,'2020-01-28 09:39:23','2020-01-28 09:39:23'),(45,'tasks','emails/',0,'2020-01-28 09:39:23','2020-01-28 09:39:23'),(46,'contract-milestones','project/',0,'2020-01-28 09:39:23','2020-01-28 09:39:23'),(47,'gallery','project/',0,'2020-01-28 09:39:23','2020-01-28 09:39:23'),(48,'newsletter','project/',0,'2020-01-28 09:39:23','2020-01-28 09:39:23'),(49,'party','project/',0,'2020-01-28 09:39:23','2020-01-28 09:39:23'),(50,'project-information','project/',0,'2020-01-28 09:39:23','2020-01-28 09:39:23'),(51,'annual_demand_levels','project/performance-information/',0,'2020-01-28 09:39:23','2020-01-28 09:39:23'),(52,'income_statements_metrics','project/performance-information/',0,'2020-01-28 09:39:23','2020-01-28 09:39:23'),(53,'key_performance_indicators','project/performance-information/',0,'2020-01-28 09:39:23','2020-01-28 09:39:23'),(54,'other_financial_metrics','project/performance-information/',0,'2020-01-28 09:39:23','2020-01-28 09:39:23'),(55,'performance_assessments','project/performance-information/',0,'2020-01-28 09:39:23','2020-01-28 09:39:23'),(56,'performance_failures','project/performance-information/',0,'2020-01-28 09:39:23','2020-01-28 09:39:23'),(57,'announcements','project/project-details/',0,'2020-01-28 09:39:23','2020-01-28 09:39:23'),(58,'award','project/project-details/',0,'2020-01-28 09:39:23','2020-01-28 09:39:23'),(59,'contract-summary','project/project-details/',0,'2020-01-28 09:39:23','2020-01-28 09:39:23'),(60,'contract-termination','project/project-details/',0,'2020-01-28 09:39:23','2020-01-28 09:39:23'),(61,'documents','project/project-details/',0,'2020-01-28 09:39:23','2020-01-28 09:39:23'),(62,'environment','project/project-details/',0,'2020-01-28 09:39:23','2020-01-28 09:39:23'),(63,'evaluation-ppp','project/project-details/',0,'2020-01-28 09:39:23','2020-01-28 09:39:23'),(64,'financial','project/project-details/',0,'2020-01-28 09:39:23','2020-01-28 09:39:23'),(65,'government-support','project/project-details/',0,'2020-01-28 09:39:23','2020-01-28 09:39:23'),(66,'procurement','project/project-details/',0,'2020-01-28 09:39:23','2020-01-28 09:39:23'),(67,'renegotiations','project/project-details/',0,'2020-01-28 09:39:23','2020-01-28 09:39:23'),(68,'risks','project/project-details/',0,'2020-01-28 09:39:23','2020-01-28 09:39:23'),(69,'tariffs','project/project-details/',0,'2020-01-28 09:39:23','2020-01-28 09:39:23');
/*!40000 ALTER TABLE `lang_files` ENABLE KEYS */;
UNLOCK TABLES;

--
-- Table structure for table `lang_values`
--

DROP TABLE IF EXISTS `lang_values`;
/*!40101 SET @saved_cs_client     = @@character_set_client */;
/*!40101 SET character_set_client = utf8 */;
CREATE TABLE `lang_values` (
  `id` int(10) unsigned NOT NULL AUTO_INCREMENT,
  `lang_id` int(10) unsigned NOT NULL,
  `file` varchar(255) COLLATE utf8mb4_unicode_ci NOT NULL,
  `value` longtext COLLATE utf8mb4_unicode_ci NOT NULL,
  `parent_id` int(10) unsigned NOT NULL,
  `created_at` timestamp NULL DEFAULT NULL,
  `updated_at` timestamp NULL DEFAULT NULL,
  PRIMARY KEY (`id`)
) ENGINE=InnoDB DEFAULT CHARSET=utf8mb4 COLLATE=utf8mb4_unicode_ci;
/*!40101 SET character_set_client = @saved_cs_client */;

--
-- Dumping data for table `lang_values`
--

LOCK TABLES `lang_values` WRITE;
/*!40000 ALTER TABLE `lang_values` DISABLE KEYS */;
/*!40000 ALTER TABLE `lang_values` ENABLE KEYS */;
UNLOCK TABLES;

--
-- Table structure for table `langs`
--

DROP TABLE IF EXISTS `langs`;
/*!40101 SET @saved_cs_client     = @@character_set_client */;
/*!40101 SET character_set_client = utf8 */;
CREATE TABLE `langs` (
  `id` int(10) unsigned NOT NULL AUTO_INCREMENT,
  `iso` varchar(45) COLLATE utf8mb4_unicode_ci NOT NULL,
  `name` varchar(255) COLLATE utf8mb4_unicode_ci NOT NULL,
  `default` varchar(191) COLLATE utf8mb4_unicode_ci NOT NULL DEFAULT '0',
  `available` tinyint(1) NOT NULL DEFAULT '0',
  `active` tinyint(1) NOT NULL DEFAULT '0',
  `created_at` timestamp NULL DEFAULT NULL,
  `updated_at` timestamp NULL DEFAULT NULL,
  PRIMARY KEY (`id`)
) ENGINE=InnoDB AUTO_INCREMENT=435 DEFAULT CHARSET=utf8mb4 COLLATE=utf8mb4_unicode_ci;
/*!40101 SET character_set_client = @saved_cs_client */;

--
-- Dumping data for table `langs`
--

LOCK TABLES `langs` WRITE;
/*!40000 ALTER TABLE `langs` DISABLE KEYS */;
INSERT INTO `langs` VALUES (1,'af-ZA','Afrikaans (South Africa)','0',0,0,'2020-01-28 09:39:23','2020-01-28 09:39:23'),(2,'af','Afrikaans','0',0,0,'2020-01-28 09:39:23','2020-01-28 09:39:23'),(3,'ak-GH','Akan (Ghana)','0',0,0,'2020-01-28 09:39:23','2020-01-28 09:39:23'),(4,'ak','Akan','0',0,0,'2020-01-28 09:39:23','2020-01-28 09:39:23'),(5,'sq-AL','Albanian (Albania)','0',0,0,'2020-01-28 09:39:23','2020-01-28 09:39:23'),(6,'sq','Albanian','0',0,0,'2020-01-28 09:39:23','2020-01-28 09:39:23'),(7,'am-ET','Amharic (Ethiopia)','0',0,0,'2020-01-28 09:39:23','2020-01-28 09:39:23'),(8,'am','Amharic','0',0,0,'2020-01-28 09:39:23','2020-01-28 09:39:23'),(9,'af-NA','Afrikaans (Namibia)','0',0,0,'2020-01-28 09:39:23','2020-01-28 09:39:23'),(10,'ar-DZ','Arabic (Algeria)','0',0,0,'2020-01-28 09:39:23','2020-01-28 09:39:23'),(11,'ar-BH','Arabic (Bahrain)','0',0,0,'2020-01-28 09:39:23','2020-01-28 09:39:23'),(12,'ar-EG','Arabic (Egypt)','0',0,0,'2020-01-28 09:39:23','2020-01-28 09:39:23'),(13,'ar-IQ','Arabic (Iraq)','0',0,0,'2020-01-28 09:39:23','2020-01-28 09:39:23'),(14,'ar-JO','Arabic (Jordan)','0',0,0,'2020-01-28 09:39:23','2020-01-28 09:39:23'),(15,'ar-KW','Arabic (Kuwait)','0',0,0,'2020-01-28 09:39:23','2020-01-28 09:39:23'),(16,'ar-LB','Arabic (Lebanon)','0',0,0,'2020-01-28 09:39:23','2020-01-28 09:39:23'),(17,'ar-LY','Arabic (Libya)','0',0,0,'2020-01-28 09:39:23','2020-01-28 09:39:23'),(18,'ar-MA','Arabic (Morocco)','0',0,0,'2020-01-28 09:39:23','2020-01-28 09:39:23'),(19,'ar-OM','Arabic (Oman)','0',0,0,'2020-01-28 09:39:23','2020-01-28 09:39:23'),(20,'ar-QA','Arabic (Qatar)','0',0,0,'2020-01-28 09:39:23','2020-01-28 09:39:23'),(21,'ar-SA','Arabic (Saudi Arabia)','0',0,0,'2020-01-28 09:39:23','2020-01-28 09:39:23'),(22,'ar-SD','Arabic (Sudan)','0',0,0,'2020-01-28 09:39:23','2020-01-28 09:39:23'),(23,'ar-SY','Arabic (Syria)','0',0,0,'2020-01-28 09:39:23','2020-01-28 09:39:23'),(24,'ar-TN','Arabic (Tunisia)','0',0,0,'2020-01-28 09:39:23','2020-01-28 09:39:23'),(25,'ar-AE','Arabic (United Arab Emirates)','0',0,0,'2020-01-28 09:39:23','2020-01-28 09:39:23'),(26,'ar-YE','Arabic (Yemen)','0',0,0,'2020-01-28 09:39:23','2020-01-28 09:39:23'),(27,'ar','Arabic','0',0,0,'2020-01-28 09:39:23','2020-01-28 09:39:23'),(28,'hy-AM','Armenian (Armenia)','0',0,0,'2020-01-28 09:39:23','2020-01-28 09:39:23'),(29,'hy','Armenian','0',0,0,'2020-01-28 09:39:23','2020-01-28 09:39:23'),(30,'as-IN','Assamese (India)','0',0,0,'2020-01-28 09:39:23','2020-01-28 09:39:23'),(31,'as','Assamese','0',0,0,'2020-01-28 09:39:23','2020-01-28 09:39:23'),(32,'asa-TZ','Asu (Tanzania)','0',0,0,'2020-01-28 09:39:23','2020-01-28 09:39:23'),(33,'asa','Asu','0',0,0,'2020-01-28 09:39:23','2020-01-28 09:39:23'),(34,'az-Cyrl','Azerbaijani (Cyrillic)','0',0,0,'2020-01-28 09:39:23','2020-01-28 09:39:23'),(35,'az-Cyrl-AZ','Azerbaijani (Cyrillic), Azerbaijan)','0',0,0,'2020-01-28 09:39:23','2020-01-28 09:39:23'),(36,'az-Latn','Azerbaijani (Latin)','0',0,0,'2020-01-28 09:39:23','2020-01-28 09:39:23'),(37,'az-Latn-AZ','Azerbaijani (Latin), Azerbaijan)','0',0,0,'2020-01-28 09:39:23','2020-01-28 09:39:23'),(38,'az','Azerbaijani','0',0,0,'2020-01-28 09:39:23','2020-01-28 09:39:23'),(39,'bm-ML','Bambara (Mali)','0',0,0,'2020-01-28 09:39:23','2020-01-28 09:39:23'),(40,'bm','Bambara','0',0,0,'2020-01-28 09:39:23','2020-01-28 09:39:23'),(41,'eu-ES','Basque (Spain)','0',0,0,'2020-01-28 09:39:23','2020-01-28 09:39:23'),(42,'eu','Basque','0',0,0,'2020-01-28 09:39:23','2020-01-28 09:39:23'),(43,'be-BY','Belarusian (Belarus)','0',0,0,'2020-01-28 09:39:23','2020-01-28 09:39:23'),(44,'be','Belarusian','0',0,0,'2020-01-28 09:39:23','2020-01-28 09:39:23'),(45,'bem-ZM','Bemba (Zambia)','0',0,0,'2020-01-28 09:39:23','2020-01-28 09:39:23'),(46,'bem','Bemba','0',0,0,'2020-01-28 09:39:23','2020-01-28 09:39:23'),(47,'bez-TZ','Bena (Tanzania)','0',0,0,'2020-01-28 09:39:23','2020-01-28 09:39:23'),(48,'bez','Bena','0',0,0,'2020-01-28 09:39:23','2020-01-28 09:39:23'),(49,'bn-BD','Bengali (Bangladesh)','0',0,0,'2020-01-28 09:39:23','2020-01-28 09:39:23'),(50,'bn-IN','Bengali (India)','0',0,0,'2020-01-28 09:39:23','2020-01-28 09:39:23'),(51,'bn','Bengali','0',0,0,'2020-01-28 09:39:23','2020-01-28 09:39:23'),(52,'bs-BA','Bosnian (Bosnia and Herzegovina)','0',0,0,'2020-01-28 09:39:23','2020-01-28 09:39:23'),(53,'bs','Bosnian','0',0,0,'2020-01-28 09:39:23','2020-01-28 09:39:23'),(54,'bg-BG','Bulgarian (Bulgaria)','0',0,0,'2020-01-28 09:39:23','2020-01-28 09:39:23'),(55,'bg','Bulgarian','0',0,0,'2020-01-28 09:39:23','2020-01-28 09:39:23'),(56,'my-MM','Burmese (Myanmar (Burma))','0',0,0,'2020-01-28 09:39:23','2020-01-28 09:39:23'),(57,'my','Burmese','0',0,0,'2020-01-28 09:39:23','2020-01-28 09:39:23'),(58,'ca-ES','Catalan (Spain)','0',0,0,'2020-01-28 09:39:23','2020-01-28 09:39:23'),(59,'ca','Catalan','0',0,0,'2020-01-28 09:39:23','2020-01-28 09:39:23'),(60,'tzm-Latn','Central Morocco Tamazight (Latin)','0',0,0,'2020-01-28 09:39:23','2020-01-28 09:39:23'),(61,'tzm-Latn-MA','Central Morocco Tamazight (Latin), Morocco)','0',0,0,'2020-01-28 09:39:23','2020-01-28 09:39:23'),(62,'tzm','Central Morocco Tamazight','0',0,0,'2020-01-28 09:39:23','2020-01-28 09:39:23'),(63,'chr-US','Cherokee (United States)','0',0,0,'2020-01-28 09:39:23','2020-01-28 09:39:23'),(64,'chr','Cherokee','0',0,0,'2020-01-28 09:39:23','2020-01-28 09:39:23'),(65,'cgg-UG','Chiga (Uganda)','0',0,0,'2020-01-28 09:39:23','2020-01-28 09:39:23'),(66,'cgg','Chiga','0',0,0,'2020-01-28 09:39:23','2020-01-28 09:39:23'),(67,'zh-Hans','Chinese (Simplified Han)','0',0,0,'2020-01-28 09:39:23','2020-01-28 09:39:23'),(68,'zh-Hans-CN','Chinese (Simplified Han), China)','0',0,0,'2020-01-28 09:39:23','2020-01-28 09:39:23'),(69,'zh-Hans-HK','Chinese (Simplified Han), Hong Kong SAR China)','0',0,0,'2020-01-28 09:39:23','2020-01-28 09:39:23'),(70,'zh-Hans-MO','Chinese (Simplified Han), Macau SAR China)','0',0,0,'2020-01-28 09:39:23','2020-01-28 09:39:23'),(71,'zh-Hans-SG','Chinese (Simplified Han), Singapore)','0',0,0,'2020-01-28 09:39:23','2020-01-28 09:39:23'),(72,'zh-Hant','Chinese (Traditional Han)','0',0,0,'2020-01-28 09:39:23','2020-01-28 09:39:23'),(73,'zh-Hant-HK','Chinese (Traditional Han), Hong Kong SAR China)','0',0,0,'2020-01-28 09:39:23','2020-01-28 09:39:23'),(74,'zh-Hant-MO','Chinese (Traditional Han), Macau SAR China)','0',0,0,'2020-01-28 09:39:23','2020-01-28 09:39:23'),(75,'zh-Hant-TW','Chinese (Traditional Han), Taiwan)','0',0,0,'2020-01-28 09:39:23','2020-01-28 09:39:23'),(76,'zh','Chinese','0',0,0,'2020-01-28 09:39:23','2020-01-28 09:39:23'),(77,'kw-GB','Cornish (United Kingdom)','0',0,0,'2020-01-28 09:39:23','2020-01-28 09:39:23'),(78,'kw','Cornish','0',0,0,'2020-01-28 09:39:23','2020-01-28 09:39:23'),(79,'hr-HR','Croatian (Croatia)','0',0,0,'2020-01-28 09:39:23','2020-01-28 09:39:23'),(80,'hr','Croatian','0',0,0,'2020-01-28 09:39:23','2020-01-28 09:39:23'),(81,'cs-CZ','Czech (Czech Republic)','0',0,0,'2020-01-28 09:39:23','2020-01-28 09:39:23'),(82,'cs','Czech','0',0,0,'2020-01-28 09:39:23','2020-01-28 09:39:23'),(83,'da-DK','Danish (Denmark)','0',0,0,'2020-01-28 09:39:23','2020-01-28 09:39:23'),(84,'da','Danish','0',0,0,'2020-01-28 09:39:23','2020-01-28 09:39:23'),(85,'nl-BE','Dutch (Belgium)','0',0,0,'2020-01-28 09:39:23','2020-01-28 09:39:23'),(86,'nl-NL','Dutch (Netherlands)','0',0,0,'2020-01-28 09:39:23','2020-01-28 09:39:23'),(87,'nl','Dutch','0',0,0,'2020-01-28 09:39:23','2020-01-28 09:39:23'),(88,'ebu-KE','Embu (Kenya)','0',0,0,'2020-01-28 09:39:23','2020-01-28 09:39:23'),(89,'ebu','Embu','0',0,0,'2020-01-28 09:39:23','2020-01-28 09:39:23'),(90,'en-AS','English (American Samoa)','0',0,0,'2020-01-28 09:39:23','2020-01-28 09:39:23'),(91,'en-AU','English (Australia)','0',0,0,'2020-01-28 09:39:23','2020-01-28 09:39:23'),(92,'en-BE','English (Belgium)','0',0,0,'2020-01-28 09:39:23','2020-01-28 09:39:23'),(93,'en-BZ','English (Belize)','0',0,0,'2020-01-28 09:39:23','2020-01-28 09:39:23'),(94,'en-BW','English (Botswana)','0',0,0,'2020-01-28 09:39:23','2020-01-28 09:39:23'),(95,'en-CA','English (Canada)','0',0,0,'2020-01-28 09:39:23','2020-01-28 09:39:23'),(96,'en-GU','English (Guam)','0',0,0,'2020-01-28 09:39:23','2020-01-28 09:39:23'),(97,'en-HK','English (Hong Kong SAR China)','0',0,0,'2020-01-28 09:39:23','2020-01-28 09:39:23'),(98,'en-IN','English (India)','0',0,0,'2020-01-28 09:39:23','2020-01-28 09:39:23'),(99,'en-IE','English (Ireland)','0',0,0,'2020-01-28 09:39:23','2020-01-28 09:39:23'),(100,'en-JM','English (Jamaica)','0',0,0,'2020-01-28 09:39:23','2020-01-28 09:39:23'),(101,'en-MT','English (Malta)','0',0,0,'2020-01-28 09:39:23','2020-01-28 09:39:23'),(102,'en-MH','English (Marshall Islands)','0',0,0,'2020-01-28 09:39:23','2020-01-28 09:39:23'),(103,'en-MU','English (Mauritius)','0',0,0,'2020-01-28 09:39:23','2020-01-28 09:39:23'),(104,'en-NA','English (Namibia)','0',0,0,'2020-01-28 09:39:23','2020-01-28 09:39:23'),(105,'en-NZ','English (New Zealand)','0',0,0,'2020-01-28 09:39:23','2020-01-28 09:39:23'),(106,'en-MP','English (Northern Mariana Islands)','0',0,0,'2020-01-28 09:39:23','2020-01-28 09:39:23'),(107,'en-PK','English (Pakistan)','0',0,0,'2020-01-28 09:39:23','2020-01-28 09:39:23'),(108,'en-PH','English (Philippines)','0',0,0,'2020-01-28 09:39:23','2020-01-28 09:39:23'),(109,'en-SG','English (Singapore)','0',0,0,'2020-01-28 09:39:23','2020-01-28 09:39:23'),(110,'en-ZA','English (South Africa)','0',0,0,'2020-01-28 09:39:23','2020-01-28 09:39:23'),(111,'en-TT','English (Trinidad and Tobago)','0',0,0,'2020-01-28 09:39:23','2020-01-28 09:39:23'),(112,'en-UM','English (U.S. Minor Outlying Islands)','0',0,0,'2020-01-28 09:39:23','2020-01-28 09:39:23'),(113,'en-VI','English (U.S. Virgin Islands)','0',0,0,'2020-01-28 09:39:23','2020-01-28 09:39:23'),(114,'en-GB','English (United Kingdom)','0',0,0,'2020-01-28 09:39:23','2020-01-28 09:39:23'),(115,'en-US','English (United States)','0',0,0,'2020-01-28 09:39:23','2020-01-28 09:39:23'),(116,'en-ZW','English (Zimbabwe)','0',0,0,'2020-01-28 09:39:23','2020-01-28 09:39:23'),(117,'en','English','1',1,1,'2020-01-28 09:39:23','2020-01-28 09:39:23'),(118,'eo','Esperanto','0',0,0,'2020-01-28 09:39:23','2020-01-28 09:39:23'),(119,'et-EE','Estonian (Estonia)','0',0,0,'2020-01-28 09:39:23','2020-01-28 09:39:23'),(120,'et','Estonian','0',0,0,'2020-01-28 09:39:23','2020-01-28 09:39:23'),(121,'ee-GH','Ewe (Ghana)','0',0,0,'2020-01-28 09:39:23','2020-01-28 09:39:23'),(122,'ee-TG','Ewe (Togo)','0',0,0,'2020-01-28 09:39:23','2020-01-28 09:39:23'),(123,'ee','Ewe','0',0,0,'2020-01-28 09:39:23','2020-01-28 09:39:23'),(124,'fo-FO','Faroese (Faroe Islands)','0',0,0,'2020-01-28 09:39:23','2020-01-28 09:39:23'),(125,'fo','Faroese','0',0,0,'2020-01-28 09:39:23','2020-01-28 09:39:23'),(126,'fil-PH','Filipino (Philippines)','0',0,0,'2020-01-28 09:39:23','2020-01-28 09:39:23'),(127,'fil','Filipino','0',0,0,'2020-01-28 09:39:23','2020-01-28 09:39:23'),(128,'fi-FI','Finnish (Finland)','0',0,0,'2020-01-28 09:39:23','2020-01-28 09:39:23'),(129,'fi','Finnish','0',0,0,'2020-01-28 09:39:23','2020-01-28 09:39:23'),(130,'fr-BE','French (Belgium)','0',0,0,'2020-01-28 09:39:23','2020-01-28 09:39:23'),(131,'fr-BJ','French (Benin)','0',0,0,'2020-01-28 09:39:23','2020-01-28 09:39:23'),(132,'fr-BF','French (Burkina Faso)','0',0,0,'2020-01-28 09:39:23','2020-01-28 09:39:23'),(133,'fr-BI','French (Burundi)','0',0,0,'2020-01-28 09:39:23','2020-01-28 09:39:23'),(134,'fr-CM','French (Cameroon)','0',0,0,'2020-01-28 09:39:23','2020-01-28 09:39:23'),(135,'fr-CA','French (Canada)','0',0,0,'2020-01-28 09:39:23','2020-01-28 09:39:23'),(136,'fr-CF','French (Central African Republic)','0',0,0,'2020-01-28 09:39:23','2020-01-28 09:39:23'),(137,'fr-TD','French (Chad)','0',0,0,'2020-01-28 09:39:23','2020-01-28 09:39:23'),(138,'fr-KM','French (Comoros)','0',0,0,'2020-01-28 09:39:23','2020-01-28 09:39:23'),(139,'fr-CG','French (Congo - Brazzaville)','0',0,0,'2020-01-28 09:39:23','2020-01-28 09:39:23'),(140,'fr-CD','French (Congo - Kinshasa)','0',0,0,'2020-01-28 09:39:23','2020-01-28 09:39:23'),(141,'fr-CI','French (Cte d\'Ivoire)','0',0,0,'2020-01-28 09:39:23','2020-01-28 09:39:23'),(142,'fr-DJ','French (Djibouti)','0',0,0,'2020-01-28 09:39:23','2020-01-28 09:39:23'),(143,'fr-GQ','French (Equatorial Guinea)','0',0,0,'2020-01-28 09:39:23','2020-01-28 09:39:23'),(144,'fr-FR','French (France)','0',0,0,'2020-01-28 09:39:23','2020-01-28 09:39:23'),(145,'fr-GA','French (Gabon)','0',0,0,'2020-01-28 09:39:23','2020-01-28 09:39:23'),(146,'fr-GP','French (Guadeloupe)','0',0,0,'2020-01-28 09:39:23','2020-01-28 09:39:23'),(147,'fr-GN','French (Guinea)','0',0,0,'2020-01-28 09:39:23','2020-01-28 09:39:23'),(148,'fr-LU','French (Luxembourg)','0',0,0,'2020-01-28 09:39:23','2020-01-28 09:39:23'),(149,'fr-MG','French (Madagascar)','0',0,0,'2020-01-28 09:39:23','2020-01-28 09:39:23'),(150,'fr-ML','French (Mali)','0',0,0,'2020-01-28 09:39:23','2020-01-28 09:39:23'),(151,'fr-MQ','French (Martinique)','0',0,0,'2020-01-28 09:39:23','2020-01-28 09:39:23'),(152,'fr-MC','French (Monaco)','0',0,0,'2020-01-28 09:39:23','2020-01-28 09:39:23'),(153,'fr-NE','French (Niger)','0',0,0,'2020-01-28 09:39:23','2020-01-28 09:39:23'),(154,'fr-RW','French (Rwanda)','0',0,0,'2020-01-28 09:39:23','2020-01-28 09:39:23'),(155,'fr-RE','French (Runion)','0',0,0,'2020-01-28 09:39:23','2020-01-28 09:39:23'),(156,'fr-BL','French (Saint Barthmy)','0',0,0,'2020-01-28 09:39:23','2020-01-28 09:39:23'),(157,'fr-MF','French (Saint Martin)','0',0,0,'2020-01-28 09:39:23','2020-01-28 09:39:23'),(158,'fr-SN','French (Senegal)','0',0,0,'2020-01-28 09:39:23','2020-01-28 09:39:23'),(159,'fr-CH','French (Switzerland)','0',0,0,'2020-01-28 09:39:23','2020-01-28 09:39:23'),(160,'fr-TG','French (Togo)','0',0,0,'2020-01-28 09:39:23','2020-01-28 09:39:23'),(161,'fr','French','0',0,0,'2020-01-28 09:39:23','2020-01-28 09:39:23'),(162,'ff-SN','Fulah (Senegal)','0',0,0,'2020-01-28 09:39:23','2020-01-28 09:39:23'),(163,'ff','Fulah','0',0,0,'2020-01-28 09:39:23','2020-01-28 09:39:23'),(164,'gl-ES','Galician (Spain)','0',0,0,'2020-01-28 09:39:23','2020-01-28 09:39:23'),(165,'gl','Galician','0',0,0,'2020-01-28 09:39:23','2020-01-28 09:39:23'),(166,'lg-UG','Ganda (Uganda)','0',0,0,'2020-01-28 09:39:23','2020-01-28 09:39:23'),(167,'lg','Ganda','0',0,0,'2020-01-28 09:39:23','2020-01-28 09:39:23'),(168,'ka-GE','Georgian (Georgia)','0',0,0,'2020-01-28 09:39:23','2020-01-28 09:39:23'),(169,'ka','Georgian','0',0,0,'2020-01-28 09:39:23','2020-01-28 09:39:23'),(170,'de-AT','German (Austria)','0',0,0,'2020-01-28 09:39:23','2020-01-28 09:39:23'),(171,'de-BE','German (Belgium)','0',0,0,'2020-01-28 09:39:23','2020-01-28 09:39:23'),(172,'de-DE','German (Germany)','0',0,0,'2020-01-28 09:39:23','2020-01-28 09:39:23'),(173,'de-LI','German (Liechtenstein)','0',0,0,'2020-01-28 09:39:23','2020-01-28 09:39:23'),(174,'de-LU','German (Luxembourg)','0',0,0,'2020-01-28 09:39:23','2020-01-28 09:39:23'),(175,'de-CH','German (Switzerland)','0',0,0,'2020-01-28 09:39:23','2020-01-28 09:39:23'),(176,'de','German','0',0,0,'2020-01-28 09:39:23','2020-01-28 09:39:23'),(177,'el-CY','Greek (Cyprus)','0',0,0,'2020-01-28 09:39:23','2020-01-28 09:39:23'),(178,'el-GR','Greek (Greece)','0',0,0,'2020-01-28 09:39:23','2020-01-28 09:39:23'),(179,'el','Greek','0',0,0,'2020-01-28 09:39:23','2020-01-28 09:39:23'),(180,'gu-IN','Gujarati (India)','0',0,0,'2020-01-28 09:39:23','2020-01-28 09:39:23'),(181,'gu','Gujarati','0',0,0,'2020-01-28 09:39:23','2020-01-28 09:39:23'),(182,'guz-KE','Gusii (Kenya)','0',0,0,'2020-01-28 09:39:23','2020-01-28 09:39:23'),(183,'guz','Gusii','0',0,0,'2020-01-28 09:39:23','2020-01-28 09:39:23'),(184,'ha-Latn','Hausa (Latin)','0',0,0,'2020-01-28 09:39:23','2020-01-28 09:39:23'),(185,'ha-Latn-GH','Hausa (Latin), Ghana)','0',0,0,'2020-01-28 09:39:23','2020-01-28 09:39:23'),(186,'ha-Latn-NE','Hausa (Latin), Niger)','0',0,0,'2020-01-28 09:39:23','2020-01-28 09:39:23'),(187,'ha-Latn-NG','Hausa (Latin), Nigeria)','0',0,0,'2020-01-28 09:39:23','2020-01-28 09:39:23'),(188,'ha','Hausa','0',0,0,'2020-01-28 09:39:23','2020-01-28 09:39:23'),(189,'haw-US','Hawaiian (United States)','0',0,0,'2020-01-28 09:39:23','2020-01-28 09:39:23'),(190,'haw','Hawaiian','0',0,0,'2020-01-28 09:39:23','2020-01-28 09:39:23'),(191,'he-IL','Hebrew (Israel)','0',0,0,'2020-01-28 09:39:23','2020-01-28 09:39:23'),(192,'he','Hebrew','0',0,0,'2020-01-28 09:39:23','2020-01-28 09:39:23'),(193,'hi-IN','Hindi (India)','0',0,0,'2020-01-28 09:39:23','2020-01-28 09:39:23'),(194,'hi','Hindi','0',0,0,'2020-01-28 09:39:23','2020-01-28 09:39:23'),(195,'hu-HU','Hungarian (Hungary)','0',0,0,'2020-01-28 09:39:23','2020-01-28 09:39:23'),(196,'hu','Hungarian','0',0,0,'2020-01-28 09:39:23','2020-01-28 09:39:23'),(197,'is-IS','Icelandic (Iceland)','0',0,0,'2020-01-28 09:39:23','2020-01-28 09:39:23'),(198,'is','Icelandic','0',0,0,'2020-01-28 09:39:23','2020-01-28 09:39:23'),(199,'ig-NG','Igbo (Nigeria)','0',0,0,'2020-01-28 09:39:23','2020-01-28 09:39:23'),(200,'ig','Igbo','0',0,0,'2020-01-28 09:39:23','2020-01-28 09:39:23'),(201,'id-ID','Indonesian (Indonesia)','0',0,0,'2020-01-28 09:39:23','2020-01-28 09:39:23'),(202,'id','Indonesian','0',0,0,'2020-01-28 09:39:23','2020-01-28 09:39:23'),(203,'ga-IE','Irish (Ireland)','0',0,0,'2020-01-28 09:39:23','2020-01-28 09:39:23'),(204,'ga','Irish','0',0,0,'2020-01-28 09:39:23','2020-01-28 09:39:23'),(205,'it-IT','Italian (Italy)','0',0,0,'2020-01-28 09:39:23','2020-01-28 09:39:23'),(206,'it-CH','Italian (Switzerland)','0',0,0,'2020-01-28 09:39:23','2020-01-28 09:39:23'),(207,'it','Italian','0',0,0,'2020-01-28 09:39:23','2020-01-28 09:39:23'),(208,'ja-JP','Japanese (Japan)','0',0,0,'2020-01-28 09:39:23','2020-01-28 09:39:23'),(209,'ja','Japanese','0',0,0,'2020-01-28 09:39:23','2020-01-28 09:39:23'),(210,'kea-CV','Kabuverdianu (Cape Verde)','0',0,0,'2020-01-28 09:39:23','2020-01-28 09:39:23'),(211,'kea','Kabuverdianu','0',0,0,'2020-01-28 09:39:23','2020-01-28 09:39:23'),(212,'kab-DZ','Kabyle (Algeria)','0',0,0,'2020-01-28 09:39:23','2020-01-28 09:39:23'),(213,'kab','Kabyle','0',0,0,'2020-01-28 09:39:23','2020-01-28 09:39:23'),(214,'kl-GL','Kalaallisut (Greenland)','0',0,0,'2020-01-28 09:39:23','2020-01-28 09:39:23'),(215,'kl','Kalaallisut','0',0,0,'2020-01-28 09:39:23','2020-01-28 09:39:23'),(216,'kln-KE','Kalenjin (Kenya)','0',0,0,'2020-01-28 09:39:23','2020-01-28 09:39:23'),(217,'kln','Kalenjin','0',0,0,'2020-01-28 09:39:23','2020-01-28 09:39:23'),(218,'kam-KE','Kamba (Kenya)','0',0,0,'2020-01-28 09:39:23','2020-01-28 09:39:23'),(219,'kam','Kamba','0',0,0,'2020-01-28 09:39:23','2020-01-28 09:39:23'),(220,'kn-IN','Kannada (India)','0',0,0,'2020-01-28 09:39:23','2020-01-28 09:39:23'),(221,'kn','Kannada','0',0,0,'2020-01-28 09:39:23','2020-01-28 09:39:23'),(222,'kk-Cyrl','Kazakh (Cyrillic)','0',0,0,'2020-01-28 09:39:23','2020-01-28 09:39:23'),(223,'kk-Cyrl-KZ','Kazakh ((Cyrillic), Kazakhstan))','0',0,0,'2020-01-28 09:39:23','2020-01-28 09:39:23'),(224,'kk','Kazakh','0',0,0,'2020-01-28 09:39:23','2020-01-28 09:39:23'),(225,'km-KH','Khmer (Cambodia)','0',0,0,'2020-01-28 09:39:23','2020-01-28 09:39:23'),(226,'km','Khmer','0',0,0,'2020-01-28 09:39:23','2020-01-28 09:39:23'),(227,'ki-KE','Kikuyu (Kenya)','0',0,0,'2020-01-28 09:39:23','2020-01-28 09:39:23'),(228,'ki','Kikuyu','0',0,0,'2020-01-28 09:39:23','2020-01-28 09:39:23'),(229,'rw-RW','Kinyarwanda (Rwanda)','0',0,0,'2020-01-28 09:39:23','2020-01-28 09:39:23'),(230,'rw','Kinyarwanda','0',0,0,'2020-01-28 09:39:23','2020-01-28 09:39:23'),(231,'kok-IN','Konkani (India)','0',0,0,'2020-01-28 09:39:23','2020-01-28 09:39:23'),(232,'kok','Konkani','0',0,0,'2020-01-28 09:39:23','2020-01-28 09:39:23'),(233,'ko-KR','Korean (South Korea)','0',0,0,'2020-01-28 09:39:23','2020-01-28 09:39:23'),(234,'ko','Korean','0',0,0,'2020-01-28 09:39:23','2020-01-28 09:39:23'),(235,'khq-ML','Koyra Chiini (Mali)','0',0,0,'2020-01-28 09:39:23','2020-01-28 09:39:23'),(236,'khq','Koyra Chiini','0',0,0,'2020-01-28 09:39:23','2020-01-28 09:39:23'),(237,'ses-ML','Koyraboro Senni (Mali)','0',0,0,'2020-01-28 09:39:23','2020-01-28 09:39:23'),(238,'ses','Koyraboro Senni','0',0,0,'2020-01-28 09:39:23','2020-01-28 09:39:23'),(239,'lag-TZ','Langi (Tanzania)','0',0,0,'2020-01-28 09:39:23','2020-01-28 09:39:23'),(240,'lag','Langi','0',0,0,'2020-01-28 09:39:23','2020-01-28 09:39:23'),(241,'lv-LV','Latvian (Latvia)','0',0,0,'2020-01-28 09:39:23','2020-01-28 09:39:23'),(242,'lv','Latvian','0',0,0,'2020-01-28 09:39:23','2020-01-28 09:39:23'),(243,'lt-LT','Lithuanian (Lithuania)','0',0,0,'2020-01-28 09:39:23','2020-01-28 09:39:23'),(244,'lt','Lithuanian','0',0,0,'2020-01-28 09:39:23','2020-01-28 09:39:23'),(245,'luo-KE','Luo (Kenya)','0',0,0,'2020-01-28 09:39:23','2020-01-28 09:39:23'),(246,'luo','Luo','0',0,0,'2020-01-28 09:39:23','2020-01-28 09:39:23'),(247,'luy-KE','Luyia (Kenya)','0',0,0,'2020-01-28 09:39:23','2020-01-28 09:39:23'),(248,'luy','Luyia','0',0,0,'2020-01-28 09:39:23','2020-01-28 09:39:23'),(249,'mk-MK','Macedonian (Macedonia)','0',0,0,'2020-01-28 09:39:23','2020-01-28 09:39:23'),(250,'mk','Macedonian','0',0,0,'2020-01-28 09:39:23','2020-01-28 09:39:23'),(251,'jmc-TZ','Machame (Tanzania)','0',0,0,'2020-01-28 09:39:23','2020-01-28 09:39:23'),(252,'jmc','Machame','0',0,0,'2020-01-28 09:39:23','2020-01-28 09:39:23'),(253,'kde-TZ','Makonde (Tanzania)','0',0,0,'2020-01-28 09:39:23','2020-01-28 09:39:23'),(254,'kde','Makonde','0',0,0,'2020-01-28 09:39:23','2020-01-28 09:39:23'),(255,'mg-MG','Malagasy (Madagascar)','0',0,0,'2020-01-28 09:39:23','2020-01-28 09:39:23'),(256,'mg','Malagasy','0',0,0,'2020-01-28 09:39:23','2020-01-28 09:39:23'),(257,'ms-BN','Malay (Brunei)','0',0,0,'2020-01-28 09:39:23','2020-01-28 09:39:23'),(258,'ms-MY','Malay (Malaysia)','0',0,0,'2020-01-28 09:39:23','2020-01-28 09:39:23'),(259,'ms','Malay','0',0,0,'2020-01-28 09:39:23','2020-01-28 09:39:23'),(260,'ml-IN','Malayalam (India)','0',0,0,'2020-01-28 09:39:23','2020-01-28 09:39:23'),(261,'ml','Malayalam','0',0,0,'2020-01-28 09:39:23','2020-01-28 09:39:23'),(262,'mt-MT','Maltese (Malta)','0',0,0,'2020-01-28 09:39:23','2020-01-28 09:39:23'),(263,'mt','Maltese','0',0,0,'2020-01-28 09:39:23','2020-01-28 09:39:23'),(264,'gv-GB','Manx (United Kingdom)','0',0,0,'2020-01-28 09:39:23','2020-01-28 09:39:23'),(265,'gv','Manx','0',0,0,'2020-01-28 09:39:23','2020-01-28 09:39:23'),(266,'mr-IN','Marathi (India)','0',0,0,'2020-01-28 09:39:23','2020-01-28 09:39:23'),(267,'mr','Marathi','0',0,0,'2020-01-28 09:39:23','2020-01-28 09:39:23'),(268,'mas-KE','Masai (Kenya)','0',0,0,'2020-01-28 09:39:23','2020-01-28 09:39:23'),(269,'mas-TZ','Masai (Tanzania)','0',0,0,'2020-01-28 09:39:23','2020-01-28 09:39:23'),(270,'mas','Masai','0',0,0,'2020-01-28 09:39:23','2020-01-28 09:39:23'),(271,'mer-KE','Meru (Kenya)','0',0,0,'2020-01-28 09:39:23','2020-01-28 09:39:23'),(272,'mer','Meru','0',0,0,'2020-01-28 09:39:23','2020-01-28 09:39:23'),(273,'mfe-MU','Morisyen (Mauritius)','0',0,0,'2020-01-28 09:39:23','2020-01-28 09:39:23'),(274,'mfe','Morisyen','0',0,0,'2020-01-28 09:39:23','2020-01-28 09:39:23'),(275,'naq-NA','Nama (Namibia)','0',0,0,'2020-01-28 09:39:23','2020-01-28 09:39:23'),(276,'naq','Nama','0',0,0,'2020-01-28 09:39:23','2020-01-28 09:39:23'),(277,'ne-IN','Nepali (India)','0',0,0,'2020-01-28 09:39:23','2020-01-28 09:39:23'),(278,'ne-NP','Nepali (Nepal)','0',0,0,'2020-01-28 09:39:23','2020-01-28 09:39:23'),(279,'ne','Nepali','0',0,0,'2020-01-28 09:39:23','2020-01-28 09:39:23'),(280,'nd-ZW','North Ndebele (Zimbabwe)','0',0,0,'2020-01-28 09:39:23','2020-01-28 09:39:23'),(281,'nd','North Ndebele','0',0,0,'2020-01-28 09:39:23','2020-01-28 09:39:23'),(282,'nb-NO','Norwegian Bokmal (Norway)','0',0,0,'2020-01-28 09:39:23','2020-01-28 09:39:23'),(283,'nb','Norwegian Bokmal','0',0,0,'2020-01-28 09:39:23','2020-01-28 09:39:23'),(284,'nn-NO','Norwegian Nynorsk (Norway)','0',0,0,'2020-01-28 09:39:23','2020-01-28 09:39:23'),(285,'nn','Norwegian Nynorsk','0',0,0,'2020-01-28 09:39:23','2020-01-28 09:39:23'),(286,'nyn-UG','Nyankole (Uganda)','0',0,0,'2020-01-28 09:39:23','2020-01-28 09:39:23'),(287,'nyn','Nyankole','0',0,0,'2020-01-28 09:39:23','2020-01-28 09:39:23'),(288,'or-IN','Oriya (India)','0',0,0,'2020-01-28 09:39:23','2020-01-28 09:39:23'),(289,'or','Oriya','0',0,0,'2020-01-28 09:39:23','2020-01-28 09:39:23'),(290,'om-ET','Oromo (Ethiopia)','0',0,0,'2020-01-28 09:39:23','2020-01-28 09:39:23'),(291,'om-KE','Oromo (Kenya)','0',0,0,'2020-01-28 09:39:23','2020-01-28 09:39:23'),(292,'om','Oromo','0',0,0,'2020-01-28 09:39:23','2020-01-28 09:39:23'),(293,'ps-AF','Pashto (Afghanistan)','0',0,0,'2020-01-28 09:39:23','2020-01-28 09:39:23'),(294,'ps','Pashto','0',0,0,'2020-01-28 09:39:23','2020-01-28 09:39:23'),(295,'fa-AF','Persian (Afghanistan)','0',0,0,'2020-01-28 09:39:23','2020-01-28 09:39:23'),(296,'fa-IR','Persian (Iran)','0',0,0,'2020-01-28 09:39:23','2020-01-28 09:39:23'),(297,'fa','Persian','0',0,0,'2020-01-28 09:39:23','2020-01-28 09:39:23'),(298,'pl-PL','Polish (Poland)','0',0,0,'2020-01-28 09:39:23','2020-01-28 09:39:23'),(299,'pl','Polish','0',0,0,'2020-01-28 09:39:23','2020-01-28 09:39:23'),(300,'pt-BR','Portuguese (Brazil)','0',0,0,'2020-01-28 09:39:23','2020-01-28 09:39:23'),(301,'pt-GW','Portuguese (Guinea-Bissau)','0',0,0,'2020-01-28 09:39:23','2020-01-28 09:39:23'),(302,'pt-MZ','Portuguese (Mozambique)','0',0,0,'2020-01-28 09:39:23','2020-01-28 09:39:23'),(303,'pt-PT','Portuguese (Portugal)','0',0,0,'2020-01-28 09:39:23','2020-01-28 09:39:23'),(304,'pt','Portuguese','0',0,0,'2020-01-28 09:39:23','2020-01-28 09:39:23'),(305,'pa-Arab','Punjabi (Arabic)','0',0,0,'2020-01-28 09:39:23','2020-01-28 09:39:23'),(306,'pa-Arab-PK','Punjabi (Arabic), Pakistan)','0',0,0,'2020-01-28 09:39:23','2020-01-28 09:39:23'),(307,'pa-Guru','Punjabi (Gurmukhi)','0',0,0,'2020-01-28 09:39:23','2020-01-28 09:39:23'),(308,'pa-Guru-IN','Punjabi (Gurmukhi), India)','0',0,0,'2020-01-28 09:39:23','2020-01-28 09:39:23'),(309,'pa','Punjabi','0',0,0,'2020-01-28 09:39:23','2020-01-28 09:39:23'),(310,'ro-MD','Romanian (Moldova)','0',0,0,'2020-01-28 09:39:23','2020-01-28 09:39:23'),(311,'ro-RO','Romanian (Romania)','0',0,0,'2020-01-28 09:39:23','2020-01-28 09:39:23'),(312,'ro','Romanian','0',0,0,'2020-01-28 09:39:23','2020-01-28 09:39:23'),(313,'rm-CH','Romansh (Switzerland)','0',0,0,'2020-01-28 09:39:23','2020-01-28 09:39:23'),(314,'rm','Romansh','0',0,0,'2020-01-28 09:39:23','2020-01-28 09:39:23'),(315,'rof-TZ','Rombo (Tanzania)','0',0,0,'2020-01-28 09:39:23','2020-01-28 09:39:23'),(316,'rof','Rombo','0',0,0,'2020-01-28 09:39:23','2020-01-28 09:39:23'),(317,'ru-MD','Russian (Moldova)','0',0,0,'2020-01-28 09:39:23','2020-01-28 09:39:23'),(318,'ru-RU','Russian (Russia)','0',0,0,'2020-01-28 09:39:23','2020-01-28 09:39:23'),(319,'ru-UA','Russian (Ukraine)','0',0,0,'2020-01-28 09:39:23','2020-01-28 09:39:23'),(320,'ru','Russian','0',0,0,'2020-01-28 09:39:23','2020-01-28 09:39:23'),(321,'rwk-TZ','Rwa (Tanzania)','0',0,0,'2020-01-28 09:39:23','2020-01-28 09:39:23'),(322,'rwk','Rwa','0',0,0,'2020-01-28 09:39:23','2020-01-28 09:39:23'),(323,'saq-KE','Samburu (Kenya)','0',0,0,'2020-01-28 09:39:23','2020-01-28 09:39:23'),(324,'saq','Samburu','0',0,0,'2020-01-28 09:39:23','2020-01-28 09:39:23'),(325,'sg-CF','Sango (Central African Republic)','0',0,0,'2020-01-28 09:39:23','2020-01-28 09:39:23'),(326,'sg','Sango','0',0,0,'2020-01-28 09:39:23','2020-01-28 09:39:23'),(327,'seh-MZ','Sena (Mozambique)','0',0,0,'2020-01-28 09:39:23','2020-01-28 09:39:23'),(328,'seh','Sena','0',0,0,'2020-01-28 09:39:23','2020-01-28 09:39:23'),(329,'sr-Cyrl','Serbian (Cyrillic)','0',0,0,'2020-01-28 09:39:23','2020-01-28 09:39:23'),(330,'sr-Cyrl-BA','Serbian (Cyrillic), Bosnia and Herzegovina)','0',0,0,'2020-01-28 09:39:23','2020-01-28 09:39:23'),(331,'sr-Cyrl-ME','Serbian (Cyrillic), Montenegro)','0',0,0,'2020-01-28 09:39:23','2020-01-28 09:39:23'),(332,'sr-Cyrl-RS','Serbian (Cyrillic), Serbia)','0',0,0,'2020-01-28 09:39:23','2020-01-28 09:39:23'),(333,'sr-Latn','Serbian (Latin)','0',0,0,'2020-01-28 09:39:23','2020-01-28 09:39:23'),(334,'sr-Latn-BA','Serbian (Latin), Bosnia and Herzegovina)','0',0,0,'2020-01-28 09:39:23','2020-01-28 09:39:23'),(335,'sr-Latn-ME','Serbian (Latin), Montenegro)','0',0,0,'2020-01-28 09:39:23','2020-01-28 09:39:23'),(336,'sr-Latn-RS','Serbian (Latin), Serbia)','0',0,0,'2020-01-28 09:39:23','2020-01-28 09:39:23'),(337,'sr','Serbian','0',0,0,'2020-01-28 09:39:23','2020-01-28 09:39:23'),(338,'sn-ZW','Shona (Zimbabwe)','0',0,0,'2020-01-28 09:39:23','2020-01-28 09:39:23'),(339,'sn','Shona','0',0,0,'2020-01-28 09:39:23','2020-01-28 09:39:23'),(340,'ii-CN','Sichuan Yi (China)','0',0,0,'2020-01-28 09:39:23','2020-01-28 09:39:23'),(341,'ii','Sichuan Yi','0',0,0,'2020-01-28 09:39:23','2020-01-28 09:39:23'),(342,'si-LK','Sinhala (Sri Lanka)','0',0,0,'2020-01-28 09:39:23','2020-01-28 09:39:23'),(343,'si','Sinhala','0',0,0,'2020-01-28 09:39:23','2020-01-28 09:39:23'),(344,'sk-SK','Slovak (Slovakia)','0',0,0,'2020-01-28 09:39:23','2020-01-28 09:39:23'),(345,'sk','Slovak','0',0,0,'2020-01-28 09:39:23','2020-01-28 09:39:23'),(346,'sl-SI','Slovenian (Slovenia)','0',0,0,'2020-01-28 09:39:23','2020-01-28 09:39:23'),(347,'sl','Slovenian','0',0,0,'2020-01-28 09:39:23','2020-01-28 09:39:23'),(348,'xog-UG','Soga (Uganda)','0',0,0,'2020-01-28 09:39:23','2020-01-28 09:39:23'),(349,'xog','Soga','0',0,0,'2020-01-28 09:39:23','2020-01-28 09:39:23'),(350,'so-DJ','Somali (Djibouti)','0',0,0,'2020-01-28 09:39:23','2020-01-28 09:39:23'),(351,'so-ET','Somali (Ethiopia)','0',0,0,'2020-01-28 09:39:23','2020-01-28 09:39:23'),(352,'so-KE','Somali (Kenya)','0',0,0,'2020-01-28 09:39:23','2020-01-28 09:39:23'),(353,'so-SO','Somali (Somalia)','0',0,0,'2020-01-28 09:39:23','2020-01-28 09:39:23'),(354,'so','Somali','0',0,0,'2020-01-28 09:39:23','2020-01-28 09:39:23'),(355,'es-AR','Spanish (Argentina)','0',0,0,'2020-01-28 09:39:23','2020-01-28 09:39:23'),(356,'es-BO','Spanish (Bolivia)','0',0,0,'2020-01-28 09:39:23','2020-01-28 09:39:23'),(357,'es-CL','Spanish (Chile)','0',0,0,'2020-01-28 09:39:23','2020-01-28 09:39:23'),(358,'es-CO','Spanish (Colombia)','0',0,0,'2020-01-28 09:39:23','2020-01-28 09:39:23'),(359,'es-CR','Spanish (Costa Rica)','0',0,0,'2020-01-28 09:39:23','2020-01-28 09:39:23'),(360,'es-DO','Spanish (Dominican Republic)','0',0,0,'2020-01-28 09:39:23','2020-01-28 09:39:23'),(361,'es-EC','Spanish (Ecuador)','0',0,0,'2020-01-28 09:39:23','2020-01-28 09:39:23'),(362,'es-SV','Spanish (El Salvador)','0',0,0,'2020-01-28 09:39:23','2020-01-28 09:39:23'),(363,'es-GQ','Spanish (Equatorial Guinea)','0',0,0,'2020-01-28 09:39:23','2020-01-28 09:39:23'),(364,'es-GT','Spanish (Guatemala)','0',0,0,'2020-01-28 09:39:23','2020-01-28 09:39:23'),(365,'es-HN','Spanish (Honduras)','0',0,0,'2020-01-28 09:39:23','2020-01-28 09:39:23'),(366,'es-419','Spanish (Latin America)','0',0,0,'2020-01-28 09:39:23','2020-01-28 09:39:23'),(367,'es-MX','Spanish (Mexico)','0',0,0,'2020-01-28 09:39:23','2020-01-28 09:39:23'),(368,'es-NI','Spanish (Nicaragua)','0',0,0,'2020-01-28 09:39:23','2020-01-28 09:39:23'),(369,'es-PA','Spanish (Panama)','0',0,0,'2020-01-28 09:39:23','2020-01-28 09:39:23'),(370,'es-PY','Spanish (Paraguay)','0',0,0,'2020-01-28 09:39:23','2020-01-28 09:39:23'),(371,'es-PE','Spanish (Peru)','0',0,0,'2020-01-28 09:39:23','2020-01-28 09:39:23'),(372,'es-PR','Spanish (Puerto Rico)','0',0,0,'2020-01-28 09:39:23','2020-01-28 09:39:23'),(373,'es-ES','Spanish (Spain)','0',0,0,'2020-01-28 09:39:23','2020-01-28 09:39:23'),(374,'es-US','Spanish (United States)','0',0,0,'2020-01-28 09:39:23','2020-01-28 09:39:23'),(375,'es-UY','Spanish (Uruguay)','0',0,0,'2020-01-28 09:39:23','2020-01-28 09:39:23'),(376,'es-VE','Spanish (Venezuela)','0',0,0,'2020-01-28 09:39:23','2020-01-28 09:39:23'),(377,'es','Spanish','0',0,0,'2020-01-28 09:39:23','2020-01-28 09:39:23'),(378,'sw-KE','Swahili (Kenya)','0',0,0,'2020-01-28 09:39:23','2020-01-28 09:39:23'),(379,'sw-TZ','Swahili (Tanzania)','0',0,0,'2020-01-28 09:39:23','2020-01-28 09:39:23'),(380,'sw','Swahili','0',0,0,'2020-01-28 09:39:23','2020-01-28 09:39:23'),(381,'sv-FI','Swedish (Finland)','0',0,0,'2020-01-28 09:39:23','2020-01-28 09:39:23'),(382,'sv-SE','Swedish (Sweden)','0',0,0,'2020-01-28 09:39:23','2020-01-28 09:39:23'),(383,'sv','Swedish','0',0,0,'2020-01-28 09:39:23','2020-01-28 09:39:23'),(384,'gsw-CH','Swiss German (Switzerland)','0',0,0,'2020-01-28 09:39:23','2020-01-28 09:39:23'),(385,'gsw','Swiss German','0',0,0,'2020-01-28 09:39:23','2020-01-28 09:39:23'),(386,'shi-Latn','Tachelhit (Latin)','0',0,0,'2020-01-28 09:39:23','2020-01-28 09:39:23'),(387,'shi-Latn-MA','Tachelhit (Latin), Morocco)','0',0,0,'2020-01-28 09:39:23','2020-01-28 09:39:23'),(388,'shi-Tfng','Tachelhit (Tifinagh)','0',0,0,'2020-01-28 09:39:23','2020-01-28 09:39:23'),(389,'shi-Tfng-MA','Tachelhit (Tifinagh), Morocco)','0',0,0,'2020-01-28 09:39:23','2020-01-28 09:39:23'),(390,'shi','Tachelhit','0',0,0,'2020-01-28 09:39:23','2020-01-28 09:39:23'),(391,'dav-KE','Taita (Kenya)','0',0,0,'2020-01-28 09:39:23','2020-01-28 09:39:23'),(392,'dav','Taita','0',0,0,'2020-01-28 09:39:23','2020-01-28 09:39:23'),(393,'ta-IN','Tamil (India)','0',0,0,'2020-01-28 09:39:23','2020-01-28 09:39:23'),(394,'ta-LK','Tamil (Sri Lanka)','0',0,0,'2020-01-28 09:39:23','2020-01-28 09:39:23'),(395,'ta','Tamil','0',0,0,'2020-01-28 09:39:23','2020-01-28 09:39:23'),(396,'te-IN','Telugu (India)','0',0,0,'2020-01-28 09:39:23','2020-01-28 09:39:23'),(397,'te','Telugu','0',0,0,'2020-01-28 09:39:23','2020-01-28 09:39:23'),(398,'teo-KE','Teso (Kenya)','0',0,0,'2020-01-28 09:39:23','2020-01-28 09:39:23'),(399,'teo-UG','Teso (Uganda)','0',0,0,'2020-01-28 09:39:23','2020-01-28 09:39:23'),(400,'teo','Teso','0',0,0,'2020-01-28 09:39:23','2020-01-28 09:39:23'),(401,'th-TH','Thai (Thailand)','0',0,0,'2020-01-28 09:39:23','2020-01-28 09:39:23'),(402,'th','Thai','0',0,0,'2020-01-28 09:39:23','2020-01-28 09:39:23'),(403,'bo-CN','Tibetan (China)','0',0,0,'2020-01-28 09:39:23','2020-01-28 09:39:23'),(404,'bo-IN','Tibetan (India)','0',0,0,'2020-01-28 09:39:23','2020-01-28 09:39:23'),(405,'bo','Tibetan','0',0,0,'2020-01-28 09:39:23','2020-01-28 09:39:23'),(406,'ti-ER','Tigrinya (Eritrea)','0',0,0,'2020-01-28 09:39:23','2020-01-28 09:39:23'),(407,'ti-ET','Tigrinya (Ethiopia)','0',0,0,'2020-01-28 09:39:23','2020-01-28 09:39:23'),(408,'ti','Tigrinya','0',0,0,'2020-01-28 09:39:23','2020-01-28 09:39:23'),(409,'to-TO','Tonga (Tonga)','0',0,0,'2020-01-28 09:39:23','2020-01-28 09:39:23'),(410,'to','Tonga','0',0,0,'2020-01-28 09:39:23','2020-01-28 09:39:23'),(411,'tr-TR','Turkish (Turkey)','0',0,0,'2020-01-28 09:39:23','2020-01-28 09:39:23'),(412,'tr','Turkish','0',0,0,'2020-01-28 09:39:23','2020-01-28 09:39:23'),(413,'uk-UA','Ukrainian (Ukraine)','0',0,0,'2020-01-28 09:39:23','2020-01-28 09:39:23'),(414,'uk','Ukrainian','0',0,0,'2020-01-28 09:39:23','2020-01-28 09:39:23'),(415,'ur-IN','Urdu (India)','0',0,0,'2020-01-28 09:39:23','2020-01-28 09:39:23'),(416,'ur-PK','Urdu (Pakistan)','0',0,0,'2020-01-28 09:39:23','2020-01-28 09:39:23'),(417,'ur','Urdu','0',0,0,'2020-01-28 09:39:23','2020-01-28 09:39:23'),(418,'uz-Arab','Uzbek (Arabic)','0',0,0,'2020-01-28 09:39:23','2020-01-28 09:39:23'),(419,'uz-Arab-AF','Uzbek (Arabic), Afghanistan)','0',0,0,'2020-01-28 09:39:23','2020-01-28 09:39:23'),(420,'uz-Cyrl','Uzbek (Cyrillic)','0',0,0,'2020-01-28 09:39:23','2020-01-28 09:39:23'),(421,'uz-Cyrl-UZ','Uzbek (Cyrillic), Uzbekistan)','0',0,0,'2020-01-28 09:39:23','2020-01-28 09:39:23'),(422,'uz-Latn','Uzbek (Latin)','0',0,0,'2020-01-28 09:39:23','2020-01-28 09:39:23'),(423,'uz-Latn-UZ','Uzbek (Latin), Uzbekistan)','0',0,0,'2020-01-28 09:39:23','2020-01-28 09:39:23'),(424,'uz','Uzbek','0',0,0,'2020-01-28 09:39:23','2020-01-28 09:39:23'),(425,'vi-VN','Vietnamese (Vietnam)','0',0,0,'2020-01-28 09:39:23','2020-01-28 09:39:23'),(426,'vi','Vietnamese','0',0,0,'2020-01-28 09:39:23','2020-01-28 09:39:23'),(427,'vun-TZ','Vunjo (Tanzania)','0',0,0,'2020-01-28 09:39:23','2020-01-28 09:39:23'),(428,'vun','Vunjo','0',0,0,'2020-01-28 09:39:23','2020-01-28 09:39:23'),(429,'cy-GB','Welsh (United Kingdom)','0',0,0,'2020-01-28 09:39:23','2020-01-28 09:39:23'),(430,'cy','Welsh','0',0,0,'2020-01-28 09:39:23','2020-01-28 09:39:23'),(431,'yo-NG','Yoruba (Nigeria)','0',0,0,'2020-01-28 09:39:23','2020-01-28 09:39:23'),(432,'yo','Yoruba','0',0,0,'2020-01-28 09:39:23','2020-01-28 09:39:23'),(433,'zu-ZA','Zulu (South Africa)','0',0,0,'2020-01-28 09:39:23','2020-01-28 09:39:23'),(434,'zu','Zulu','0',0,0,'2020-01-28 09:39:23','2020-01-28 09:39:23');
/*!40000 ALTER TABLE `langs` ENABLE KEYS */;
UNLOCK TABLES;

--
-- Table structure for table `location_project_information`
--

DROP TABLE IF EXISTS `location_project_information`;
/*!40101 SET @saved_cs_client     = @@character_set_client */;
/*!40101 SET character_set_client = utf8 */;
CREATE TABLE `location_project_information` (
  `id` int(10) unsigned NOT NULL AUTO_INCREMENT,
  `location_id` int(10) unsigned NOT NULL,
  `project_information_id` int(10) unsigned NOT NULL,
  `created_at` timestamp NULL DEFAULT NULL,
  `updated_at` timestamp NULL DEFAULT NULL,
  PRIMARY KEY (`id`),
  KEY `location_project_information_location_id_index` (`location_id`),
  KEY `location_project_information_project_information_id_index` (`project_information_id`),
  CONSTRAINT `location_project_information_location_id_foreign` FOREIGN KEY (`location_id`) REFERENCES `locations` (`id`),
  CONSTRAINT `location_project_information_project_information_id_foreign` FOREIGN KEY (`project_information_id`) REFERENCES `project_information` (`id`) ON DELETE CASCADE
) ENGINE=InnoDB AUTO_INCREMENT=58 DEFAULT CHARSET=utf8mb4 COLLATE=utf8mb4_unicode_ci;
/*!40101 SET character_set_client = @saved_cs_client */;

--
-- Dumping data for table `location_project_information`
--

LOCK TABLES `location_project_information` WRITE;
/*!40000 ALTER TABLE `location_project_information` DISABLE KEYS */;
INSERT INTO `location_project_information` VALUES (42,1,32,NULL,NULL),(43,1,33,NULL,NULL),(44,1,34,NULL,NULL),(46,5,36,NULL,NULL),(47,3,37,NULL,NULL),(48,1,38,NULL,NULL),(49,2,39,NULL,NULL),(50,3,40,NULL,NULL),(51,5,41,NULL,NULL),(52,4,42,NULL,NULL),(53,6,43,NULL,NULL),(54,1,44,NULL,NULL),(55,4,45,NULL,NULL),(57,1,47,NULL,NULL);
/*!40000 ALTER TABLE `location_project_information` ENABLE KEYS */;
UNLOCK TABLES;

--
-- Table structure for table `locations`
--

DROP TABLE IF EXISTS `locations`;
/*!40101 SET @saved_cs_client     = @@character_set_client */;
/*!40101 SET character_set_client = utf8 */;
CREATE TABLE `locations` (
  `id` int(10) unsigned NOT NULL AUTO_INCREMENT,
  `name` varchar(255) COLLATE utf8mb4_unicode_ci NOT NULL,
  `type` varchar(45) COLLATE utf8mb4_unicode_ci NOT NULL,
  `code` varchar(45) COLLATE utf8mb4_unicode_ci NOT NULL,
  `created_at` timestamp NULL DEFAULT NULL,
  `updated_at` timestamp NULL DEFAULT NULL,
  PRIMARY KEY (`id`)
) ENGINE=InnoDB AUTO_INCREMENT=7 DEFAULT CHARSET=utf8mb4 COLLATE=utf8mb4_unicode_ci;
/*!40101 SET character_set_client = @saved_cs_client */;

--
-- Dumping data for table `locations`
--

LOCK TABLES `locations` WRITE;
/*!40000 ALTER TABLE `locations` DISABLE KEYS */;
INSERT INTO `locations` VALUES (1,'Urban West - Urban','region','TZ-15',NULL,NULL),(2,'Urban West - West A','region','TZ-06',NULL,NULL),(3,'Urban West - West B','region','TZ-11',NULL,NULL),(4,'North Unguja - North A','region','TZ-07',NULL,NULL),(5,'South Pemba - Chakechake','region','TZ-10',NULL,NULL),(6,'South Unguja - Central','region','TZ-00',NULL,NULL);
/*!40000 ALTER TABLE `locations` ENABLE KEYS */;
UNLOCK TABLES;

--
-- Table structure for table `media`
--

DROP TABLE IF EXISTS `media`;
/*!40101 SET @saved_cs_client     = @@character_set_client */;
/*!40101 SET character_set_client = utf8 */;
CREATE TABLE `media` (
  `id` int(10) unsigned NOT NULL AUTO_INCREMENT,
  `name` varchar(255) COLLATE utf8mb4_unicode_ci NOT NULL,
  `old_name` varchar(255) COLLATE utf8mb4_unicode_ci NOT NULL,
  `extension` varchar(12) COLLATE utf8mb4_unicode_ci NOT NULL,
  `mime_type` varchar(255) COLLATE utf8mb4_unicode_ci NOT NULL,
  `width` varchar(6) COLLATE utf8mb4_unicode_ci DEFAULT NULL,
  `height` varchar(6) COLLATE utf8mb4_unicode_ci DEFAULT NULL,
  `section` varchar(255) COLLATE utf8mb4_unicode_ci NOT NULL,
  `project` int(11) NOT NULL DEFAULT '0',
  `path` text COLLATE utf8mb4_unicode_ci NOT NULL,
  `position` int(11) NOT NULL DEFAULT '0',
  `size` int(11) NOT NULL DEFAULT '0',
  `uniqueToken` varchar(191) COLLATE utf8mb4_unicode_ci DEFAULT NULL,
  `to_delete` tinyint(1) NOT NULL DEFAULT '0',
  `created_at` timestamp NULL DEFAULT NULL,
  `updated_at` timestamp NULL DEFAULT NULL,
  PRIMARY KEY (`id`)
) ENGINE=InnoDB AUTO_INCREMENT=39 DEFAULT CHARSET=utf8mb4 COLLATE=utf8mb4_unicode_ci;
/*!40101 SET character_set_client = @saved_cs_client */;

--
-- Dumping data for table `media`
--

LOCK TABLES `media` WRITE;
/*!40000 ALTER TABLE `media` DISABLE KEYS */;
INSERT INTO `media` VALUES (1,'logo','logo','png','image/png','316px','65px','lg',0,'/img/logo.png',0,0,NULL,0,'2020-01-28 09:39:25','2020-01-28 09:39:25'),(2,'1.jpg','1.jpg','jpeg','image/jpeg',NULL,NULL,'sample-sl',0,'/img/samples/slider/1.jpg',0,0,NULL,0,'2019-10-09 15:19:56','2019-10-09 15:19:56'),(3,'2.jpg','2.jpg','jpeg','image/jpeg',NULL,NULL,'sample-sl',0,'/img/samples/slider/2.jpg',0,0,NULL,0,'2019-10-09 15:19:56','2019-10-09 15:19:56'),(4,'3.jpg','3.jpg','jpeg','image/jpeg',NULL,NULL,'sample-sl',0,'/img/samples/slider/3.jpg',0,0,NULL,0,'2019-10-09 15:19:56','2019-10-09 15:19:56'),(5,'4.jpg','4.jpg','jpeg','image/jpeg',NULL,NULL,'sample-sl',0,'/img/samples/slider/4.jpg',0,0,NULL,0,'2019-10-09 15:19:56','2019-10-09 15:19:56'),(19,'b99df60b-0491-4685-82cf-d1d220b8c7d7','zanzibar_coat_of_arms.jpg','jpeg','image/jpeg',NULL,NULL,'par',0,'/vault/0/par/12/zanzibar_coat_of_arms-b99df60b-0491-4685-82cf-d1d220b8c7d7.jpeg',12,17858,'41bs0jykjv7rl5c457kmz',0,'2020-02-11 15:57:59','2020-02-11 15:57:59'),(27,'758525b4-ca1d-4c64-b7e5-dda6b1481d23','1.jpg','jpeg','image/jpeg',NULL,NULL,'pri',29,'/vault/29/pri/28/1-758525b4-ca1d-4c64-b7e5-dda6b1481d23.jpeg',28,446234,'bi2i0qg2yaa864xuy3wjg8',0,'2020-04-10 23:40:04','2020-04-10 23:40:04'),(29,'7277faa9-b22e-4020-8544-cd2d3afc4f51','PDFTEST.pdf','pdf','application/pdf',NULL,NULL,'d',29,'/vault/29/d/10/PDFTEST-7277faa9-b22e-4020-8544-cd2d3afc4f51.pdf',10,69475,'4wwop7c8kr8albq5iy44yn',0,'2020-04-10 23:59:21','2020-04-10 23:59:21'),(30,'ea7acd60-18e1-4af8-976b-a19dd83cafff','PDFTEST1.pdf','pdf','application/pdf',NULL,NULL,'d',29,'/vault/29/d/10/PDFTEST1-ea7acd60-18e1-4af8-976b-a19dd83cafff.pdf',10,69475,'4wwop7c8kr8albq5iy44yn',0,'2020-04-10 23:59:26','2020-04-10 23:59:26'),(31,'9d8436cc-dee4-4fcd-b5b9-327991d3a860','Urban_municipal_project.png','png','image/png',NULL,NULL,'par',0,'/vault/0/par/1/Urban_municipal_project-9d8436cc-dee4-4fcd-b5b9-327991d3a860.png',1,334848,'cer7ftf2p3ttvc19n2o1km',0,'2020-06-09 07:18:25','2020-06-09 07:18:25'),(32,'ee3367b7-ab86-4a4c-8f34-edcd42f2175f','logo.png','png','image/png',NULL,NULL,'par',0,'/vault/0/par/2/logo-ee3367b7-ab86-4a4c-8f34-edcd42f2175f.png',2,2179,'5w15yb2wwzey9bc1yuqck',0,'2020-06-09 07:29:05','2020-06-09 07:29:05'),(33,'e108e705-07ee-43f2-814e-7548762b90a9','logo.png','png','image/png',NULL,NULL,'par',0,'/vault/0/par/3/logo-e108e705-07ee-43f2-814e-7548762b90a9.png',3,2179,'1ngqthe2413yr7nr8valkn',0,'2020-06-09 07:29:38','2020-06-09 07:29:38'),(34,'43880423-c95c-493b-86ec-d51f2a4501c9','logo.png','png','image/png',NULL,NULL,'par',0,'/vault/0/par/4/logo-43880423-c95c-493b-86ec-d51f2a4501c9.png',4,2179,'yg79b2e2mtinasaifypyah',0,'2020-06-09 07:31:32','2020-06-09 07:31:32'),(35,'b9dbc0a7-efae-4c97-a5b2-aa8ee653fcdb','logo.png','png','image/png',NULL,NULL,'par',0,'/vault/0/par/7/logo-b9dbc0a7-efae-4c97-a5b2-aa8ee653fcdb.png',7,2179,'6h6hbt4i59abofvpki1y44',0,'2020-06-09 07:32:46','2020-06-09 07:32:46'),(36,'f74d6b29-37de-4f52-83cc-e17f3748297e','logo.png','png','image/png',NULL,NULL,'par',0,'/vault/0/par/5/logo-f74d6b29-37de-4f52-83cc-e17f3748297e.png',5,2179,'mqebgad52cfodswh3biub',0,'2020-06-09 07:33:32','2020-06-09 07:33:32'),(37,'d3ce6202-7d7d-4e75-af5d-5d6f17cc12f7','logo.png','png','image/png',NULL,NULL,'par',0,'/vault/0/par/6/logo-d3ce6202-7d7d-4e75-af5d-5d6f17cc12f7.png',6,2179,'tqwym3bar3f7vkizrutz9s',0,'2020-06-09 07:34:07','2020-06-09 07:34:07'),(38,'27ae149a-9859-483b-81e5-d5fa16f96cfe','logo.png','png','image/png',NULL,NULL,'par',0,'/vault/0/par/8/logo-27ae149a-9859-483b-81e5-d5fa16f96cfe.png',8,2179,'m4bmoiwma9qc19opo6ffah',0,'2020-06-09 07:35:05','2020-06-09 07:35:05');
/*!40000 ALTER TABLE `media` ENABLE KEYS */;
UNLOCK TABLES;

--
-- Table structure for table `migrations`
--

DROP TABLE IF EXISTS `migrations`;
/*!40101 SET @saved_cs_client     = @@character_set_client */;
/*!40101 SET character_set_client = utf8 */;
CREATE TABLE `migrations` (
  `id` int(10) unsigned NOT NULL AUTO_INCREMENT,
  `migration` varchar(191) COLLATE utf8mb4_unicode_ci NOT NULL,
  `batch` int(11) NOT NULL,
  PRIMARY KEY (`id`)
) ENGINE=InnoDB AUTO_INCREMENT=99 DEFAULT CHARSET=utf8mb4 COLLATE=utf8mb4_unicode_ci;
/*!40101 SET character_set_client = @saved_cs_client */;

--
-- Dumping data for table `migrations`
--

LOCK TABLES `migrations` WRITE;
/*!40000 ALTER TABLE `migrations` DISABLE KEYS */;
INSERT INTO `migrations` VALUES (1,'2014_10_12_000000_create_users_table',1),(2,'2014_10_12_100000_create_password_resets_table',1),(3,'2017_03_22_104301_create_roles_table',1),(4,'2017_03_29_121059_create_themes_table',1),(5,'2017_03_29_121114_create_theme_schemas_table',1),(6,'2017_04_08_130112_create_langs_table',1),(7,'2017_04_08_130137_create_lang_values_table',1),(8,'2017_04_12_203250_create_currencies_table',1),(9,'2017_04_12_203325_create_sectors_table',1),(10,'2017_04_12_203341_create_sliders_table',1),(11,'2017_04_12_203358_create_ppp_delivery_models_table',1),(12,'2017_04_12_203358_create_stages_table',1),(13,'2017_04_12_203411_create_tasks_table',1),(14,'2017_04_12_203451_create_configs_table',1),(15,'2017_04_12_203536_deleted_users',1),(16,'2017_04_12_203551_create_entities_table',1),(17,'2017_04_12_203603_create_locations_table',1),(18,'2017_04_13_111451_create_project_galleries_table',1),(19,'2017_04_13_111805_create_nav_menu_links',1),(20,'2017_04_13_111835_create_pd_announcements',1),(21,'2017_04_13_111850_create_pd_contract_termination',1),(22,'2017_04_13_111855_create_pd_contract_summary',1),(23,'2017_04_13_111856_create_pd_documents',1),(24,'2017_04_13_111903_create_pd_evaluation_ppp',1),(25,'2017_04_13_111911_create_pd_financial',1),(26,'2017_04_13_112109_create_pd_government_support',1),(27,'2017_04_13_112122_create_pd_procurement',1),(28,'2017_04_13_112130_create_pd_renegotiations',1),(29,'2017_04_13_112142_create_pd_risks',1),(30,'2017_04_13_112150_create_pd_risks_allocation',1),(31,'2017_04_13_112230_create_pi_other_financial_metrics_annual_main',1),(32,'2017_04_13_112235_create_pi_other_financial_metrics_timeless_main',1),(33,'2017_04_13_112236_create_pi_other_financial_metrics_annual',1),(34,'2017_04_13_112238_create_pi_other_financial_metrics_timeless',1),(35,'2017_04_13_112239_create_pi_other_financial_metrics_annual_types',1),(36,'2017_04_13_113248_create_pi_other_financial_metrics_timeless_types',1),(37,'2017_04_13_114140_create_pi_annual_demand_levels_main',1),(38,'2017_04_13_114143_create_pi_annual_demand_levels',1),(39,'2017_04_13_114147_create_pi_annual_demand_levels_types',1),(40,'2017_04_13_114340_create_pi_key_performance_indicators_main',1),(41,'2017_04_13_114344_create_pi_key_performance_indicators',1),(42,'2017_04_13_114344_create_pi_key_performance_indicators_kpi_types',1),(43,'2017_04_13_114413_create_pi_income_statements_main',1),(44,'2017_04_13_114415_create_pi_income_statements_metrics',1),(45,'2017_04_13_114420_create_pi_income_statements_metrics_values',1),(46,'2017_04_13_114502_create_pi_performance_assessment',1),(47,'2017_04_13_114510_create_pi_performance_failures',1),(48,'2017_04_13_114510_create_pi_performance_failures_category',1),(49,'2017_04_13_114741_create_contract_milestones_table',1),(50,'2017_04_13_121917_create_milestones_types_table',1),(51,'2017_04_13_122331_create_projects_table',1),(52,'2017_04_16_130831_create_media_table',1),(53,'2017_04_21_084409_entity_project',1),(54,'2017_04_21_085055_project_details',1),(55,'2017_04_21_093000_create_project_information_table',1),(56,'2017_04_21_093955_create_sections_table',1),(57,'2017_04_21_094747_create_sector_project_information',1),(58,'2017_04_21_095003_create_footers_table',1),(59,'2017_04_21_095328_location_project_information',1),(60,'2017_04_21_095616_create_newsletters_table',1),(61,'2017_04_25_074038_create_pd_tariffs',1),(62,'2017_04_25_075031_create_performance_informations_table',1),(63,'2017_04_25_082129_create_prefixes_table',1),(64,'2017_04_28_115808_create_theme_fonts_table',1),(65,'2017_05_04_0000012_create_permission_user_section',1),(66,'2017_05_04_114012_create_permission_user_project',1),(67,'2017_05_04_114020_create_coordinator_assigned_data_entries',1),(68,'2017_05_12_161405_create_banners_table',1),(69,'2017_05_15_080552_create_graphs_table',1),(70,'2017_05_17_114116_create_graph_pos_table',1),(71,'2017_06_05_100315_create_lang_files_table',1),(72,'2017_06_05_100352_create_lang_fields_table',1),(73,'2017_06_16_113334_create_pd_environment_table',1),(74,'2017_07_07_103025_MysteryTable',1),(75,'2017_07_26_111245_create_global_announcements_table',1),(76,'2017_07_31_083913_create_activity_log_table',1),(77,'2017_12_18_095504_add_column_local_government_to_project_information',1),(78,'2018_02_23_103741_add_slug_field_to_generalanouncements_table',1),(79,'2019_01_17_090424_create_cofog_table',1),(80,'2019_01_18_115236_add_cofog_field_project_information',1),(81,'2019_01_21_111759_create_milestone_categories_table',1),(82,'2019_01_21_114125_add_milestones_category_fk',1),(83,'2019_01_21_152834_add_milestones_deadline',1),(84,'2019_01_21_173944_create_risks_categories_table',1),(85,'2019_01_21_175257_add_risks_category_fk',1),(86,'2019_01_21_193415_create_financial_categories_table',1),(87,'2019_01_21_193806_add_financial_category_fk',1),(88,'2019_01_22_100655_create_pd_award_table',1),(89,'2019_01_22_115316_add_award_pd_link',1),(90,'2019_01_22_221712_create_award_financing_table',1),(91,'2019_01_23_085534_add_award_financing_fk',1),(92,'2019_01_23_125841_CreateAwardStatusTable',1),(93,'2019_01_23_140151_AddTitleAndDescriptionAwardFields',1),(94,'2019_01_23_145914_AlterAwardDatesTable',1),(95,'2019_01_23_195649_AddOCDSFieldsToTariffs',1),(96,'2019_03_06_085331_add_comment_field_to_tasks_table',1),(97,'2019_05_23_105626_add_description_and_desctription_private_to_project_information',1),(98,'9999_04_26_083332_create_foreign_keys',1);
/*!40000 ALTER TABLE `migrations` ENABLE KEYS */;
UNLOCK TABLES;

--
-- Table structure for table `milestones_categories`
--

DROP TABLE IF EXISTS `milestones_categories`;
/*!40101 SET @saved_cs_client     = @@character_set_client */;
/*!40101 SET character_set_client = utf8 */;
CREATE TABLE `milestones_categories` (
  `id` int(10) unsigned NOT NULL AUTO_INCREMENT,
  `name` varchar(191) COLLATE utf8mb4_unicode_ci NOT NULL,
  `code` varchar(191) COLLATE utf8mb4_unicode_ci NOT NULL,
  `created_at` timestamp NULL DEFAULT NULL,
  `updated_at` timestamp NULL DEFAULT NULL,
  PRIMARY KEY (`id`)
) ENGINE=InnoDB AUTO_INCREMENT=7 DEFAULT CHARSET=utf8mb4 COLLATE=utf8mb4_unicode_ci;
/*!40101 SET character_set_client = @saved_cs_client */;

--
-- Dumping data for table `milestones_categories`
--

LOCK TABLES `milestones_categories` WRITE;
/*!40000 ALTER TABLE `milestones_categories` DISABLE KEYS */;
INSERT INTO `milestones_categories` VALUES (1,'Identification','identification',NULL,NULL),(2,'Preparation','preparation',NULL,NULL),(3,'Tendering','tendering',NULL,NULL),(4,'Award','award',NULL,NULL),(5,'Implementation','implementation',NULL,NULL),(6,'Handover','handover',NULL,NULL);
/*!40000 ALTER TABLE `milestones_categories` ENABLE KEYS */;
UNLOCK TABLES;

--
-- Table structure for table `milestones_types`
--

DROP TABLE IF EXISTS `milestones_types`;
/*!40101 SET @saved_cs_client     = @@character_set_client */;
/*!40101 SET character_set_client = utf8 */;
CREATE TABLE `milestones_types` (
  `id` int(10) unsigned NOT NULL AUTO_INCREMENT,
  `name` varchar(255) COLLATE utf8mb4_unicode_ci NOT NULL,
  `created_at` timestamp NULL DEFAULT NULL,
  `updated_at` timestamp NULL DEFAULT NULL,
  PRIMARY KEY (`id`)
) ENGINE=InnoDB AUTO_INCREMENT=3 DEFAULT CHARSET=utf8mb4 COLLATE=utf8mb4_unicode_ci;
/*!40101 SET character_set_client = @saved_cs_client */;

--
-- Dumping data for table `milestones_types`
--

LOCK TABLES `milestones_types` WRITE;
/*!40000 ALTER TABLE `milestones_types` DISABLE KEYS */;
INSERT INTO `milestones_types` VALUES (1,'Actual milestone',NULL,NULL),(2,'Estimated milestone',NULL,NULL);
/*!40000 ALTER TABLE `milestones_types` ENABLE KEYS */;
UNLOCK TABLES;

--
-- Table structure for table `mysteries`
--

DROP TABLE IF EXISTS `mysteries`;
/*!40101 SET @saved_cs_client     = @@character_set_client */;
/*!40101 SET character_set_client = utf8 */;
CREATE TABLE `mysteries` (
  `id` int(10) unsigned NOT NULL AUTO_INCREMENT,
  `name` varchar(255) COLLATE utf8mb4_unicode_ci NOT NULL,
  `old_name` varchar(255) COLLATE utf8mb4_unicode_ci NOT NULL,
  `extension` varchar(4) COLLATE utf8mb4_unicode_ci NOT NULL,
  `mime_type` varchar(255) COLLATE utf8mb4_unicode_ci NOT NULL,
  `width` varchar(6) COLLATE utf8mb4_unicode_ci DEFAULT NULL,
  `height` varchar(6) COLLATE utf8mb4_unicode_ci DEFAULT NULL,
  `section` varchar(255) COLLATE utf8mb4_unicode_ci NOT NULL,
  `project` int(11) NOT NULL DEFAULT '0',
  `path` text COLLATE utf8mb4_unicode_ci NOT NULL,
  `position` int(11) NOT NULL DEFAULT '0',
  `size` int(11) NOT NULL DEFAULT '0',
  `uniqueToken` varchar(191) COLLATE utf8mb4_unicode_ci DEFAULT NULL,
  `created_at` timestamp NULL DEFAULT NULL,
  `updated_at` timestamp NULL DEFAULT NULL,
  PRIMARY KEY (`id`)
) ENGINE=InnoDB DEFAULT CHARSET=utf8mb4 COLLATE=utf8mb4_unicode_ci;
/*!40101 SET character_set_client = @saved_cs_client */;

--
-- Dumping data for table `mysteries`
--

LOCK TABLES `mysteries` WRITE;
/*!40000 ALTER TABLE `mysteries` DISABLE KEYS */;
/*!40000 ALTER TABLE `mysteries` ENABLE KEYS */;
UNLOCK TABLES;

--
-- Table structure for table `nav_menu_links`
--

DROP TABLE IF EXISTS `nav_menu_links`;
/*!40101 SET @saved_cs_client     = @@character_set_client */;
/*!40101 SET character_set_client = utf8 */;
CREATE TABLE `nav_menu_links` (
  `id` int(10) unsigned NOT NULL AUTO_INCREMENT,
  `name` varchar(255) COLLATE utf8mb4_unicode_ci NOT NULL,
  `link` varchar(255) COLLATE utf8mb4_unicode_ci NOT NULL,
  `created_at` timestamp NULL DEFAULT NULL,
  `updated_at` timestamp NULL DEFAULT NULL,
  PRIMARY KEY (`id`)
) ENGINE=InnoDB DEFAULT CHARSET=utf8mb4 COLLATE=utf8mb4_unicode_ci;
/*!40101 SET character_set_client = @saved_cs_client */;

--
-- Dumping data for table `nav_menu_links`
--

LOCK TABLES `nav_menu_links` WRITE;
/*!40000 ALTER TABLE `nav_menu_links` DISABLE KEYS */;
/*!40000 ALTER TABLE `nav_menu_links` ENABLE KEYS */;
UNLOCK TABLES;

--
-- Table structure for table `newsletters`
--

DROP TABLE IF EXISTS `newsletters`;
/*!40101 SET @saved_cs_client     = @@character_set_client */;
/*!40101 SET character_set_client = utf8 */;
CREATE TABLE `newsletters` (
  `id` int(10) unsigned NOT NULL AUTO_INCREMENT,
  `name` varchar(255) COLLATE utf8mb4_unicode_ci NOT NULL,
  `email` varchar(255) COLLATE utf8mb4_unicode_ci NOT NULL,
  `page` varchar(255) COLLATE utf8mb4_unicode_ci DEFAULT NULL,
  `token` varchar(32) COLLATE utf8mb4_unicode_ci DEFAULT NULL,
  `unsubscribe_token` varchar(32) COLLATE utf8mb4_unicode_ci DEFAULT NULL,
  `created_at` timestamp NULL DEFAULT NULL,
  `updated_at` timestamp NULL DEFAULT NULL,
  PRIMARY KEY (`id`),
  UNIQUE KEY `newsletters_token_unique` (`token`),
  UNIQUE KEY `newsletters_unsubscribe_token_unique` (`unsubscribe_token`)
) ENGINE=InnoDB DEFAULT CHARSET=utf8mb4 COLLATE=utf8mb4_unicode_ci;
/*!40101 SET character_set_client = @saved_cs_client */;

--
-- Dumping data for table `newsletters`
--

LOCK TABLES `newsletters` WRITE;
/*!40000 ALTER TABLE `newsletters` DISABLE KEYS */;
/*!40000 ALTER TABLE `newsletters` ENABLE KEYS */;
UNLOCK TABLES;

--
-- Table structure for table `password_resets`
--

DROP TABLE IF EXISTS `password_resets`;
/*!40101 SET @saved_cs_client     = @@character_set_client */;
/*!40101 SET character_set_client = utf8 */;
CREATE TABLE `password_resets` (
  `email` varchar(191) COLLATE utf8mb4_unicode_ci NOT NULL,
  `token` varchar(191) COLLATE utf8mb4_unicode_ci NOT NULL,
  `created_at` timestamp NULL DEFAULT NULL,
  KEY `password_resets_email_index` (`email`)
) ENGINE=InnoDB DEFAULT CHARSET=utf8mb4 COLLATE=utf8mb4_unicode_ci;
/*!40101 SET character_set_client = @saved_cs_client */;

--
-- Dumping data for table `password_resets`
--

LOCK TABLES `password_resets` WRITE;
/*!40000 ALTER TABLE `password_resets` DISABLE KEYS */;
/*!40000 ALTER TABLE `password_resets` ENABLE KEYS */;
UNLOCK TABLES;

--
-- Table structure for table `pd_announcements`
--

DROP TABLE IF EXISTS `pd_announcements`;
/*!40101 SET @saved_cs_client     = @@character_set_client */;
/*!40101 SET character_set_client = utf8 */;
CREATE TABLE `pd_announcements` (
  `id` int(10) unsigned NOT NULL AUTO_INCREMENT,
  `project_details_id` int(10) unsigned NOT NULL,
  `name` varchar(255) COLLATE utf8mb4_unicode_ci NOT NULL,
  `description` text COLLATE utf8mb4_unicode_ci NOT NULL,
  `draft` tinyint(1) NOT NULL DEFAULT '0',
  `request_modification` tinyint(1) NOT NULL DEFAULT '0',
  `published` tinyint(1) NOT NULL DEFAULT '1',
  `created_at` timestamp NULL DEFAULT NULL,
  `updated_at` timestamp NULL DEFAULT NULL,
  PRIMARY KEY (`id`),
  KEY `pd_announcements_project_details_id_index` (`project_details_id`),
  FULLTEXT KEY `pd_announcements` (`name`,`description`),
  CONSTRAINT `pd_announcements_project_details_id_foreign` FOREIGN KEY (`project_details_id`) REFERENCES `project_details` (`id`) ON DELETE CASCADE
) ENGINE=InnoDB AUTO_INCREMENT=120 DEFAULT CHARSET=utf8mb4 COLLATE=utf8mb4_unicode_ci;
/*!40101 SET character_set_client = @saved_cs_client */;

--
-- Dumping data for table `pd_announcements`
--

LOCK TABLES `pd_announcements` WRITE;
/*!40000 ALTER TABLE `pd_announcements` DISABLE KEYS */;
INSERT INTO `pd_announcements` VALUES (8,32,'Announcement 1','Lorem ipsum dolor sit amet, ne eam dicat nostrum. Ad zril principes vim, nec etiam alienum in, eos molestie facilisis interesset at. Magna iracundia inciderint cum ut, at vis suscipit nominati efficiendi. Id intellegat inciderint usu, ea unum dicta scripta has, aeque dissentiet per id. Vel no feugiat graecis. Est purto dissentias ea.',0,0,1,NULL,NULL),(9,32,'Announcement 2','Lorem ipsum dolor sit amet, ne eam dicat nostrum. Ad zril principes vim, nec etiam alienum in, eos molestie facilisis interesset at. Magna iracundia inciderint cum ut, at vis suscipit nominati efficiendi. Id intellegat inciderint usu, ea unum dicta scripta has, aeque dissentiet per id. Vel no feugiat graecis. Est purto dissentias ea.',0,0,1,NULL,NULL),(10,32,'Announcement 3','Lorem ipsum dolor sit amet, ne eam dicat nostrum. Ad zril principes vim, nec etiam alienum in, eos molestie facilisis interesset at. Magna iracundia inciderint cum ut, at vis suscipit nominati efficiendi. Id intellegat inciderint usu, ea unum dicta scripta has, aeque dissentiet per id. Vel no feugiat graecis. Est purto dissentias ea.',0,0,1,NULL,NULL),(11,32,'Announcement 4','Lorem ipsum dolor sit amet, ne eam dicat nostrum. Ad zril principes vim, nec etiam alienum in, eos molestie facilisis interesset at. Magna iracundia inciderint cum ut, at vis suscipit nominati efficiendi. Id intellegat inciderint usu, ea unum dicta scripta has, aeque dissentiet per id. Vel no feugiat graecis. Est purto dissentias ea.',0,0,1,NULL,NULL),(12,32,'Announcement 5','Lorem ipsum dolor sit amet, ne eam dicat nostrum. Ad zril principes vim, nec etiam alienum in, eos molestie facilisis interesset at. Magna iracundia inciderint cum ut, at vis suscipit nominati efficiendi. Id intellegat inciderint usu, ea unum dicta scripta has, aeque dissentiet per id. Vel no feugiat graecis. Est purto dissentias ea.',0,0,1,NULL,NULL),(13,32,'Announcement 6','Lorem ipsum dolor sit amet, ne eam dicat nostrum. Ad zril principes vim, nec etiam alienum in, eos molestie facilisis interesset at. Magna iracundia inciderint cum ut, at vis suscipit nominati efficiendi. Id intellegat inciderint usu, ea unum dicta scripta has, aeque dissentiet per id. Vel no feugiat graecis. Est purto dissentias ea.',0,0,1,NULL,NULL),(14,32,'Announcement 7','Lorem ipsum dolor sit amet, ne eam dicat nostrum. Ad zril principes vim, nec etiam alienum in, eos molestie facilisis interesset at. Magna iracundia inciderint cum ut, at vis suscipit nominati efficiendi. Id intellegat inciderint usu, ea unum dicta scripta has, aeque dissentiet per id. Vel no feugiat graecis. Est purto dissentias ea.',0,0,1,NULL,NULL),(15,33,'Announcement 1','Lorem ipsum dolor sit amet, ne eam dicat nostrum. Ad zril principes vim, nec etiam alienum in, eos molestie facilisis interesset at. Magna iracundia inciderint cum ut, at vis suscipit nominati efficiendi. Id intellegat inciderint usu, ea unum dicta scripta has, aeque dissentiet per id. Vel no feugiat graecis. Est purto dissentias ea.',0,0,1,NULL,NULL),(16,33,'Announcement 2','Lorem ipsum dolor sit amet, ne eam dicat nostrum. Ad zril principes vim, nec etiam alienum in, eos molestie facilisis interesset at. Magna iracundia inciderint cum ut, at vis suscipit nominati efficiendi. Id intellegat inciderint usu, ea unum dicta scripta has, aeque dissentiet per id. Vel no feugiat graecis. Est purto dissentias ea.',0,0,1,NULL,NULL),(17,33,'Announcement 3','Lorem ipsum dolor sit amet, ne eam dicat nostrum. Ad zril principes vim, nec etiam alienum in, eos molestie facilisis interesset at. Magna iracundia inciderint cum ut, at vis suscipit nominati efficiendi. Id intellegat inciderint usu, ea unum dicta scripta has, aeque dissentiet per id. Vel no feugiat graecis. Est purto dissentias ea.',0,0,1,NULL,NULL),(18,33,'Announcement 4','Lorem ipsum dolor sit amet, ne eam dicat nostrum. Ad zril principes vim, nec etiam alienum in, eos molestie facilisis interesset at. Magna iracundia inciderint cum ut, at vis suscipit nominati efficiendi. Id intellegat inciderint usu, ea unum dicta scripta has, aeque dissentiet per id. Vel no feugiat graecis. Est purto dissentias ea.',0,0,1,NULL,NULL),(19,33,'Announcement 5','Lorem ipsum dolor sit amet, ne eam dicat nostrum. Ad zril principes vim, nec etiam alienum in, eos molestie facilisis interesset at. Magna iracundia inciderint cum ut, at vis suscipit nominati efficiendi. Id intellegat inciderint usu, ea unum dicta scripta has, aeque dissentiet per id. Vel no feugiat graecis. Est purto dissentias ea.',0,0,1,NULL,NULL),(20,33,'Announcement 6','Lorem ipsum dolor sit amet, ne eam dicat nostrum. Ad zril principes vim, nec etiam alienum in, eos molestie facilisis interesset at. Magna iracundia inciderint cum ut, at vis suscipit nominati efficiendi. Id intellegat inciderint usu, ea unum dicta scripta has, aeque dissentiet per id. Vel no feugiat graecis. Est purto dissentias ea.',0,0,1,NULL,NULL),(21,33,'Announcement 7','Lorem ipsum dolor sit amet, ne eam dicat nostrum. Ad zril principes vim, nec etiam alienum in, eos molestie facilisis interesset at. Magna iracundia inciderint cum ut, at vis suscipit nominati efficiendi. Id intellegat inciderint usu, ea unum dicta scripta has, aeque dissentiet per id. Vel no feugiat graecis. Est purto dissentias ea.',0,0,1,NULL,NULL),(22,34,'Announcement 1','Lorem ipsum dolor sit amet, ne eam dicat nostrum. Ad zril principes vim, nec etiam alienum in, eos molestie facilisis interesset at. Magna iracundia inciderint cum ut, at vis suscipit nominati efficiendi. Id intellegat inciderint usu, ea unum dicta scripta has, aeque dissentiet per id. Vel no feugiat graecis. Est purto dissentias ea.',0,0,1,NULL,NULL),(23,34,'Announcement 2','Lorem ipsum dolor sit amet, ne eam dicat nostrum. Ad zril principes vim, nec etiam alienum in, eos molestie facilisis interesset at. Magna iracundia inciderint cum ut, at vis suscipit nominati efficiendi. Id intellegat inciderint usu, ea unum dicta scripta has, aeque dissentiet per id. Vel no feugiat graecis. Est purto dissentias ea.',0,0,1,NULL,NULL),(24,34,'Announcement 3','Lorem ipsum dolor sit amet, ne eam dicat nostrum. Ad zril principes vim, nec etiam alienum in, eos molestie facilisis interesset at. Magna iracundia inciderint cum ut, at vis suscipit nominati efficiendi. Id intellegat inciderint usu, ea unum dicta scripta has, aeque dissentiet per id. Vel no feugiat graecis. Est purto dissentias ea.',0,0,1,NULL,NULL),(25,34,'Announcement 4','Lorem ipsum dolor sit amet, ne eam dicat nostrum. Ad zril principes vim, nec etiam alienum in, eos molestie facilisis interesset at. Magna iracundia inciderint cum ut, at vis suscipit nominati efficiendi. Id intellegat inciderint usu, ea unum dicta scripta has, aeque dissentiet per id. Vel no feugiat graecis. Est purto dissentias ea.',0,0,1,NULL,NULL),(26,34,'Announcement 5','Lorem ipsum dolor sit amet, ne eam dicat nostrum. Ad zril principes vim, nec etiam alienum in, eos molestie facilisis interesset at. Magna iracundia inciderint cum ut, at vis suscipit nominati efficiendi. Id intellegat inciderint usu, ea unum dicta scripta has, aeque dissentiet per id. Vel no feugiat graecis. Est purto dissentias ea.',0,0,1,NULL,NULL),(27,34,'Announcement 6','Lorem ipsum dolor sit amet, ne eam dicat nostrum. Ad zril principes vim, nec etiam alienum in, eos molestie facilisis interesset at. Magna iracundia inciderint cum ut, at vis suscipit nominati efficiendi. Id intellegat inciderint usu, ea unum dicta scripta has, aeque dissentiet per id. Vel no feugiat graecis. Est purto dissentias ea.',0,0,1,NULL,NULL),(28,34,'Announcement 7','Lorem ipsum dolor sit amet, ne eam dicat nostrum. Ad zril principes vim, nec etiam alienum in, eos molestie facilisis interesset at. Magna iracundia inciderint cum ut, at vis suscipit nominati efficiendi. Id intellegat inciderint usu, ea unum dicta scripta has, aeque dissentiet per id. Vel no feugiat graecis. Est purto dissentias ea.',0,0,1,NULL,NULL),(36,36,'Announcement 1','Lorem ipsum dolor sit amet, ne eam dicat nostrum. Ad zril principes vim, nec etiam alienum in, eos molestie facilisis interesset at. Magna iracundia inciderint cum ut, at vis suscipit nominati efficiendi. Id intellegat inciderint usu, ea unum dicta scripta has, aeque dissentiet per id. Vel no feugiat graecis. Est purto dissentias ea.',0,0,1,NULL,NULL),(37,36,'Announcement 2','Lorem ipsum dolor sit amet, ne eam dicat nostrum. Ad zril principes vim, nec etiam alienum in, eos molestie facilisis interesset at. Magna iracundia inciderint cum ut, at vis suscipit nominati efficiendi. Id intellegat inciderint usu, ea unum dicta scripta has, aeque dissentiet per id. Vel no feugiat graecis. Est purto dissentias ea.',0,0,1,NULL,NULL),(38,36,'Announcement 3','Lorem ipsum dolor sit amet, ne eam dicat nostrum. Ad zril principes vim, nec etiam alienum in, eos molestie facilisis interesset at. Magna iracundia inciderint cum ut, at vis suscipit nominati efficiendi. Id intellegat inciderint usu, ea unum dicta scripta has, aeque dissentiet per id. Vel no feugiat graecis. Est purto dissentias ea.',0,0,1,NULL,NULL),(39,36,'Announcement 4','Lorem ipsum dolor sit amet, ne eam dicat nostrum. Ad zril principes vim, nec etiam alienum in, eos molestie facilisis interesset at. Magna iracundia inciderint cum ut, at vis suscipit nominati efficiendi. Id intellegat inciderint usu, ea unum dicta scripta has, aeque dissentiet per id. Vel no feugiat graecis. Est purto dissentias ea.',0,0,1,NULL,NULL),(40,36,'Announcement 5','Lorem ipsum dolor sit amet, ne eam dicat nostrum. Ad zril principes vim, nec etiam alienum in, eos molestie facilisis interesset at. Magna iracundia inciderint cum ut, at vis suscipit nominati efficiendi. Id intellegat inciderint usu, ea unum dicta scripta has, aeque dissentiet per id. Vel no feugiat graecis. Est purto dissentias ea.',0,0,1,NULL,NULL),(41,36,'Announcement 6','Lorem ipsum dolor sit amet, ne eam dicat nostrum. Ad zril principes vim, nec etiam alienum in, eos molestie facilisis interesset at. Magna iracundia inciderint cum ut, at vis suscipit nominati efficiendi. Id intellegat inciderint usu, ea unum dicta scripta has, aeque dissentiet per id. Vel no feugiat graecis. Est purto dissentias ea.',0,0,1,NULL,NULL),(42,36,'Announcement 7','Lorem ipsum dolor sit amet, ne eam dicat nostrum. Ad zril principes vim, nec etiam alienum in, eos molestie facilisis interesset at. Magna iracundia inciderint cum ut, at vis suscipit nominati efficiendi. Id intellegat inciderint usu, ea unum dicta scripta has, aeque dissentiet per id. Vel no feugiat graecis. Est purto dissentias ea.',0,0,1,NULL,NULL),(43,37,'Announcement 1','Lorem ipsum dolor sit amet, ne eam dicat nostrum. Ad zril principes vim, nec etiam alienum in, eos molestie facilisis interesset at. Magna iracundia inciderint cum ut, at vis suscipit nominati efficiendi. Id intellegat inciderint usu, ea unum dicta scripta has, aeque dissentiet per id. Vel no feugiat graecis. Est purto dissentias ea.',0,0,1,NULL,NULL),(44,37,'Announcement 2','Lorem ipsum dolor sit amet, ne eam dicat nostrum. Ad zril principes vim, nec etiam alienum in, eos molestie facilisis interesset at. Magna iracundia inciderint cum ut, at vis suscipit nominati efficiendi. Id intellegat inciderint usu, ea unum dicta scripta has, aeque dissentiet per id. Vel no feugiat graecis. Est purto dissentias ea.',0,0,1,NULL,NULL),(45,37,'Announcement 3','Lorem ipsum dolor sit amet, ne eam dicat nostrum. Ad zril principes vim, nec etiam alienum in, eos molestie facilisis interesset at. Magna iracundia inciderint cum ut, at vis suscipit nominati efficiendi. Id intellegat inciderint usu, ea unum dicta scripta has, aeque dissentiet per id. Vel no feugiat graecis. Est purto dissentias ea.',0,0,1,NULL,NULL),(46,37,'Announcement 4','Lorem ipsum dolor sit amet, ne eam dicat nostrum. Ad zril principes vim, nec etiam alienum in, eos molestie facilisis interesset at. Magna iracundia inciderint cum ut, at vis suscipit nominati efficiendi. Id intellegat inciderint usu, ea unum dicta scripta has, aeque dissentiet per id. Vel no feugiat graecis. Est purto dissentias ea.',0,0,1,NULL,NULL),(47,37,'Announcement 5','Lorem ipsum dolor sit amet, ne eam dicat nostrum. Ad zril principes vim, nec etiam alienum in, eos molestie facilisis interesset at. Magna iracundia inciderint cum ut, at vis suscipit nominati efficiendi. Id intellegat inciderint usu, ea unum dicta scripta has, aeque dissentiet per id. Vel no feugiat graecis. Est purto dissentias ea.',0,0,1,NULL,NULL),(48,37,'Announcement 6','Lorem ipsum dolor sit amet, ne eam dicat nostrum. Ad zril principes vim, nec etiam alienum in, eos molestie facilisis interesset at. Magna iracundia inciderint cum ut, at vis suscipit nominati efficiendi. Id intellegat inciderint usu, ea unum dicta scripta has, aeque dissentiet per id. Vel no feugiat graecis. Est purto dissentias ea.',0,0,1,NULL,NULL),(49,37,'Announcement 7','Lorem ipsum dolor sit amet, ne eam dicat nostrum. Ad zril principes vim, nec etiam alienum in, eos molestie facilisis interesset at. Magna iracundia inciderint cum ut, at vis suscipit nominati efficiendi. Id intellegat inciderint usu, ea unum dicta scripta has, aeque dissentiet per id. Vel no feugiat graecis. Est purto dissentias ea.',0,0,1,NULL,NULL),(50,38,'Announcement 1','Lorem ipsum dolor sit amet, ne eam dicat nostrum. Ad zril principes vim, nec etiam alienum in, eos molestie facilisis interesset at. Magna iracundia inciderint cum ut, at vis suscipit nominati efficiendi. Id intellegat inciderint usu, ea unum dicta scripta has, aeque dissentiet per id. Vel no feugiat graecis. Est purto dissentias ea.',0,0,1,NULL,NULL),(51,38,'Announcement 2','Lorem ipsum dolor sit amet, ne eam dicat nostrum. Ad zril principes vim, nec etiam alienum in, eos molestie facilisis interesset at. Magna iracundia inciderint cum ut, at vis suscipit nominati efficiendi. Id intellegat inciderint usu, ea unum dicta scripta has, aeque dissentiet per id. Vel no feugiat graecis. Est purto dissentias ea.',0,0,1,NULL,NULL),(52,38,'Announcement 3','Lorem ipsum dolor sit amet, ne eam dicat nostrum. Ad zril principes vim, nec etiam alienum in, eos molestie facilisis interesset at. Magna iracundia inciderint cum ut, at vis suscipit nominati efficiendi. Id intellegat inciderint usu, ea unum dicta scripta has, aeque dissentiet per id. Vel no feugiat graecis. Est purto dissentias ea.',0,0,1,NULL,NULL),(53,38,'Announcement 4','Lorem ipsum dolor sit amet, ne eam dicat nostrum. Ad zril principes vim, nec etiam alienum in, eos molestie facilisis interesset at. Magna iracundia inciderint cum ut, at vis suscipit nominati efficiendi. Id intellegat inciderint usu, ea unum dicta scripta has, aeque dissentiet per id. Vel no feugiat graecis. Est purto dissentias ea.',0,0,1,NULL,NULL),(54,38,'Announcement 5','Lorem ipsum dolor sit amet, ne eam dicat nostrum. Ad zril principes vim, nec etiam alienum in, eos molestie facilisis interesset at. Magna iracundia inciderint cum ut, at vis suscipit nominati efficiendi. Id intellegat inciderint usu, ea unum dicta scripta has, aeque dissentiet per id. Vel no feugiat graecis. Est purto dissentias ea.',0,0,1,NULL,NULL),(55,38,'Announcement 6','Lorem ipsum dolor sit amet, ne eam dicat nostrum. Ad zril principes vim, nec etiam alienum in, eos molestie facilisis interesset at. Magna iracundia inciderint cum ut, at vis suscipit nominati efficiendi. Id intellegat inciderint usu, ea unum dicta scripta has, aeque dissentiet per id. Vel no feugiat graecis. Est purto dissentias ea.',0,0,1,NULL,NULL),(56,38,'Announcement 7','Lorem ipsum dolor sit amet, ne eam dicat nostrum. Ad zril principes vim, nec etiam alienum in, eos molestie facilisis interesset at. Magna iracundia inciderint cum ut, at vis suscipit nominati efficiendi. Id intellegat inciderint usu, ea unum dicta scripta has, aeque dissentiet per id. Vel no feugiat graecis. Est purto dissentias ea.',0,0,1,NULL,NULL),(57,39,'Announcement 1','Lorem ipsum dolor sit amet, ne eam dicat nostrum. Ad zril principes vim, nec etiam alienum in, eos molestie facilisis interesset at. Magna iracundia inciderint cum ut, at vis suscipit nominati efficiendi. Id intellegat inciderint usu, ea unum dicta scripta has, aeque dissentiet per id. Vel no feugiat graecis. Est purto dissentias ea.',0,0,1,NULL,NULL),(58,39,'Announcement 2','Lorem ipsum dolor sit amet, ne eam dicat nostrum. Ad zril principes vim, nec etiam alienum in, eos molestie facilisis interesset at. Magna iracundia inciderint cum ut, at vis suscipit nominati efficiendi. Id intellegat inciderint usu, ea unum dicta scripta has, aeque dissentiet per id. Vel no feugiat graecis. Est purto dissentias ea.',0,0,1,NULL,NULL),(59,39,'Announcement 3','Lorem ipsum dolor sit amet, ne eam dicat nostrum. Ad zril principes vim, nec etiam alienum in, eos molestie facilisis interesset at. Magna iracundia inciderint cum ut, at vis suscipit nominati efficiendi. Id intellegat inciderint usu, ea unum dicta scripta has, aeque dissentiet per id. Vel no feugiat graecis. Est purto dissentias ea.',0,0,1,NULL,NULL),(60,39,'Announcement 4','Lorem ipsum dolor sit amet, ne eam dicat nostrum. Ad zril principes vim, nec etiam alienum in, eos molestie facilisis interesset at. Magna iracundia inciderint cum ut, at vis suscipit nominati efficiendi. Id intellegat inciderint usu, ea unum dicta scripta has, aeque dissentiet per id. Vel no feugiat graecis. Est purto dissentias ea.',0,0,1,NULL,NULL),(61,39,'Announcement 5','Lorem ipsum dolor sit amet, ne eam dicat nostrum. Ad zril principes vim, nec etiam alienum in, eos molestie facilisis interesset at. Magna iracundia inciderint cum ut, at vis suscipit nominati efficiendi. Id intellegat inciderint usu, ea unum dicta scripta has, aeque dissentiet per id. Vel no feugiat graecis. Est purto dissentias ea.',0,0,1,NULL,NULL),(62,39,'Announcement 6','Lorem ipsum dolor sit amet, ne eam dicat nostrum. Ad zril principes vim, nec etiam alienum in, eos molestie facilisis interesset at. Magna iracundia inciderint cum ut, at vis suscipit nominati efficiendi. Id intellegat inciderint usu, ea unum dicta scripta has, aeque dissentiet per id. Vel no feugiat graecis. Est purto dissentias ea.',0,0,1,NULL,NULL),(63,39,'Announcement 7','Lorem ipsum dolor sit amet, ne eam dicat nostrum. Ad zril principes vim, nec etiam alienum in, eos molestie facilisis interesset at. Magna iracundia inciderint cum ut, at vis suscipit nominati efficiendi. Id intellegat inciderint usu, ea unum dicta scripta has, aeque dissentiet per id. Vel no feugiat graecis. Est purto dissentias ea.',0,0,1,NULL,NULL),(64,40,'Announcement 1','Lorem ipsum dolor sit amet, ne eam dicat nostrum. Ad zril principes vim, nec etiam alienum in, eos molestie facilisis interesset at. Magna iracundia inciderint cum ut, at vis suscipit nominati efficiendi. Id intellegat inciderint usu, ea unum dicta scripta has, aeque dissentiet per id. Vel no feugiat graecis. Est purto dissentias ea.',0,0,1,NULL,NULL),(65,40,'Announcement 2','Lorem ipsum dolor sit amet, ne eam dicat nostrum. Ad zril principes vim, nec etiam alienum in, eos molestie facilisis interesset at. Magna iracundia inciderint cum ut, at vis suscipit nominati efficiendi. Id intellegat inciderint usu, ea unum dicta scripta has, aeque dissentiet per id. Vel no feugiat graecis. Est purto dissentias ea.',0,0,1,NULL,NULL),(66,40,'Announcement 3','Lorem ipsum dolor sit amet, ne eam dicat nostrum. Ad zril principes vim, nec etiam alienum in, eos molestie facilisis interesset at. Magna iracundia inciderint cum ut, at vis suscipit nominati efficiendi. Id intellegat inciderint usu, ea unum dicta scripta has, aeque dissentiet per id. Vel no feugiat graecis. Est purto dissentias ea.',0,0,1,NULL,NULL),(67,40,'Announcement 4','Lorem ipsum dolor sit amet, ne eam dicat nostrum. Ad zril principes vim, nec etiam alienum in, eos molestie facilisis interesset at. Magna iracundia inciderint cum ut, at vis suscipit nominati efficiendi. Id intellegat inciderint usu, ea unum dicta scripta has, aeque dissentiet per id. Vel no feugiat graecis. Est purto dissentias ea.',0,0,1,NULL,NULL),(68,40,'Announcement 5','Lorem ipsum dolor sit amet, ne eam dicat nostrum. Ad zril principes vim, nec etiam alienum in, eos molestie facilisis interesset at. Magna iracundia inciderint cum ut, at vis suscipit nominati efficiendi. Id intellegat inciderint usu, ea unum dicta scripta has, aeque dissentiet per id. Vel no feugiat graecis. Est purto dissentias ea.',0,0,1,NULL,NULL),(69,40,'Announcement 6','Lorem ipsum dolor sit amet, ne eam dicat nostrum. Ad zril principes vim, nec etiam alienum in, eos molestie facilisis interesset at. Magna iracundia inciderint cum ut, at vis suscipit nominati efficiendi. Id intellegat inciderint usu, ea unum dicta scripta has, aeque dissentiet per id. Vel no feugiat graecis. Est purto dissentias ea.',0,0,1,NULL,NULL),(70,40,'Announcement 7','Lorem ipsum dolor sit amet, ne eam dicat nostrum. Ad zril principes vim, nec etiam alienum in, eos molestie facilisis interesset at. Magna iracundia inciderint cum ut, at vis suscipit nominati efficiendi. Id intellegat inciderint usu, ea unum dicta scripta has, aeque dissentiet per id. Vel no feugiat graecis. Est purto dissentias ea.',0,0,1,NULL,NULL),(71,41,'Announcement 1','Lorem ipsum dolor sit amet, ne eam dicat nostrum. Ad zril principes vim, nec etiam alienum in, eos molestie facilisis interesset at. Magna iracundia inciderint cum ut, at vis suscipit nominati efficiendi. Id intellegat inciderint usu, ea unum dicta scripta has, aeque dissentiet per id. Vel no feugiat graecis. Est purto dissentias ea.',0,0,1,NULL,NULL),(72,41,'Announcement 2','Lorem ipsum dolor sit amet, ne eam dicat nostrum. Ad zril principes vim, nec etiam alienum in, eos molestie facilisis interesset at. Magna iracundia inciderint cum ut, at vis suscipit nominati efficiendi. Id intellegat inciderint usu, ea unum dicta scripta has, aeque dissentiet per id. Vel no feugiat graecis. Est purto dissentias ea.',0,0,1,NULL,NULL),(73,41,'Announcement 3','Lorem ipsum dolor sit amet, ne eam dicat nostrum. Ad zril principes vim, nec etiam alienum in, eos molestie facilisis interesset at. Magna iracundia inciderint cum ut, at vis suscipit nominati efficiendi. Id intellegat inciderint usu, ea unum dicta scripta has, aeque dissentiet per id. Vel no feugiat graecis. Est purto dissentias ea.',0,0,1,NULL,NULL),(74,41,'Announcement 4','Lorem ipsum dolor sit amet, ne eam dicat nostrum. Ad zril principes vim, nec etiam alienum in, eos molestie facilisis interesset at. Magna iracundia inciderint cum ut, at vis suscipit nominati efficiendi. Id intellegat inciderint usu, ea unum dicta scripta has, aeque dissentiet per id. Vel no feugiat graecis. Est purto dissentias ea.',0,0,1,NULL,NULL),(75,41,'Announcement 5','Lorem ipsum dolor sit amet, ne eam dicat nostrum. Ad zril principes vim, nec etiam alienum in, eos molestie facilisis interesset at. Magna iracundia inciderint cum ut, at vis suscipit nominati efficiendi. Id intellegat inciderint usu, ea unum dicta scripta has, aeque dissentiet per id. Vel no feugiat graecis. Est purto dissentias ea.',0,0,1,NULL,NULL),(76,41,'Announcement 6','Lorem ipsum dolor sit amet, ne eam dicat nostrum. Ad zril principes vim, nec etiam alienum in, eos molestie facilisis interesset at. Magna iracundia inciderint cum ut, at vis suscipit nominati efficiendi. Id intellegat inciderint usu, ea unum dicta scripta has, aeque dissentiet per id. Vel no feugiat graecis. Est purto dissentias ea.',0,0,1,NULL,NULL),(77,41,'Announcement 7','Lorem ipsum dolor sit amet, ne eam dicat nostrum. Ad zril principes vim, nec etiam alienum in, eos molestie facilisis interesset at. Magna iracundia inciderint cum ut, at vis suscipit nominati efficiendi. Id intellegat inciderint usu, ea unum dicta scripta has, aeque dissentiet per id. Vel no feugiat graecis. Est purto dissentias ea.',0,0,1,NULL,NULL),(78,42,'Announcement 1','Lorem ipsum dolor sit amet, ne eam dicat nostrum. Ad zril principes vim, nec etiam alienum in, eos molestie facilisis interesset at. Magna iracundia inciderint cum ut, at vis suscipit nominati efficiendi. Id intellegat inciderint usu, ea unum dicta scripta has, aeque dissentiet per id. Vel no feugiat graecis. Est purto dissentias ea.',0,0,1,NULL,NULL),(79,42,'Announcement 2','Lorem ipsum dolor sit amet, ne eam dicat nostrum. Ad zril principes vim, nec etiam alienum in, eos molestie facilisis interesset at. Magna iracundia inciderint cum ut, at vis suscipit nominati efficiendi. Id intellegat inciderint usu, ea unum dicta scripta has, aeque dissentiet per id. Vel no feugiat graecis. Est purto dissentias ea.',0,0,1,NULL,NULL),(80,42,'Announcement 3','Lorem ipsum dolor sit amet, ne eam dicat nostrum. Ad zril principes vim, nec etiam alienum in, eos molestie facilisis interesset at. Magna iracundia inciderint cum ut, at vis suscipit nominati efficiendi. Id intellegat inciderint usu, ea unum dicta scripta has, aeque dissentiet per id. Vel no feugiat graecis. Est purto dissentias ea.',0,0,1,NULL,NULL),(81,42,'Announcement 4','Lorem ipsum dolor sit amet, ne eam dicat nostrum. Ad zril principes vim, nec etiam alienum in, eos molestie facilisis interesset at. Magna iracundia inciderint cum ut, at vis suscipit nominati efficiendi. Id intellegat inciderint usu, ea unum dicta scripta has, aeque dissentiet per id. Vel no feugiat graecis. Est purto dissentias ea.',0,0,1,NULL,NULL),(82,42,'Announcement 5','Lorem ipsum dolor sit amet, ne eam dicat nostrum. Ad zril principes vim, nec etiam alienum in, eos molestie facilisis interesset at. Magna iracundia inciderint cum ut, at vis suscipit nominati efficiendi. Id intellegat inciderint usu, ea unum dicta scripta has, aeque dissentiet per id. Vel no feugiat graecis. Est purto dissentias ea.',0,0,1,NULL,NULL),(83,42,'Announcement 6','Lorem ipsum dolor sit amet, ne eam dicat nostrum. Ad zril principes vim, nec etiam alienum in, eos molestie facilisis interesset at. Magna iracundia inciderint cum ut, at vis suscipit nominati efficiendi. Id intellegat inciderint usu, ea unum dicta scripta has, aeque dissentiet per id. Vel no feugiat graecis. Est purto dissentias ea.',0,0,1,NULL,NULL),(84,42,'Announcement 7','Lorem ipsum dolor sit amet, ne eam dicat nostrum. Ad zril principes vim, nec etiam alienum in, eos molestie facilisis interesset at. Magna iracundia inciderint cum ut, at vis suscipit nominati efficiendi. Id intellegat inciderint usu, ea unum dicta scripta has, aeque dissentiet per id. Vel no feugiat graecis. Est purto dissentias ea.',0,0,1,NULL,NULL),(85,43,'Announcement 1','Lorem ipsum dolor sit amet, ne eam dicat nostrum. Ad zril principes vim, nec etiam alienum in, eos molestie facilisis interesset at. Magna iracundia inciderint cum ut, at vis suscipit nominati efficiendi. Id intellegat inciderint usu, ea unum dicta scripta has, aeque dissentiet per id. Vel no feugiat graecis. Est purto dissentias ea.',0,0,1,NULL,NULL),(86,43,'Announcement 2','Lorem ipsum dolor sit amet, ne eam dicat nostrum. Ad zril principes vim, nec etiam alienum in, eos molestie facilisis interesset at. Magna iracundia inciderint cum ut, at vis suscipit nominati efficiendi. Id intellegat inciderint usu, ea unum dicta scripta has, aeque dissentiet per id. Vel no feugiat graecis. Est purto dissentias ea.',0,0,1,NULL,NULL),(87,43,'Announcement 3','Lorem ipsum dolor sit amet, ne eam dicat nostrum. Ad zril principes vim, nec etiam alienum in, eos molestie facilisis interesset at. Magna iracundia inciderint cum ut, at vis suscipit nominati efficiendi. Id intellegat inciderint usu, ea unum dicta scripta has, aeque dissentiet per id. Vel no feugiat graecis. Est purto dissentias ea.',0,0,1,NULL,NULL),(88,43,'Announcement 4','Lorem ipsum dolor sit amet, ne eam dicat nostrum. Ad zril principes vim, nec etiam alienum in, eos molestie facilisis interesset at. Magna iracundia inciderint cum ut, at vis suscipit nominati efficiendi. Id intellegat inciderint usu, ea unum dicta scripta has, aeque dissentiet per id. Vel no feugiat graecis. Est purto dissentias ea.',0,0,1,NULL,NULL),(89,43,'Announcement 5','Lorem ipsum dolor sit amet, ne eam dicat nostrum. Ad zril principes vim, nec etiam alienum in, eos molestie facilisis interesset at. Magna iracundia inciderint cum ut, at vis suscipit nominati efficiendi. Id intellegat inciderint usu, ea unum dicta scripta has, aeque dissentiet per id. Vel no feugiat graecis. Est purto dissentias ea.',0,0,1,NULL,NULL),(90,43,'Announcement 6','Lorem ipsum dolor sit amet, ne eam dicat nostrum. Ad zril principes vim, nec etiam alienum in, eos molestie facilisis interesset at. Magna iracundia inciderint cum ut, at vis suscipit nominati efficiendi. Id intellegat inciderint usu, ea unum dicta scripta has, aeque dissentiet per id. Vel no feugiat graecis. Est purto dissentias ea.',0,0,1,NULL,NULL),(91,43,'Announcement 7','Lorem ipsum dolor sit amet, ne eam dicat nostrum. Ad zril principes vim, nec etiam alienum in, eos molestie facilisis interesset at. Magna iracundia inciderint cum ut, at vis suscipit nominati efficiendi. Id intellegat inciderint usu, ea unum dicta scripta has, aeque dissentiet per id. Vel no feugiat graecis. Est purto dissentias ea.',0,0,1,NULL,NULL),(92,44,'Announcement 1','Lorem ipsum dolor sit amet, ne eam dicat nostrum. Ad zril principes vim, nec etiam alienum in, eos molestie facilisis interesset at. Magna iracundia inciderint cum ut, at vis suscipit nominati efficiendi. Id intellegat inciderint usu, ea unum dicta scripta has, aeque dissentiet per id. Vel no feugiat graecis. Est purto dissentias ea.',0,0,1,NULL,NULL),(93,44,'Announcement 2','Lorem ipsum dolor sit amet, ne eam dicat nostrum. Ad zril principes vim, nec etiam alienum in, eos molestie facilisis interesset at. Magna iracundia inciderint cum ut, at vis suscipit nominati efficiendi. Id intellegat inciderint usu, ea unum dicta scripta has, aeque dissentiet per id. Vel no feugiat graecis. Est purto dissentias ea.',0,0,1,NULL,NULL),(94,44,'Announcement 3','Lorem ipsum dolor sit amet, ne eam dicat nostrum. Ad zril principes vim, nec etiam alienum in, eos molestie facilisis interesset at. Magna iracundia inciderint cum ut, at vis suscipit nominati efficiendi. Id intellegat inciderint usu, ea unum dicta scripta has, aeque dissentiet per id. Vel no feugiat graecis. Est purto dissentias ea.',0,0,1,NULL,NULL),(95,44,'Announcement 4','Lorem ipsum dolor sit amet, ne eam dicat nostrum. Ad zril principes vim, nec etiam alienum in, eos molestie facilisis interesset at. Magna iracundia inciderint cum ut, at vis suscipit nominati efficiendi. Id intellegat inciderint usu, ea unum dicta scripta has, aeque dissentiet per id. Vel no feugiat graecis. Est purto dissentias ea.',0,0,1,NULL,NULL),(96,44,'Announcement 5','Lorem ipsum dolor sit amet, ne eam dicat nostrum. Ad zril principes vim, nec etiam alienum in, eos molestie facilisis interesset at. Magna iracundia inciderint cum ut, at vis suscipit nominati efficiendi. Id intellegat inciderint usu, ea unum dicta scripta has, aeque dissentiet per id. Vel no feugiat graecis. Est purto dissentias ea.',0,0,1,NULL,NULL),(97,44,'Announcement 6','Lorem ipsum dolor sit amet, ne eam dicat nostrum. Ad zril principes vim, nec etiam alienum in, eos molestie facilisis interesset at. Magna iracundia inciderint cum ut, at vis suscipit nominati efficiendi. Id intellegat inciderint usu, ea unum dicta scripta has, aeque dissentiet per id. Vel no feugiat graecis. Est purto dissentias ea.',0,0,1,NULL,NULL),(98,44,'Announcement 7','Lorem ipsum dolor sit amet, ne eam dicat nostrum. Ad zril principes vim, nec etiam alienum in, eos molestie facilisis interesset at. Magna iracundia inciderint cum ut, at vis suscipit nominati efficiendi. Id intellegat inciderint usu, ea unum dicta scripta has, aeque dissentiet per id. Vel no feugiat graecis. Est purto dissentias ea.',0,0,1,NULL,NULL),(99,45,'Announcement 1','Lorem ipsum dolor sit amet, ne eam dicat nostrum. Ad zril principes vim, nec etiam alienum in, eos molestie facilisis interesset at. Magna iracundia inciderint cum ut, at vis suscipit nominati efficiendi. Id intellegat inciderint usu, ea unum dicta scripta has, aeque dissentiet per id. Vel no feugiat graecis. Est purto dissentias ea.',0,0,1,NULL,NULL),(100,45,'Announcement 2','Lorem ipsum dolor sit amet, ne eam dicat nostrum. Ad zril principes vim, nec etiam alienum in, eos molestie facilisis interesset at. Magna iracundia inciderint cum ut, at vis suscipit nominati efficiendi. Id intellegat inciderint usu, ea unum dicta scripta has, aeque dissentiet per id. Vel no feugiat graecis. Est purto dissentias ea.',0,0,1,NULL,NULL),(101,45,'Announcement 3','Lorem ipsum dolor sit amet, ne eam dicat nostrum. Ad zril principes vim, nec etiam alienum in, eos molestie facilisis interesset at. Magna iracundia inciderint cum ut, at vis suscipit nominati efficiendi. Id intellegat inciderint usu, ea unum dicta scripta has, aeque dissentiet per id. Vel no feugiat graecis. Est purto dissentias ea.',0,0,1,NULL,NULL),(102,45,'Announcement 4','Lorem ipsum dolor sit amet, ne eam dicat nostrum. Ad zril principes vim, nec etiam alienum in, eos molestie facilisis interesset at. Magna iracundia inciderint cum ut, at vis suscipit nominati efficiendi. Id intellegat inciderint usu, ea unum dicta scripta has, aeque dissentiet per id. Vel no feugiat graecis. Est purto dissentias ea.',0,0,1,NULL,NULL),(103,45,'Announcement 5','Lorem ipsum dolor sit amet, ne eam dicat nostrum. Ad zril principes vim, nec etiam alienum in, eos molestie facilisis interesset at. Magna iracundia inciderint cum ut, at vis suscipit nominati efficiendi. Id intellegat inciderint usu, ea unum dicta scripta has, aeque dissentiet per id. Vel no feugiat graecis. Est purto dissentias ea.',0,0,1,NULL,NULL),(104,45,'Announcement 6','Lorem ipsum dolor sit amet, ne eam dicat nostrum. Ad zril principes vim, nec etiam alienum in, eos molestie facilisis interesset at. Magna iracundia inciderint cum ut, at vis suscipit nominati efficiendi. Id intellegat inciderint usu, ea unum dicta scripta has, aeque dissentiet per id. Vel no feugiat graecis. Est purto dissentias ea.',0,0,1,NULL,NULL),(105,45,'Announcement 7','Lorem ipsum dolor sit amet, ne eam dicat nostrum. Ad zril principes vim, nec etiam alienum in, eos molestie facilisis interesset at. Magna iracundia inciderint cum ut, at vis suscipit nominati efficiendi. Id intellegat inciderint usu, ea unum dicta scripta has, aeque dissentiet per id. Vel no feugiat graecis. Est purto dissentias ea.',0,0,1,NULL,NULL),(113,47,'Announcement 1','Lorem ipsum dolor sit amet, ne eam dicat nostrum. Ad zril principes vim, nec etiam alienum in, eos molestie facilisis interesset at. Magna iracundia inciderint cum ut, at vis suscipit nominati efficiendi. Id intellegat inciderint usu, ea unum dicta scripta has, aeque dissentiet per id. Vel no feugiat graecis. Est purto dissentias ea.',0,0,1,NULL,NULL),(114,47,'Announcement 2','Lorem ipsum dolor sit amet, ne eam dicat nostrum. Ad zril principes vim, nec etiam alienum in, eos molestie facilisis interesset at. Magna iracundia inciderint cum ut, at vis suscipit nominati efficiendi. Id intellegat inciderint usu, ea unum dicta scripta has, aeque dissentiet per id. Vel no feugiat graecis. Est purto dissentias ea.',0,0,1,NULL,NULL),(115,47,'Announcement 3','Lorem ipsum dolor sit amet, ne eam dicat nostrum. Ad zril principes vim, nec etiam alienum in, eos molestie facilisis interesset at. Magna iracundia inciderint cum ut, at vis suscipit nominati efficiendi. Id intellegat inciderint usu, ea unum dicta scripta has, aeque dissentiet per id. Vel no feugiat graecis. Est purto dissentias ea.',0,0,1,NULL,NULL),(116,47,'Announcement 4','Lorem ipsum dolor sit amet, ne eam dicat nostrum. Ad zril principes vim, nec etiam alienum in, eos molestie facilisis interesset at. Magna iracundia inciderint cum ut, at vis suscipit nominati efficiendi. Id intellegat inciderint usu, ea unum dicta scripta has, aeque dissentiet per id. Vel no feugiat graecis. Est purto dissentias ea.',0,0,1,NULL,NULL),(117,47,'Announcement 5','Lorem ipsum dolor sit amet, ne eam dicat nostrum. Ad zril principes vim, nec etiam alienum in, eos molestie facilisis interesset at. Magna iracundia inciderint cum ut, at vis suscipit nominati efficiendi. Id intellegat inciderint usu, ea unum dicta scripta has, aeque dissentiet per id. Vel no feugiat graecis. Est purto dissentias ea.',0,0,1,NULL,NULL),(118,47,'Announcement 6','Lorem ipsum dolor sit amet, ne eam dicat nostrum. Ad zril principes vim, nec etiam alienum in, eos molestie facilisis interesset at. Magna iracundia inciderint cum ut, at vis suscipit nominati efficiendi. Id intellegat inciderint usu, ea unum dicta scripta has, aeque dissentiet per id. Vel no feugiat graecis. Est purto dissentias ea.',0,0,1,NULL,NULL),(119,47,'Announcement 7','Lorem ipsum dolor sit amet, ne eam dicat nostrum. Ad zril principes vim, nec etiam alienum in, eos molestie facilisis interesset at. Magna iracundia inciderint cum ut, at vis suscipit nominati efficiendi. Id intellegat inciderint usu, ea unum dicta scripta has, aeque dissentiet per id. Vel no feugiat graecis. Est purto dissentias ea.',0,0,1,NULL,NULL);
/*!40000 ALTER TABLE `pd_announcements` ENABLE KEYS */;
UNLOCK TABLES;

--
-- Table structure for table `pd_award`
--

DROP TABLE IF EXISTS `pd_award`;
/*!40101 SET @saved_cs_client     = @@character_set_client */;
/*!40101 SET character_set_client = utf8 */;
CREATE TABLE `pd_award` (
  `id` int(10) unsigned NOT NULL AUTO_INCREMENT,
  `project_details_id` int(10) unsigned NOT NULL,
  `award_code` varchar(191) COLLATE utf8mb4_unicode_ci NOT NULL,
  `award_date` date DEFAULT NULL,
  `contract_signature_date` date DEFAULT NULL,
  `preferred_bidder_id` int(10) unsigned DEFAULT NULL,
  `draft` tinyint(1) NOT NULL DEFAULT '0',
  `requested_modification` tinyint(1) NOT NULL DEFAULT '0',
  `published` tinyint(1) NOT NULL DEFAULT '1',
  `position` int(11) NOT NULL DEFAULT '0',
  `created_at` timestamp NULL DEFAULT NULL,
  `updated_at` timestamp NULL DEFAULT NULL,
  `name` varchar(191) COLLATE utf8mb4_unicode_ci DEFAULT NULL,
  `description` varchar(191) COLLATE utf8mb4_unicode_ci DEFAULT NULL,
  `total_amount` double(20,2) DEFAULT NULL,
  `award_status_id` int(10) unsigned DEFAULT NULL,
  `contract_signature_date_end` date DEFAULT NULL,
  PRIMARY KEY (`id`),
  KEY `pd_award_project_details_id_index` (`project_details_id`),
  KEY `pd_award_award_status_id_foreign` (`award_status_id`),
  CONSTRAINT `pd_award_award_status_id_foreign` FOREIGN KEY (`award_status_id`) REFERENCES `pd_award_status` (`id`)
) ENGINE=InnoDB AUTO_INCREMENT=2 DEFAULT CHARSET=utf8mb4 COLLATE=utf8mb4_unicode_ci;
/*!40101 SET character_set_client = @saved_cs_client */;

--
-- Dumping data for table `pd_award`
--

LOCK TABLES `pd_award` WRITE;
/*!40000 ALTER TABLE `pd_award` DISABLE KEYS */;
INSERT INTO `pd_award` VALUES (1,10,'5e271d1be950e0.71015187','2020-01-28','2020-01-30',NULL,0,0,1,0,'2020-01-21 15:47:39','2020-01-21 16:03:09','ewewe','232323',2.00,2,'2020-02-04');
/*!40000 ALTER TABLE `pd_award` ENABLE KEYS */;
UNLOCK TABLES;

--
-- Table structure for table `pd_award_financing`
--

DROP TABLE IF EXISTS `pd_award_financing`;
/*!40101 SET @saved_cs_client     = @@character_set_client */;
/*!40101 SET character_set_client = utf8 */;
CREATE TABLE `pd_award_financing` (
  `id` int(10) unsigned NOT NULL AUTO_INCREMENT,
  `project_details_id` int(10) unsigned NOT NULL,
  `name` varchar(191) COLLATE utf8mb4_unicode_ci NOT NULL,
  `start_date` date NOT NULL,
  `end_date` date DEFAULT NULL,
  `financial_category_id` int(10) unsigned NOT NULL,
  `amount` double(20,2) NOT NULL,
  `description` text COLLATE utf8mb4_unicode_ci,
  `financing_party_id` int(11) NOT NULL,
  `draft` tinyint(1) NOT NULL DEFAULT '0',
  `requested_modification` tinyint(1) NOT NULL DEFAULT '0',
  `published` tinyint(1) NOT NULL DEFAULT '1',
  `position` int(11) NOT NULL DEFAULT '0',
  `created_at` timestamp NULL DEFAULT NULL,
  `updated_at` timestamp NULL DEFAULT NULL,
  PRIMARY KEY (`id`),
  KEY `pd_award_financing_project_details_id_foreign` (`project_details_id`),
  KEY `pd_award_financing_financial_category_id_foreign` (`financial_category_id`),
  CONSTRAINT `pd_award_financing_financial_category_id_foreign` FOREIGN KEY (`financial_category_id`) REFERENCES `pd_financial_categories` (`id`),
  CONSTRAINT `pd_award_financing_project_details_id_foreign` FOREIGN KEY (`project_details_id`) REFERENCES `project_details` (`id`) ON DELETE CASCADE
) ENGINE=InnoDB DEFAULT CHARSET=utf8mb4 COLLATE=utf8mb4_unicode_ci;
/*!40101 SET character_set_client = @saved_cs_client */;

--
-- Dumping data for table `pd_award_financing`
--

LOCK TABLES `pd_award_financing` WRITE;
/*!40000 ALTER TABLE `pd_award_financing` DISABLE KEYS */;
/*!40000 ALTER TABLE `pd_award_financing` ENABLE KEYS */;
UNLOCK TABLES;

--
-- Table structure for table `pd_award_status`
--

DROP TABLE IF EXISTS `pd_award_status`;
/*!40101 SET @saved_cs_client     = @@character_set_client */;
/*!40101 SET character_set_client = utf8 */;
CREATE TABLE `pd_award_status` (
  `id` int(10) unsigned NOT NULL AUTO_INCREMENT,
  `code` varchar(191) COLLATE utf8mb4_unicode_ci NOT NULL,
  `name` varchar(191) COLLATE utf8mb4_unicode_ci NOT NULL,
  `created_at` timestamp NULL DEFAULT NULL,
  `updated_at` timestamp NULL DEFAULT NULL,
  PRIMARY KEY (`id`)
) ENGINE=InnoDB AUTO_INCREMENT=5 DEFAULT CHARSET=utf8mb4 COLLATE=utf8mb4_unicode_ci;
/*!40101 SET character_set_client = @saved_cs_client */;

--
-- Dumping data for table `pd_award_status`
--

LOCK TABLES `pd_award_status` WRITE;
/*!40000 ALTER TABLE `pd_award_status` DISABLE KEYS */;
INSERT INTO `pd_award_status` VALUES (1,'pending','Pending',NULL,NULL),(2,'active','Active',NULL,NULL),(3,'cancelled','Cancelled',NULL,NULL),(4,'unsuccessful','Unsuccessful',NULL,NULL);
/*!40000 ALTER TABLE `pd_award_status` ENABLE KEYS */;
UNLOCK TABLES;

--
-- Table structure for table `pd_contract_summary`
--

DROP TABLE IF EXISTS `pd_contract_summary`;
/*!40101 SET @saved_cs_client     = @@character_set_client */;
/*!40101 SET character_set_client = utf8 */;
CREATE TABLE `pd_contract_summary` (
  `id` int(10) unsigned NOT NULL AUTO_INCREMENT,
  `project_details_id` int(10) unsigned NOT NULL,
  `name` varchar(255) COLLATE utf8mb4_unicode_ci NOT NULL,
  `description` text COLLATE utf8mb4_unicode_ci,
  `draft` tinyint(1) NOT NULL DEFAULT '0',
  `requested_modification` tinyint(1) NOT NULL DEFAULT '0',
  `published` tinyint(1) NOT NULL DEFAULT '1',
  `position` int(11) NOT NULL DEFAULT '0',
  `created_at` timestamp NULL DEFAULT NULL,
  `updated_at` timestamp NULL DEFAULT NULL,
  PRIMARY KEY (`id`),
  KEY `pd_contract_summary_project_details_id_index` (`project_details_id`),
  CONSTRAINT `pd_contract_summary_project_details_id_foreign` FOREIGN KEY (`project_details_id`) REFERENCES `project_details` (`id`) ON DELETE CASCADE
) ENGINE=InnoDB DEFAULT CHARSET=utf8mb4 COLLATE=utf8mb4_unicode_ci;
/*!40101 SET character_set_client = @saved_cs_client */;

--
-- Dumping data for table `pd_contract_summary`
--

LOCK TABLES `pd_contract_summary` WRITE;
/*!40000 ALTER TABLE `pd_contract_summary` DISABLE KEYS */;
/*!40000 ALTER TABLE `pd_contract_summary` ENABLE KEYS */;
UNLOCK TABLES;

--
-- Table structure for table `pd_contract_termination`
--

DROP TABLE IF EXISTS `pd_contract_termination`;
/*!40101 SET @saved_cs_client     = @@character_set_client */;
/*!40101 SET character_set_client = utf8 */;
CREATE TABLE `pd_contract_termination` (
  `id` int(10) unsigned NOT NULL AUTO_INCREMENT,
  `project_details_id` int(10) unsigned NOT NULL,
  `party_type` enum('operator','authority') COLLATE utf8mb4_unicode_ci NOT NULL,
  `name` varchar(191) COLLATE utf8mb4_unicode_ci NOT NULL,
  `description` text COLLATE utf8mb4_unicode_ci NOT NULL,
  `termination_payment` text COLLATE utf8mb4_unicode_ci NOT NULL,
  `draft` tinyint(1) NOT NULL DEFAULT '0',
  `published` tinyint(1) NOT NULL DEFAULT '1',
  `position` int(11) NOT NULL DEFAULT '0',
  `created_at` timestamp NULL DEFAULT NULL,
  `updated_at` timestamp NULL DEFAULT NULL,
  PRIMARY KEY (`id`),
  KEY `pd_contract_termination_project_details_id_index` (`project_details_id`),
  FULLTEXT KEY `pd_contract_termination` (`name`,`description`,`termination_payment`),
  CONSTRAINT `pd_contract_termination_project_details_id_foreign` FOREIGN KEY (`project_details_id`) REFERENCES `project_details` (`id`) ON DELETE CASCADE
) ENGINE=InnoDB AUTO_INCREMENT=69 DEFAULT CHARSET=utf8mb4 COLLATE=utf8mb4_unicode_ci;
/*!40101 SET character_set_client = @saved_cs_client */;

--
-- Dumping data for table `pd_contract_termination`
--

LOCK TABLES `pd_contract_termination` WRITE;
/*!40000 ALTER TABLE `pd_contract_termination` DISABLE KEYS */;
INSERT INTO `pd_contract_termination` VALUES (5,32,'authority','Event','Ad eum alia porro, nec ei aliquip laoreet. Sed no consul impetus. An esse iuvaret qui. Iudico phaedrum intellegat nec ut, libris dolorum an eam, sea at habeo admodum maiestatis.','Ad eum alia porro, nec ei aliquip laoreet. Sed no consul impetus. An esse iuvaret qui. Iudico phaedrum intellegat nec ut, libris dolorum an eam, sea at habeo admodum maiestatis.',0,1,0,NULL,NULL),(6,32,'authority','Event','Ad eum alia porro, nec ei aliquip laoreet. Sed no consul impetus. An esse iuvaret qui. Iudico phaedrum intellegat nec ut, libris dolorum an eam, sea at habeo admodum maiestatis.','Ad eum alia porro, nec ei aliquip laoreet. Sed no consul impetus. An esse iuvaret qui. Iudico phaedrum intellegat nec ut, libris dolorum an eam, sea at habeo admodum maiestatis.',0,1,0,NULL,NULL),(7,32,'authority','Event','Ad eum alia porro, nec ei aliquip laoreet. Sed no consul impetus. An esse iuvaret qui. Iudico phaedrum intellegat nec ut, libris dolorum an eam, sea at habeo admodum maiestatis.','Ad eum alia porro, nec ei aliquip laoreet. Sed no consul impetus. An esse iuvaret qui. Iudico phaedrum intellegat nec ut, libris dolorum an eam, sea at habeo admodum maiestatis.',0,1,0,NULL,NULL),(8,32,'authority','Event','Ad eum alia porro, nec ei aliquip laoreet. Sed no consul impetus. An esse iuvaret qui. Iudico phaedrum intellegat nec ut, libris dolorum an eam, sea at habeo admodum maiestatis.','Ad eum alia porro, nec ei aliquip laoreet. Sed no consul impetus. An esse iuvaret qui. Iudico phaedrum intellegat nec ut, libris dolorum an eam, sea at habeo admodum maiestatis.',0,1,0,NULL,NULL),(9,33,'authority','Event','Ad eum alia porro, nec ei aliquip laoreet. Sed no consul impetus. An esse iuvaret qui. Iudico phaedrum intellegat nec ut, libris dolorum an eam, sea at habeo admodum maiestatis.','Ad eum alia porro, nec ei aliquip laoreet. Sed no consul impetus. An esse iuvaret qui. Iudico phaedrum intellegat nec ut, libris dolorum an eam, sea at habeo admodum maiestatis.',0,1,0,NULL,NULL),(10,33,'authority','Event','Ad eum alia porro, nec ei aliquip laoreet. Sed no consul impetus. An esse iuvaret qui. Iudico phaedrum intellegat nec ut, libris dolorum an eam, sea at habeo admodum maiestatis.','Ad eum alia porro, nec ei aliquip laoreet. Sed no consul impetus. An esse iuvaret qui. Iudico phaedrum intellegat nec ut, libris dolorum an eam, sea at habeo admodum maiestatis.',0,1,0,NULL,NULL),(11,33,'authority','Event','Ad eum alia porro, nec ei aliquip laoreet. Sed no consul impetus. An esse iuvaret qui. Iudico phaedrum intellegat nec ut, libris dolorum an eam, sea at habeo admodum maiestatis.','Ad eum alia porro, nec ei aliquip laoreet. Sed no consul impetus. An esse iuvaret qui. Iudico phaedrum intellegat nec ut, libris dolorum an eam, sea at habeo admodum maiestatis.',0,1,0,NULL,NULL),(12,33,'authority','Event','Ad eum alia porro, nec ei aliquip laoreet. Sed no consul impetus. An esse iuvaret qui. Iudico phaedrum intellegat nec ut, libris dolorum an eam, sea at habeo admodum maiestatis.','Ad eum alia porro, nec ei aliquip laoreet. Sed no consul impetus. An esse iuvaret qui. Iudico phaedrum intellegat nec ut, libris dolorum an eam, sea at habeo admodum maiestatis.',0,1,0,NULL,NULL),(13,34,'authority','Event','Ad eum alia porro, nec ei aliquip laoreet. Sed no consul impetus. An esse iuvaret qui. Iudico phaedrum intellegat nec ut, libris dolorum an eam, sea at habeo admodum maiestatis.','Ad eum alia porro, nec ei aliquip laoreet. Sed no consul impetus. An esse iuvaret qui. Iudico phaedrum intellegat nec ut, libris dolorum an eam, sea at habeo admodum maiestatis.',0,1,0,NULL,NULL),(14,34,'authority','Event','Ad eum alia porro, nec ei aliquip laoreet. Sed no consul impetus. An esse iuvaret qui. Iudico phaedrum intellegat nec ut, libris dolorum an eam, sea at habeo admodum maiestatis.','Ad eum alia porro, nec ei aliquip laoreet. Sed no consul impetus. An esse iuvaret qui. Iudico phaedrum intellegat nec ut, libris dolorum an eam, sea at habeo admodum maiestatis.',0,1,0,NULL,NULL),(15,34,'authority','Event','Ad eum alia porro, nec ei aliquip laoreet. Sed no consul impetus. An esse iuvaret qui. Iudico phaedrum intellegat nec ut, libris dolorum an eam, sea at habeo admodum maiestatis.','Ad eum alia porro, nec ei aliquip laoreet. Sed no consul impetus. An esse iuvaret qui. Iudico phaedrum intellegat nec ut, libris dolorum an eam, sea at habeo admodum maiestatis.',0,1,0,NULL,NULL),(16,34,'authority','Event','Ad eum alia porro, nec ei aliquip laoreet. Sed no consul impetus. An esse iuvaret qui. Iudico phaedrum intellegat nec ut, libris dolorum an eam, sea at habeo admodum maiestatis.','Ad eum alia porro, nec ei aliquip laoreet. Sed no consul impetus. An esse iuvaret qui. Iudico phaedrum intellegat nec ut, libris dolorum an eam, sea at habeo admodum maiestatis.',0,1,0,NULL,NULL),(21,36,'authority','Event','Ad eum alia porro, nec ei aliquip laoreet. Sed no consul impetus. An esse iuvaret qui. Iudico phaedrum intellegat nec ut, libris dolorum an eam, sea at habeo admodum maiestatis.','Ad eum alia porro, nec ei aliquip laoreet. Sed no consul impetus. An esse iuvaret qui. Iudico phaedrum intellegat nec ut, libris dolorum an eam, sea at habeo admodum maiestatis.',0,1,0,NULL,NULL),(22,36,'authority','Event','Ad eum alia porro, nec ei aliquip laoreet. Sed no consul impetus. An esse iuvaret qui. Iudico phaedrum intellegat nec ut, libris dolorum an eam, sea at habeo admodum maiestatis.','Ad eum alia porro, nec ei aliquip laoreet. Sed no consul impetus. An esse iuvaret qui. Iudico phaedrum intellegat nec ut, libris dolorum an eam, sea at habeo admodum maiestatis.',0,1,0,NULL,NULL),(23,36,'authority','Event','Ad eum alia porro, nec ei aliquip laoreet. Sed no consul impetus. An esse iuvaret qui. Iudico phaedrum intellegat nec ut, libris dolorum an eam, sea at habeo admodum maiestatis.','Ad eum alia porro, nec ei aliquip laoreet. Sed no consul impetus. An esse iuvaret qui. Iudico phaedrum intellegat nec ut, libris dolorum an eam, sea at habeo admodum maiestatis.',0,1,0,NULL,NULL),(24,36,'authority','Event','Ad eum alia porro, nec ei aliquip laoreet. Sed no consul impetus. An esse iuvaret qui. Iudico phaedrum intellegat nec ut, libris dolorum an eam, sea at habeo admodum maiestatis.','Ad eum alia porro, nec ei aliquip laoreet. Sed no consul impetus. An esse iuvaret qui. Iudico phaedrum intellegat nec ut, libris dolorum an eam, sea at habeo admodum maiestatis.',0,1,0,NULL,NULL),(25,37,'authority','Event','Ad eum alia porro, nec ei aliquip laoreet. Sed no consul impetus. An esse iuvaret qui. Iudico phaedrum intellegat nec ut, libris dolorum an eam, sea at habeo admodum maiestatis.','Ad eum alia porro, nec ei aliquip laoreet. Sed no consul impetus. An esse iuvaret qui. Iudico phaedrum intellegat nec ut, libris dolorum an eam, sea at habeo admodum maiestatis.',0,1,0,NULL,NULL),(26,37,'authority','Event','Ad eum alia porro, nec ei aliquip laoreet. Sed no consul impetus. An esse iuvaret qui. Iudico phaedrum intellegat nec ut, libris dolorum an eam, sea at habeo admodum maiestatis.','Ad eum alia porro, nec ei aliquip laoreet. Sed no consul impetus. An esse iuvaret qui. Iudico phaedrum intellegat nec ut, libris dolorum an eam, sea at habeo admodum maiestatis.',0,1,0,NULL,NULL),(27,37,'authority','Event','Ad eum alia porro, nec ei aliquip laoreet. Sed no consul impetus. An esse iuvaret qui. Iudico phaedrum intellegat nec ut, libris dolorum an eam, sea at habeo admodum maiestatis.','Ad eum alia porro, nec ei aliquip laoreet. Sed no consul impetus. An esse iuvaret qui. Iudico phaedrum intellegat nec ut, libris dolorum an eam, sea at habeo admodum maiestatis.',0,1,0,NULL,NULL),(28,37,'authority','Event','Ad eum alia porro, nec ei aliquip laoreet. Sed no consul impetus. An esse iuvaret qui. Iudico phaedrum intellegat nec ut, libris dolorum an eam, sea at habeo admodum maiestatis.','Ad eum alia porro, nec ei aliquip laoreet. Sed no consul impetus. An esse iuvaret qui. Iudico phaedrum intellegat nec ut, libris dolorum an eam, sea at habeo admodum maiestatis.',0,1,0,NULL,NULL),(29,38,'authority','Event','Ad eum alia porro, nec ei aliquip laoreet. Sed no consul impetus. An esse iuvaret qui. Iudico phaedrum intellegat nec ut, libris dolorum an eam, sea at habeo admodum maiestatis.','Ad eum alia porro, nec ei aliquip laoreet. Sed no consul impetus. An esse iuvaret qui. Iudico phaedrum intellegat nec ut, libris dolorum an eam, sea at habeo admodum maiestatis.',0,1,0,NULL,NULL),(30,38,'authority','Event','Ad eum alia porro, nec ei aliquip laoreet. Sed no consul impetus. An esse iuvaret qui. Iudico phaedrum intellegat nec ut, libris dolorum an eam, sea at habeo admodum maiestatis.','Ad eum alia porro, nec ei aliquip laoreet. Sed no consul impetus. An esse iuvaret qui. Iudico phaedrum intellegat nec ut, libris dolorum an eam, sea at habeo admodum maiestatis.',0,1,0,NULL,NULL),(31,38,'authority','Event','Ad eum alia porro, nec ei aliquip laoreet. Sed no consul impetus. An esse iuvaret qui. Iudico phaedrum intellegat nec ut, libris dolorum an eam, sea at habeo admodum maiestatis.','Ad eum alia porro, nec ei aliquip laoreet. Sed no consul impetus. An esse iuvaret qui. Iudico phaedrum intellegat nec ut, libris dolorum an eam, sea at habeo admodum maiestatis.',0,1,0,NULL,NULL),(32,38,'authority','Event','Ad eum alia porro, nec ei aliquip laoreet. Sed no consul impetus. An esse iuvaret qui. Iudico phaedrum intellegat nec ut, libris dolorum an eam, sea at habeo admodum maiestatis.','Ad eum alia porro, nec ei aliquip laoreet. Sed no consul impetus. An esse iuvaret qui. Iudico phaedrum intellegat nec ut, libris dolorum an eam, sea at habeo admodum maiestatis.',0,1,0,NULL,NULL),(33,39,'authority','Event','Ad eum alia porro, nec ei aliquip laoreet. Sed no consul impetus. An esse iuvaret qui. Iudico phaedrum intellegat nec ut, libris dolorum an eam, sea at habeo admodum maiestatis.','Ad eum alia porro, nec ei aliquip laoreet. Sed no consul impetus. An esse iuvaret qui. Iudico phaedrum intellegat nec ut, libris dolorum an eam, sea at habeo admodum maiestatis.',0,1,0,NULL,NULL),(34,39,'authority','Event','Ad eum alia porro, nec ei aliquip laoreet. Sed no consul impetus. An esse iuvaret qui. Iudico phaedrum intellegat nec ut, libris dolorum an eam, sea at habeo admodum maiestatis.','Ad eum alia porro, nec ei aliquip laoreet. Sed no consul impetus. An esse iuvaret qui. Iudico phaedrum intellegat nec ut, libris dolorum an eam, sea at habeo admodum maiestatis.',0,1,0,NULL,NULL),(35,39,'authority','Event','Ad eum alia porro, nec ei aliquip laoreet. Sed no consul impetus. An esse iuvaret qui. Iudico phaedrum intellegat nec ut, libris dolorum an eam, sea at habeo admodum maiestatis.','Ad eum alia porro, nec ei aliquip laoreet. Sed no consul impetus. An esse iuvaret qui. Iudico phaedrum intellegat nec ut, libris dolorum an eam, sea at habeo admodum maiestatis.',0,1,0,NULL,NULL),(36,39,'authority','Event','Ad eum alia porro, nec ei aliquip laoreet. Sed no consul impetus. An esse iuvaret qui. Iudico phaedrum intellegat nec ut, libris dolorum an eam, sea at habeo admodum maiestatis.','Ad eum alia porro, nec ei aliquip laoreet. Sed no consul impetus. An esse iuvaret qui. Iudico phaedrum intellegat nec ut, libris dolorum an eam, sea at habeo admodum maiestatis.',0,1,0,NULL,NULL),(37,40,'authority','Event','Ad eum alia porro, nec ei aliquip laoreet. Sed no consul impetus. An esse iuvaret qui. Iudico phaedrum intellegat nec ut, libris dolorum an eam, sea at habeo admodum maiestatis.','Ad eum alia porro, nec ei aliquip laoreet. Sed no consul impetus. An esse iuvaret qui. Iudico phaedrum intellegat nec ut, libris dolorum an eam, sea at habeo admodum maiestatis.',0,1,0,NULL,NULL),(38,40,'authority','Event','Ad eum alia porro, nec ei aliquip laoreet. Sed no consul impetus. An esse iuvaret qui. Iudico phaedrum intellegat nec ut, libris dolorum an eam, sea at habeo admodum maiestatis.','Ad eum alia porro, nec ei aliquip laoreet. Sed no consul impetus. An esse iuvaret qui. Iudico phaedrum intellegat nec ut, libris dolorum an eam, sea at habeo admodum maiestatis.',0,1,0,NULL,NULL),(39,40,'authority','Event','Ad eum alia porro, nec ei aliquip laoreet. Sed no consul impetus. An esse iuvaret qui. Iudico phaedrum intellegat nec ut, libris dolorum an eam, sea at habeo admodum maiestatis.','Ad eum alia porro, nec ei aliquip laoreet. Sed no consul impetus. An esse iuvaret qui. Iudico phaedrum intellegat nec ut, libris dolorum an eam, sea at habeo admodum maiestatis.',0,1,0,NULL,NULL),(40,40,'authority','Event','Ad eum alia porro, nec ei aliquip laoreet. Sed no consul impetus. An esse iuvaret qui. Iudico phaedrum intellegat nec ut, libris dolorum an eam, sea at habeo admodum maiestatis.','Ad eum alia porro, nec ei aliquip laoreet. Sed no consul impetus. An esse iuvaret qui. Iudico phaedrum intellegat nec ut, libris dolorum an eam, sea at habeo admodum maiestatis.',0,1,0,NULL,NULL),(41,41,'authority','Event','Ad eum alia porro, nec ei aliquip laoreet. Sed no consul impetus. An esse iuvaret qui. Iudico phaedrum intellegat nec ut, libris dolorum an eam, sea at habeo admodum maiestatis.','Ad eum alia porro, nec ei aliquip laoreet. Sed no consul impetus. An esse iuvaret qui. Iudico phaedrum intellegat nec ut, libris dolorum an eam, sea at habeo admodum maiestatis.',0,1,0,NULL,NULL),(42,41,'authority','Event','Ad eum alia porro, nec ei aliquip laoreet. Sed no consul impetus. An esse iuvaret qui. Iudico phaedrum intellegat nec ut, libris dolorum an eam, sea at habeo admodum maiestatis.','Ad eum alia porro, nec ei aliquip laoreet. Sed no consul impetus. An esse iuvaret qui. Iudico phaedrum intellegat nec ut, libris dolorum an eam, sea at habeo admodum maiestatis.',0,1,0,NULL,NULL),(43,41,'authority','Event','Ad eum alia porro, nec ei aliquip laoreet. Sed no consul impetus. An esse iuvaret qui. Iudico phaedrum intellegat nec ut, libris dolorum an eam, sea at habeo admodum maiestatis.','Ad eum alia porro, nec ei aliquip laoreet. Sed no consul impetus. An esse iuvaret qui. Iudico phaedrum intellegat nec ut, libris dolorum an eam, sea at habeo admodum maiestatis.',0,1,0,NULL,NULL),(44,41,'authority','Event','Ad eum alia porro, nec ei aliquip laoreet. Sed no consul impetus. An esse iuvaret qui. Iudico phaedrum intellegat nec ut, libris dolorum an eam, sea at habeo admodum maiestatis.','Ad eum alia porro, nec ei aliquip laoreet. Sed no consul impetus. An esse iuvaret qui. Iudico phaedrum intellegat nec ut, libris dolorum an eam, sea at habeo admodum maiestatis.',0,1,0,NULL,NULL),(45,42,'authority','Event','Ad eum alia porro, nec ei aliquip laoreet. Sed no consul impetus. An esse iuvaret qui. Iudico phaedrum intellegat nec ut, libris dolorum an eam, sea at habeo admodum maiestatis.','Ad eum alia porro, nec ei aliquip laoreet. Sed no consul impetus. An esse iuvaret qui. Iudico phaedrum intellegat nec ut, libris dolorum an eam, sea at habeo admodum maiestatis.',0,1,0,NULL,NULL),(46,42,'authority','Event','Ad eum alia porro, nec ei aliquip laoreet. Sed no consul impetus. An esse iuvaret qui. Iudico phaedrum intellegat nec ut, libris dolorum an eam, sea at habeo admodum maiestatis.','Ad eum alia porro, nec ei aliquip laoreet. Sed no consul impetus. An esse iuvaret qui. Iudico phaedrum intellegat nec ut, libris dolorum an eam, sea at habeo admodum maiestatis.',0,1,0,NULL,NULL),(47,42,'authority','Event','Ad eum alia porro, nec ei aliquip laoreet. Sed no consul impetus. An esse iuvaret qui. Iudico phaedrum intellegat nec ut, libris dolorum an eam, sea at habeo admodum maiestatis.','Ad eum alia porro, nec ei aliquip laoreet. Sed no consul impetus. An esse iuvaret qui. Iudico phaedrum intellegat nec ut, libris dolorum an eam, sea at habeo admodum maiestatis.',0,1,0,NULL,NULL),(48,42,'authority','Event','Ad eum alia porro, nec ei aliquip laoreet. Sed no consul impetus. An esse iuvaret qui. Iudico phaedrum intellegat nec ut, libris dolorum an eam, sea at habeo admodum maiestatis.','Ad eum alia porro, nec ei aliquip laoreet. Sed no consul impetus. An esse iuvaret qui. Iudico phaedrum intellegat nec ut, libris dolorum an eam, sea at habeo admodum maiestatis.',0,1,0,NULL,NULL),(49,43,'authority','Event','Ad eum alia porro, nec ei aliquip laoreet. Sed no consul impetus. An esse iuvaret qui. Iudico phaedrum intellegat nec ut, libris dolorum an eam, sea at habeo admodum maiestatis.','Ad eum alia porro, nec ei aliquip laoreet. Sed no consul impetus. An esse iuvaret qui. Iudico phaedrum intellegat nec ut, libris dolorum an eam, sea at habeo admodum maiestatis.',0,1,0,NULL,NULL),(50,43,'authority','Event','Ad eum alia porro, nec ei aliquip laoreet. Sed no consul impetus. An esse iuvaret qui. Iudico phaedrum intellegat nec ut, libris dolorum an eam, sea at habeo admodum maiestatis.','Ad eum alia porro, nec ei aliquip laoreet. Sed no consul impetus. An esse iuvaret qui. Iudico phaedrum intellegat nec ut, libris dolorum an eam, sea at habeo admodum maiestatis.',0,1,0,NULL,NULL),(51,43,'authority','Event','Ad eum alia porro, nec ei aliquip laoreet. Sed no consul impetus. An esse iuvaret qui. Iudico phaedrum intellegat nec ut, libris dolorum an eam, sea at habeo admodum maiestatis.','Ad eum alia porro, nec ei aliquip laoreet. Sed no consul impetus. An esse iuvaret qui. Iudico phaedrum intellegat nec ut, libris dolorum an eam, sea at habeo admodum maiestatis.',0,1,0,NULL,NULL),(52,43,'authority','Event','Ad eum alia porro, nec ei aliquip laoreet. Sed no consul impetus. An esse iuvaret qui. Iudico phaedrum intellegat nec ut, libris dolorum an eam, sea at habeo admodum maiestatis.','Ad eum alia porro, nec ei aliquip laoreet. Sed no consul impetus. An esse iuvaret qui. Iudico phaedrum intellegat nec ut, libris dolorum an eam, sea at habeo admodum maiestatis.',0,1,0,NULL,NULL),(53,44,'authority','Event','Ad eum alia porro, nec ei aliquip laoreet. Sed no consul impetus. An esse iuvaret qui. Iudico phaedrum intellegat nec ut, libris dolorum an eam, sea at habeo admodum maiestatis.','Ad eum alia porro, nec ei aliquip laoreet. Sed no consul impetus. An esse iuvaret qui. Iudico phaedrum intellegat nec ut, libris dolorum an eam, sea at habeo admodum maiestatis.',0,1,0,NULL,NULL),(54,44,'authority','Event','Ad eum alia porro, nec ei aliquip laoreet. Sed no consul impetus. An esse iuvaret qui. Iudico phaedrum intellegat nec ut, libris dolorum an eam, sea at habeo admodum maiestatis.','Ad eum alia porro, nec ei aliquip laoreet. Sed no consul impetus. An esse iuvaret qui. Iudico phaedrum intellegat nec ut, libris dolorum an eam, sea at habeo admodum maiestatis.',0,1,0,NULL,NULL),(55,44,'authority','Event','Ad eum alia porro, nec ei aliquip laoreet. Sed no consul impetus. An esse iuvaret qui. Iudico phaedrum intellegat nec ut, libris dolorum an eam, sea at habeo admodum maiestatis.','Ad eum alia porro, nec ei aliquip laoreet. Sed no consul impetus. An esse iuvaret qui. Iudico phaedrum intellegat nec ut, libris dolorum an eam, sea at habeo admodum maiestatis.',0,1,0,NULL,NULL),(56,44,'authority','Event','Ad eum alia porro, nec ei aliquip laoreet. Sed no consul impetus. An esse iuvaret qui. Iudico phaedrum intellegat nec ut, libris dolorum an eam, sea at habeo admodum maiestatis.','Ad eum alia porro, nec ei aliquip laoreet. Sed no consul impetus. An esse iuvaret qui. Iudico phaedrum intellegat nec ut, libris dolorum an eam, sea at habeo admodum maiestatis.',0,1,0,NULL,NULL),(57,45,'authority','Event','Ad eum alia porro, nec ei aliquip laoreet. Sed no consul impetus. An esse iuvaret qui. Iudico phaedrum intellegat nec ut, libris dolorum an eam, sea at habeo admodum maiestatis.','Ad eum alia porro, nec ei aliquip laoreet. Sed no consul impetus. An esse iuvaret qui. Iudico phaedrum intellegat nec ut, libris dolorum an eam, sea at habeo admodum maiestatis.',0,1,0,NULL,NULL),(58,45,'authority','Event','Ad eum alia porro, nec ei aliquip laoreet. Sed no consul impetus. An esse iuvaret qui. Iudico phaedrum intellegat nec ut, libris dolorum an eam, sea at habeo admodum maiestatis.','Ad eum alia porro, nec ei aliquip laoreet. Sed no consul impetus. An esse iuvaret qui. Iudico phaedrum intellegat nec ut, libris dolorum an eam, sea at habeo admodum maiestatis.',0,1,0,NULL,NULL),(59,45,'authority','Event','Ad eum alia porro, nec ei aliquip laoreet. Sed no consul impetus. An esse iuvaret qui. Iudico phaedrum intellegat nec ut, libris dolorum an eam, sea at habeo admodum maiestatis.','Ad eum alia porro, nec ei aliquip laoreet. Sed no consul impetus. An esse iuvaret qui. Iudico phaedrum intellegat nec ut, libris dolorum an eam, sea at habeo admodum maiestatis.',0,1,0,NULL,NULL),(60,45,'authority','Event','Ad eum alia porro, nec ei aliquip laoreet. Sed no consul impetus. An esse iuvaret qui. Iudico phaedrum intellegat nec ut, libris dolorum an eam, sea at habeo admodum maiestatis.','Ad eum alia porro, nec ei aliquip laoreet. Sed no consul impetus. An esse iuvaret qui. Iudico phaedrum intellegat nec ut, libris dolorum an eam, sea at habeo admodum maiestatis.',0,1,0,NULL,NULL),(65,47,'authority','Event','Ad eum alia porro, nec ei aliquip laoreet. Sed no consul impetus. An esse iuvaret qui. Iudico phaedrum intellegat nec ut, libris dolorum an eam, sea at habeo admodum maiestatis.','Ad eum alia porro, nec ei aliquip laoreet. Sed no consul impetus. An esse iuvaret qui. Iudico phaedrum intellegat nec ut, libris dolorum an eam, sea at habeo admodum maiestatis.',0,1,0,NULL,NULL),(66,47,'authority','Event','Ad eum alia porro, nec ei aliquip laoreet. Sed no consul impetus. An esse iuvaret qui. Iudico phaedrum intellegat nec ut, libris dolorum an eam, sea at habeo admodum maiestatis.','Ad eum alia porro, nec ei aliquip laoreet. Sed no consul impetus. An esse iuvaret qui. Iudico phaedrum intellegat nec ut, libris dolorum an eam, sea at habeo admodum maiestatis.',0,1,0,NULL,NULL),(67,47,'authority','Event','Ad eum alia porro, nec ei aliquip laoreet. Sed no consul impetus. An esse iuvaret qui. Iudico phaedrum intellegat nec ut, libris dolorum an eam, sea at habeo admodum maiestatis.','Ad eum alia porro, nec ei aliquip laoreet. Sed no consul impetus. An esse iuvaret qui. Iudico phaedrum intellegat nec ut, libris dolorum an eam, sea at habeo admodum maiestatis.',0,1,0,NULL,NULL),(68,47,'authority','Event','Ad eum alia porro, nec ei aliquip laoreet. Sed no consul impetus. An esse iuvaret qui. Iudico phaedrum intellegat nec ut, libris dolorum an eam, sea at habeo admodum maiestatis.','Ad eum alia porro, nec ei aliquip laoreet. Sed no consul impetus. An esse iuvaret qui. Iudico phaedrum intellegat nec ut, libris dolorum an eam, sea at habeo admodum maiestatis.',0,1,0,NULL,NULL);
/*!40000 ALTER TABLE `pd_contract_termination` ENABLE KEYS */;
UNLOCK TABLES;

--
-- Table structure for table `pd_document`
--

DROP TABLE IF EXISTS `pd_document`;
/*!40101 SET @saved_cs_client     = @@character_set_client */;
/*!40101 SET character_set_client = utf8 */;
CREATE TABLE `pd_document` (
  `id` int(10) unsigned NOT NULL AUTO_INCREMENT,
  `project_details_id` int(10) unsigned NOT NULL,
  `name` varchar(255) COLLATE utf8mb4_unicode_ci NOT NULL,
  `description` text COLLATE utf8mb4_unicode_ci NOT NULL,
  `draft` tinyint(1) NOT NULL DEFAULT '0',
  `requested_modification` tinyint(1) NOT NULL DEFAULT '0',
  `published` tinyint(1) NOT NULL DEFAULT '1',
  `position` int(11) NOT NULL DEFAULT '0',
  `created_at` timestamp NULL DEFAULT NULL,
  `updated_at` timestamp NULL DEFAULT NULL,
  PRIMARY KEY (`id`),
  KEY `pd_document_project_details_id_index` (`project_details_id`),
  FULLTEXT KEY `pd_document` (`name`,`description`),
  CONSTRAINT `pd_document_project_details_id_foreign` FOREIGN KEY (`project_details_id`) REFERENCES `project_details` (`id`) ON DELETE CASCADE
) ENGINE=InnoDB AUTO_INCREMENT=52 DEFAULT CHARSET=utf8mb4 COLLATE=utf8mb4_unicode_ci;
/*!40101 SET character_set_client = @saved_cs_client */;

--
-- Dumping data for table `pd_document`
--

LOCK TABLES `pd_document` WRITE;
/*!40000 ALTER TABLE `pd_document` DISABLE KEYS */;
INSERT INTO `pd_document` VALUES (4,32,'Document 1','Lorem ipsum dolor sit amet, ne eam dicat nostrum. Ad zril principes vim, nec etiam alienum in, eos molestie facilisis interesset at. Magna iracundia inciderint cum ut, at vis suscipit nominati efficiendi. Id intellegat inciderint usu, ea unum dicta scripta has, aeque dissentiet per id. Vel no feugiat graecis. Est purto dissentias ea.',0,0,1,0,NULL,NULL),(5,32,'Document 2','Lorem ipsum dolor sit amet, ne eam dicat nostrum. Ad zril principes vim, nec etiam alienum in, eos molestie facilisis interesset at. Magna iracundia inciderint cum ut, at vis suscipit nominati efficiendi. Id intellegat inciderint usu, ea unum dicta scripta has, aeque dissentiet per id. Vel no feugiat graecis. Est purto dissentias ea.',0,0,1,0,NULL,NULL),(6,32,'Document 3','Lorem ipsum dolor sit amet, ne eam dicat nostrum. Ad zril principes vim, nec etiam alienum in, eos molestie facilisis interesset at. Magna iracundia inciderint cum ut, at vis suscipit nominati efficiendi. Id intellegat inciderint usu, ea unum dicta scripta has, aeque dissentiet per id. Vel no feugiat graecis. Est purto dissentias ea.',0,0,1,0,NULL,NULL),(7,33,'Document 1','Lorem ipsum dolor sit amet, ne eam dicat nostrum. Ad zril principes vim, nec etiam alienum in, eos molestie facilisis interesset at. Magna iracundia inciderint cum ut, at vis suscipit nominati efficiendi. Id intellegat inciderint usu, ea unum dicta scripta has, aeque dissentiet per id. Vel no feugiat graecis. Est purto dissentias ea.',0,0,1,0,NULL,NULL),(8,33,'Document 2','Lorem ipsum dolor sit amet, ne eam dicat nostrum. Ad zril principes vim, nec etiam alienum in, eos molestie facilisis interesset at. Magna iracundia inciderint cum ut, at vis suscipit nominati efficiendi. Id intellegat inciderint usu, ea unum dicta scripta has, aeque dissentiet per id. Vel no feugiat graecis. Est purto dissentias ea.',0,0,1,0,NULL,NULL),(9,33,'Document 3','Lorem ipsum dolor sit amet, ne eam dicat nostrum. Ad zril principes vim, nec etiam alienum in, eos molestie facilisis interesset at. Magna iracundia inciderint cum ut, at vis suscipit nominati efficiendi. Id intellegat inciderint usu, ea unum dicta scripta has, aeque dissentiet per id. Vel no feugiat graecis. Est purto dissentias ea.',0,0,1,0,NULL,NULL),(10,34,'Document 1','Lorem ipsum dolor sit amet, ne eam dicat nostrum. Ad zril principes vim, nec etiam alienum in, eos molestie facilisis interesset at. Magna iracundia inciderint cum ut, at vis suscipit nominati efficiendi. Id intellegat inciderint usu, ea unum dicta scripta has, aeque dissentiet per id. Vel no feugiat graecis. Est purto dissentias ea.',0,0,1,0,NULL,NULL),(11,34,'Document 2','Lorem ipsum dolor sit amet, ne eam dicat nostrum. Ad zril principes vim, nec etiam alienum in, eos molestie facilisis interesset at. Magna iracundia inciderint cum ut, at vis suscipit nominati efficiendi. Id intellegat inciderint usu, ea unum dicta scripta has, aeque dissentiet per id. Vel no feugiat graecis. Est purto dissentias ea.',0,0,1,0,NULL,NULL),(12,34,'Document 3','Lorem ipsum dolor sit amet, ne eam dicat nostrum. Ad zril principes vim, nec etiam alienum in, eos molestie facilisis interesset at. Magna iracundia inciderint cum ut, at vis suscipit nominati efficiendi. Id intellegat inciderint usu, ea unum dicta scripta has, aeque dissentiet per id. Vel no feugiat graecis. Est purto dissentias ea.',0,0,1,0,NULL,NULL),(16,36,'Document 1','',0,0,1,0,NULL,NULL),(17,36,'Document 2','',0,0,1,0,NULL,NULL),(18,36,'Document 3','',0,0,1,0,NULL,NULL),(19,37,'Document 1','',0,0,1,0,NULL,NULL),(20,37,'Document 2','',0,0,1,0,NULL,NULL),(21,37,'Document 3','',0,0,1,0,NULL,NULL),(22,38,'Document 1','Lorem ipsum dolor sit amet, ne eam dicat nostrum. Ad zril principes vim, nec etiam alienum in, eos molestie facilisis interesset at. Magna iracundia inciderint cum ut, at vis suscipit nominati efficiendi. Id intellegat inciderint usu, ea unum dicta scripta has, aeque dissentiet per id. Vel no feugiat graecis. Est purto dissentias ea.',0,0,1,0,NULL,NULL),(23,38,'Document 2','Lorem ipsum dolor sit amet, ne eam dicat nostrum. Ad zril principes vim, nec etiam alienum in, eos molestie facilisis interesset at. Magna iracundia inciderint cum ut, at vis suscipit nominati efficiendi. Id intellegat inciderint usu, ea unum dicta scripta has, aeque dissentiet per id. Vel no feugiat graecis. Est purto dissentias ea.',0,0,1,0,NULL,NULL),(24,38,'Document 3','Lorem ipsum dolor sit amet, ne eam dicat nostrum. Ad zril principes vim, nec etiam alienum in, eos molestie facilisis interesset at. Magna iracundia inciderint cum ut, at vis suscipit nominati efficiendi. Id intellegat inciderint usu, ea unum dicta scripta has, aeque dissentiet per id. Vel no feugiat graecis. Est purto dissentias ea.',0,0,1,0,NULL,NULL),(25,39,'Document 1','',0,0,1,0,NULL,NULL),(26,39,'Document 2','',0,0,1,0,NULL,NULL),(27,39,'Document 3','',0,0,1,0,NULL,NULL),(28,40,'Document 1','Lorem ipsum dolor sit amet, ne eam dicat nostrum. Ad zril principes vim, nec etiam alienum in, eos molestie facilisis interesset at. Magna iracundia inciderint cum ut, at vis suscipit nominati efficiendi. Id intellegat inciderint usu, ea unum dicta scripta has, aeque dissentiet per id. Vel no feugiat graecis. Est purto dissentias ea.',0,0,1,0,NULL,NULL),(29,40,'Document 2','Lorem ipsum dolor sit amet, ne eam dicat nostrum. Ad zril principes vim, nec etiam alienum in, eos molestie facilisis interesset at. Magna iracundia inciderint cum ut, at vis suscipit nominati efficiendi. Id intellegat inciderint usu, ea unum dicta scripta has, aeque dissentiet per id. Vel no feugiat graecis. Est purto dissentias ea.',0,0,1,0,NULL,NULL),(30,40,'Document 3','Lorem ipsum dolor sit amet, ne eam dicat nostrum. Ad zril principes vim, nec etiam alienum in, eos molestie facilisis interesset at. Magna iracundia inciderint cum ut, at vis suscipit nominati efficiendi. Id intellegat inciderint usu, ea unum dicta scripta has, aeque dissentiet per id. Vel no feugiat graecis. Est purto dissentias ea.',0,0,1,0,NULL,NULL),(31,41,'Document 1','Lorem ipsum dolor sit amet, ne eam dicat nostrum. Ad zril principes vim, nec etiam alienum in, eos molestie facilisis interesset at. Magna iracundia inciderint cum ut, at vis suscipit nominati efficiendi. Id intellegat inciderint usu, ea unum dicta scripta has, aeque dissentiet per id. Vel no feugiat graecis. Est purto dissentias ea.',0,0,1,0,NULL,NULL),(32,41,'Document 2','Lorem ipsum dolor sit amet, ne eam dicat nostrum. Ad zril principes vim, nec etiam alienum in, eos molestie facilisis interesset at. Magna iracundia inciderint cum ut, at vis suscipit nominati efficiendi. Id intellegat inciderint usu, ea unum dicta scripta has, aeque dissentiet per id. Vel no feugiat graecis. Est purto dissentias ea.',0,0,1,0,NULL,NULL),(33,41,'Document 3','Lorem ipsum dolor sit amet, ne eam dicat nostrum. Ad zril principes vim, nec etiam alienum in, eos molestie facilisis interesset at. Magna iracundia inciderint cum ut, at vis suscipit nominati efficiendi. Id intellegat inciderint usu, ea unum dicta scripta has, aeque dissentiet per id. Vel no feugiat graecis. Est purto dissentias ea.',0,0,1,0,NULL,NULL),(34,42,'Document 1','Lorem ipsum dolor sit amet, ne eam dicat nostrum. Ad zril principes vim, nec etiam alienum in, eos molestie facilisis interesset at. Magna iracundia inciderint cum ut, at vis suscipit nominati efficiendi. Id intellegat inciderint usu, ea unum dicta scripta has, aeque dissentiet per id. Vel no feugiat graecis. Est purto dissentias ea.',0,0,1,0,NULL,NULL),(35,42,'Document 2','Lorem ipsum dolor sit amet, ne eam dicat nostrum. Ad zril principes vim, nec etiam alienum in, eos molestie facilisis interesset at. Magna iracundia inciderint cum ut, at vis suscipit nominati efficiendi. Id intellegat inciderint usu, ea unum dicta scripta has, aeque dissentiet per id. Vel no feugiat graecis. Est purto dissentias ea.',0,0,1,0,NULL,NULL),(36,42,'Document 3','Lorem ipsum dolor sit amet, ne eam dicat nostrum. Ad zril principes vim, nec etiam alienum in, eos molestie facilisis interesset at. Magna iracundia inciderint cum ut, at vis suscipit nominati efficiendi. Id intellegat inciderint usu, ea unum dicta scripta has, aeque dissentiet per id. Vel no feugiat graecis. Est purto dissentias ea.',0,0,1,0,NULL,NULL),(37,43,'Document 1','Lorem ipsum dolor sit amet, ne eam dicat nostrum. Ad zril principes vim, nec etiam alienum in, eos molestie facilisis interesset at. Magna iracundia inciderint cum ut, at vis suscipit nominati efficiendi. Id intellegat inciderint usu, ea unum dicta scripta has, aeque dissentiet per id. Vel no feugiat graecis. Est purto dissentias ea.',0,0,1,0,NULL,NULL),(38,43,'Document 2','Lorem ipsum dolor sit amet, ne eam dicat nostrum. Ad zril principes vim, nec etiam alienum in, eos molestie facilisis interesset at. Magna iracundia inciderint cum ut, at vis suscipit nominati efficiendi. Id intellegat inciderint usu, ea unum dicta scripta has, aeque dissentiet per id. Vel no feugiat graecis. Est purto dissentias ea.',0,0,1,0,NULL,NULL),(39,43,'Document 3','Lorem ipsum dolor sit amet, ne eam dicat nostrum. Ad zril principes vim, nec etiam alienum in, eos molestie facilisis interesset at. Magna iracundia inciderint cum ut, at vis suscipit nominati efficiendi. Id intellegat inciderint usu, ea unum dicta scripta has, aeque dissentiet per id. Vel no feugiat graecis. Est purto dissentias ea.',0,0,1,0,NULL,NULL),(40,44,'Document 1','Lorem ipsum dolor sit amet, ne eam dicat nostrum. Ad zril principes vim, nec etiam alienum in, eos molestie facilisis interesset at. Magna iracundia inciderint cum ut, at vis suscipit nominati efficiendi. Id intellegat inciderint usu, ea unum dicta scripta has, aeque dissentiet per id. Vel no feugiat graecis. Est purto dissentias ea.',0,0,1,0,NULL,NULL),(41,44,'Document 2','Lorem ipsum dolor sit amet, ne eam dicat nostrum. Ad zril principes vim, nec etiam alienum in, eos molestie facilisis interesset at. Magna iracundia inciderint cum ut, at vis suscipit nominati efficiendi. Id intellegat inciderint usu, ea unum dicta scripta has, aeque dissentiet per id. Vel no feugiat graecis. Est purto dissentias ea.',0,0,1,0,NULL,NULL),(42,44,'Document 3','Lorem ipsum dolor sit amet, ne eam dicat nostrum. Ad zril principes vim, nec etiam alienum in, eos molestie facilisis interesset at. Magna iracundia inciderint cum ut, at vis suscipit nominati efficiendi. Id intellegat inciderint usu, ea unum dicta scripta has, aeque dissentiet per id. Vel no feugiat graecis. Est purto dissentias ea.',0,0,1,0,NULL,NULL),(43,45,'Document 1','Lorem ipsum dolor sit amet, ne eam dicat nostrum. Ad zril principes vim, nec etiam alienum in, eos molestie facilisis interesset at. Magna iracundia inciderint cum ut, at vis suscipit nominati efficiendi. Id intellegat inciderint usu, ea unum dicta scripta has, aeque dissentiet per id. Vel no feugiat graecis. Est purto dissentias ea.',0,0,1,0,NULL,NULL),(44,45,'Document 2','Lorem ipsum dolor sit amet, ne eam dicat nostrum. Ad zril principes vim, nec etiam alienum in, eos molestie facilisis interesset at. Magna iracundia inciderint cum ut, at vis suscipit nominati efficiendi. Id intellegat inciderint usu, ea unum dicta scripta has, aeque dissentiet per id. Vel no feugiat graecis. Est purto dissentias ea.',0,0,1,0,NULL,NULL),(45,45,'Document 3','Lorem ipsum dolor sit amet, ne eam dicat nostrum. Ad zril principes vim, nec etiam alienum in, eos molestie facilisis interesset at. Magna iracundia inciderint cum ut, at vis suscipit nominati efficiendi. Id intellegat inciderint usu, ea unum dicta scripta has, aeque dissentiet per id. Vel no feugiat graecis. Est purto dissentias ea.',0,0,1,0,NULL,NULL),(49,47,'Document 1','Lorem ipsum dolor sit amet, ne eam dicat nostrum. Ad zril principes vim, nec etiam alienum in, eos molestie facilisis interesset at. Magna iracundia inciderint cum ut, at vis suscipit nominati efficiendi. Id intellegat inciderint usu, ea unum dicta scripta has, aeque dissentiet per id. Vel no feugiat graecis. Est purto dissentias ea.',0,0,1,0,NULL,NULL),(50,47,'Document 2','Lorem ipsum dolor sit amet, ne eam dicat nostrum. Ad zril principes vim, nec etiam alienum in, eos molestie facilisis interesset at. Magna iracundia inciderint cum ut, at vis suscipit nominati efficiendi. Id intellegat inciderint usu, ea unum dicta scripta has, aeque dissentiet per id. Vel no feugiat graecis. Est purto dissentias ea.',0,0,1,0,NULL,NULL),(51,47,'Document 3','Lorem ipsum dolor sit amet, ne eam dicat nostrum. Ad zril principes vim, nec etiam alienum in, eos molestie facilisis interesset at. Magna iracundia inciderint cum ut, at vis suscipit nominati efficiendi. Id intellegat inciderint usu, ea unum dicta scripta has, aeque dissentiet per id. Vel no feugiat graecis. Est purto dissentias ea.',0,0,1,0,NULL,NULL);
/*!40000 ALTER TABLE `pd_document` ENABLE KEYS */;
UNLOCK TABLES;

--
-- Table structure for table `pd_environment`
--

DROP TABLE IF EXISTS `pd_environment`;
/*!40101 SET @saved_cs_client     = @@character_set_client */;
/*!40101 SET character_set_client = utf8 */;
CREATE TABLE `pd_environment` (
  `id` int(10) unsigned NOT NULL AUTO_INCREMENT,
  `project_details_id` int(10) unsigned NOT NULL,
  `description` text COLLATE utf8mb4_unicode_ci,
  `draft` tinyint(1) NOT NULL DEFAULT '0',
  `requested_modification` tinyint(1) NOT NULL DEFAULT '0',
  `published` tinyint(1) NOT NULL DEFAULT '1',
  `created_at` timestamp NULL DEFAULT NULL,
  `updated_at` timestamp NULL DEFAULT NULL,
  PRIMARY KEY (`id`),
  KEY `pd_environment_project_details_id_index` (`project_details_id`)
) ENGINE=InnoDB AUTO_INCREMENT=24 DEFAULT CHARSET=utf8mb4 COLLATE=utf8mb4_unicode_ci;
/*!40101 SET character_set_client = @saved_cs_client */;

--
-- Dumping data for table `pd_environment`
--

LOCK TABLES `pd_environment` WRITE;
/*!40000 ALTER TABLE `pd_environment` DISABLE KEYS */;
INSERT INTO `pd_environment` VALUES (1,10,NULL,0,0,1,'2020-01-20 11:44:55','2020-01-20 11:44:55'),(2,11,NULL,0,0,1,'2020-01-20 14:17:40','2020-01-20 14:17:40'),(3,12,NULL,0,0,1,'2020-01-20 18:00:36','2020-01-20 18:00:36'),(4,13,NULL,0,0,1,'2020-01-20 18:03:18','2020-01-20 18:03:18'),(5,14,NULL,0,0,1,'2020-01-22 11:05:47','2020-01-22 11:05:47'),(6,15,NULL,0,0,1,'2020-01-22 11:22:39','2020-01-22 11:22:39'),(7,16,NULL,0,0,1,'2020-01-22 11:25:52','2020-01-22 11:25:52'),(8,17,NULL,0,0,1,'2020-01-22 12:36:57','2020-01-22 12:36:57'),(9,18,NULL,0,0,1,'2020-01-22 12:39:26','2020-01-22 12:39:26'),(10,19,NULL,0,0,1,'2020-01-22 12:41:03','2020-01-22 12:41:03'),(11,20,NULL,0,0,1,'2020-01-22 12:42:46','2020-01-22 12:42:46'),(12,21,NULL,0,0,1,'2020-01-22 12:54:12','2020-01-22 12:54:12'),(13,22,NULL,0,0,1,'2020-01-22 12:57:03','2020-01-22 12:57:03'),(14,23,NULL,0,0,1,'2020-01-22 12:59:23','2020-01-22 12:59:23'),(15,24,NULL,0,0,1,'2020-01-22 13:00:50','2020-01-22 13:00:50'),(16,25,NULL,0,0,1,'2020-01-22 13:02:01','2020-01-22 13:02:01'),(17,26,NULL,0,0,1,'2020-01-22 13:04:15','2020-01-22 13:04:15'),(18,27,NULL,0,0,1,'2020-01-22 13:15:37','2020-01-22 13:15:37'),(19,28,NULL,0,0,1,'2020-01-28 07:43:13','2020-01-28 07:43:13'),(20,28,NULL,0,0,1,'2020-04-06 11:47:27','2020-04-06 11:47:27'),(21,29,NULL,0,0,1,'2020-04-08 09:14:23','2020-04-08 09:14:23'),(22,33,NULL,0,0,1,'2020-04-10 23:10:06','2020-04-10 23:10:06'),(23,30,NULL,0,0,1,'2020-06-01 08:53:20','2020-06-01 08:53:20');
/*!40000 ALTER TABLE `pd_environment` ENABLE KEYS */;
UNLOCK TABLES;

--
-- Table structure for table `pd_evaluation`
--

DROP TABLE IF EXISTS `pd_evaluation`;
/*!40101 SET @saved_cs_client     = @@character_set_client */;
/*!40101 SET character_set_client = utf8 */;
CREATE TABLE `pd_evaluation` (
  `id` int(10) unsigned NOT NULL AUTO_INCREMENT,
  `project_details_id` int(10) unsigned NOT NULL,
  `name` varchar(191) COLLATE utf8mb4_unicode_ci NOT NULL,
  `description` text COLLATE utf8mb4_unicode_ci NOT NULL,
  `draft` tinyint(1) NOT NULL DEFAULT '0',
  `requested_modification` tinyint(1) NOT NULL DEFAULT '0',
  `published` tinyint(1) NOT NULL DEFAULT '0',
  `created_at` timestamp NULL DEFAULT NULL,
  `updated_at` timestamp NULL DEFAULT NULL,
  PRIMARY KEY (`id`),
  KEY `pd_evaluation_project_details_id_index` (`project_details_id`),
  FULLTEXT KEY `pd_evaluation` (`name`,`description`),
  CONSTRAINT `pd_evaluation_project_details_id_foreign` FOREIGN KEY (`project_details_id`) REFERENCES `project_details` (`id`) ON DELETE CASCADE
) ENGINE=InnoDB DEFAULT CHARSET=utf8mb4 COLLATE=utf8mb4_unicode_ci;
/*!40101 SET character_set_client = @saved_cs_client */;

--
-- Dumping data for table `pd_evaluation`
--

LOCK TABLES `pd_evaluation` WRITE;
/*!40000 ALTER TABLE `pd_evaluation` DISABLE KEYS */;
/*!40000 ALTER TABLE `pd_evaluation` ENABLE KEYS */;
UNLOCK TABLES;

--
-- Table structure for table `pd_financial`
--

DROP TABLE IF EXISTS `pd_financial`;
/*!40101 SET @saved_cs_client     = @@character_set_client */;
/*!40101 SET character_set_client = utf8 */;
CREATE TABLE `pd_financial` (
  `id` int(10) unsigned NOT NULL AUTO_INCREMENT,
  `project_details_id` int(10) unsigned NOT NULL,
  `name` varchar(191) COLLATE utf8mb4_unicode_ci NOT NULL,
  `description` text COLLATE utf8mb4_unicode_ci,
  `draft` tinyint(1) NOT NULL DEFAULT '0',
  `requested_modification` tinyint(1) NOT NULL DEFAULT '0',
  `published` tinyint(1) NOT NULL DEFAULT '1',
  `position` int(11) NOT NULL DEFAULT '0',
  `created_at` timestamp NULL DEFAULT NULL,
  `updated_at` timestamp NULL DEFAULT NULL,
  `financial_category_id` int(10) unsigned DEFAULT NULL,
  PRIMARY KEY (`id`),
  KEY `pd_financial_project_details_id_index` (`project_details_id`),
  KEY `pd_financial_financial_category_id_foreign` (`financial_category_id`),
  FULLTEXT KEY `pd_financial` (`name`,`description`),
  CONSTRAINT `pd_financial_financial_category_id_foreign` FOREIGN KEY (`financial_category_id`) REFERENCES `pd_financial_categories` (`id`)
) ENGINE=InnoDB AUTO_INCREMENT=85 DEFAULT CHARSET=utf8mb4 COLLATE=utf8mb4_unicode_ci;
/*!40101 SET character_set_client = @saved_cs_client */;

--
-- Dumping data for table `pd_financial`
--

LOCK TABLES `pd_financial` WRITE;
/*!40000 ALTER TABLE `pd_financial` DISABLE KEYS */;
INSERT INTO `pd_financial` VALUES (1,1,'Equity-debt ratio','Lorem ipsum dolor sit amet, ne eam dicat nostrum. Ad zril principes vim, nec etiam alienum in, eos molestie facilisis interesset at.',0,0,1,1,NULL,NULL,NULL),(2,1,'Share capital','Lorem ipsum dolor sit amet, ne eam dicat nostrum. Ad zril principes vim, nec etiam alienum in, eos molestie facilisis interesset at.',0,0,1,2,NULL,NULL,NULL),(3,1,'Shareholders','Lorem ipsum dolor sit amet, ne eam dicat nostrum. Ad zril principes vim, nec etiam alienum in, eos molestie facilisis interesset at.',0,0,1,3,NULL,NULL,NULL),(4,1,'Other information','Lorem ipsum dolor sit amet, ne eam dicat nostrum. Ad zril principes vim, nec etiam alienum in, eos molestie facilisis interesset at.',0,0,1,4,NULL,NULL,NULL),(5,30,'Equity-debt ratio','Lorem ipsum dolor sit amet, ne eam dicat nostrum. Ad zril principes vim, nec etiam alienum in, eos molestie facilisis interesset at.',0,0,1,0,NULL,NULL,NULL),(6,30,'Share capital','Lorem ipsum dolor sit amet, ne eam dicat nostrum. Ad zril principes vim, nec etiam alienum in, eos molestie facilisis interesset at.',0,0,1,0,NULL,NULL,NULL),(7,30,'Shareholders','Lorem ipsum dolor sit amet, ne eam dicat nostrum. Ad zril principes vim, nec etiam alienum in, eos molestie facilisis interesset at.',0,0,1,0,NULL,NULL,NULL),(8,30,'Other information','Lorem ipsum dolor sit amet, ne eam dicat nostrum. Ad zril principes vim, nec etiam alienum in, eos molestie facilisis interesset at.',0,0,1,0,NULL,NULL,NULL),(9,31,'Equity-debt ratio','Lorem ipsum dolor sit amet, ne eam dicat nostrum. Ad zril principes vim, nec etiam alienum in, eos molestie facilisis interesset at.',0,0,1,0,NULL,NULL,NULL),(10,31,'Share capital','Lorem ipsum dolor sit amet, ne eam dicat nostrum. Ad zril principes vim, nec etiam alienum in, eos molestie facilisis interesset at.',0,0,1,0,NULL,NULL,NULL),(11,31,'Shareholders','Lorem ipsum dolor sit amet, ne eam dicat nostrum. Ad zril principes vim, nec etiam alienum in, eos molestie facilisis interesset at.',0,0,1,0,NULL,NULL,NULL),(12,31,'Other information','Lorem ipsum dolor sit amet, ne eam dicat nostrum. Ad zril principes vim, nec etiam alienum in, eos molestie facilisis interesset at.',0,0,1,0,NULL,NULL,NULL),(13,32,'Equity-debt ratio','Lorem ipsum dolor sit amet, ne eam dicat nostrum. Ad zril principes vim, nec etiam alienum in, eos molestie facilisis interesset at.',0,0,1,0,NULL,NULL,NULL),(14,32,'Share capital','Lorem ipsum dolor sit amet, ne eam dicat nostrum. Ad zril principes vim, nec etiam alienum in, eos molestie facilisis interesset at.',0,0,1,0,NULL,NULL,NULL),(15,32,'Shareholders','Lorem ipsum dolor sit amet, ne eam dicat nostrum. Ad zril principes vim, nec etiam alienum in, eos molestie facilisis interesset at.',0,0,1,0,NULL,NULL,NULL),(16,32,'Other information','Lorem ipsum dolor sit amet, ne eam dicat nostrum. Ad zril principes vim, nec etiam alienum in, eos molestie facilisis interesset at.',0,0,1,0,NULL,NULL,NULL),(17,31,'Equity-debt ratio','',0,0,1,0,NULL,NULL,NULL),(18,31,'Share capital','',0,0,1,0,NULL,NULL,NULL),(19,31,'Shareholders','',0,0,1,0,NULL,NULL,NULL),(20,31,'Other information','',0,0,1,0,NULL,NULL,NULL),(21,32,'Equity-debt ratio','Lorem ipsum dolor sit amet, ne eam dicat nostrum. Ad zril principes vim, nec etiam alienum in, eos molestie facilisis interesset at.',0,0,1,0,NULL,NULL,NULL),(22,32,'Share capital','Lorem ipsum dolor sit amet, ne eam dicat nostrum. Ad zril principes vim, nec etiam alienum in, eos molestie facilisis interesset at.',0,0,1,0,NULL,NULL,NULL),(23,32,'Shareholders','Lorem ipsum dolor sit amet, ne eam dicat nostrum. Ad zril principes vim, nec etiam alienum in, eos molestie facilisis interesset at.',0,0,1,0,NULL,NULL,NULL),(24,32,'Other information','Lorem ipsum dolor sit amet, ne eam dicat nostrum. Ad zril principes vim, nec etiam alienum in, eos molestie facilisis interesset at.',0,0,1,0,NULL,NULL,NULL),(25,33,'Equity-debt ratio','Lorem ipsum dolor sit amet, ne eam dicat nostrum. Ad zril principes vim, nec etiam alienum in, eos molestie facilisis interesset at.',0,0,1,0,NULL,NULL,NULL),(26,33,'Share capital','Lorem ipsum dolor sit amet, ne eam dicat nostrum. Ad zril principes vim, nec etiam alienum in, eos molestie facilisis interesset at.',0,0,1,0,NULL,NULL,NULL),(27,33,'Shareholders','Lorem ipsum dolor sit amet, ne eam dicat nostrum. Ad zril principes vim, nec etiam alienum in, eos molestie facilisis interesset at.',0,0,1,0,NULL,NULL,NULL),(28,33,'Other information','Lorem ipsum dolor sit amet, ne eam dicat nostrum. Ad zril principes vim, nec etiam alienum in, eos molestie facilisis interesset at.',0,0,1,0,NULL,NULL,NULL),(29,34,'Equity-debt ratio','Lorem ipsum dolor sit amet, ne eam dicat nostrum. Ad zril principes vim, nec etiam alienum in, eos molestie facilisis interesset at.',0,0,1,0,NULL,NULL,NULL),(30,34,'Share capital','Lorem ipsum dolor sit amet, ne eam dicat nostrum. Ad zril principes vim, nec etiam alienum in, eos molestie facilisis interesset at.',0,0,1,0,NULL,NULL,NULL),(31,34,'Shareholders','Lorem ipsum dolor sit amet, ne eam dicat nostrum. Ad zril principes vim, nec etiam alienum in, eos molestie facilisis interesset at.',0,0,1,0,NULL,NULL,NULL),(32,34,'Other information','Lorem ipsum dolor sit amet, ne eam dicat nostrum. Ad zril principes vim, nec etiam alienum in, eos molestie facilisis interesset at.',0,0,1,0,NULL,NULL,NULL),(33,35,'Equity-debt ratio','',0,0,1,0,NULL,NULL,NULL),(34,35,'Share capital','',0,0,1,0,NULL,NULL,NULL),(35,35,'Shareholders','',0,0,1,0,NULL,NULL,NULL),(36,35,'Other information','',0,0,1,0,NULL,NULL,NULL),(37,36,'Equity-debt ratio','',0,0,1,0,NULL,NULL,NULL),(38,36,'Share capital','',0,0,1,0,NULL,NULL,NULL),(39,36,'Shareholders','',0,0,1,0,NULL,NULL,NULL),(40,36,'Other information','',0,0,1,0,NULL,NULL,NULL),(41,37,'Equity-debt ratio','',0,0,1,0,NULL,NULL,NULL),(42,37,'Share capital','',0,0,1,0,NULL,NULL,NULL),(43,37,'Shareholders','',0,0,1,0,NULL,NULL,NULL),(44,37,'Other information','',0,0,1,0,NULL,NULL,NULL),(45,38,'Equity-debt ratio','Lorem ipsum dolor sit amet, ne eam dicat nostrum. Ad zril principes vim, nec etiam alienum in, eos molestie facilisis interesset at.',0,0,1,0,NULL,NULL,NULL),(46,38,'Share capital','Lorem ipsum dolor sit amet, ne eam dicat nostrum. Ad zril principes vim, nec etiam alienum in, eos molestie facilisis interesset at.',0,0,1,0,NULL,NULL,NULL),(47,38,'Shareholders','Lorem ipsum dolor sit amet, ne eam dicat nostrum. Ad zril principes vim, nec etiam alienum in, eos molestie facilisis interesset at.',0,0,1,0,NULL,NULL,NULL),(48,38,'Other information','Lorem ipsum dolor sit amet, ne eam dicat nostrum. Ad zril principes vim, nec etiam alienum in, eos molestie facilisis interesset at.',0,0,1,0,NULL,NULL,NULL),(49,39,'Equity-debt ratio','',0,0,1,0,NULL,NULL,NULL),(50,39,'Share capital','',0,0,1,0,NULL,NULL,NULL),(51,39,'Shareholders','',0,0,1,0,NULL,NULL,NULL),(52,39,'Other information','',0,0,1,0,NULL,NULL,NULL),(53,40,'Equity-debt ratio','Lorem ipsum dolor sit amet, ne eam dicat nostrum. Ad zril principes vim, nec etiam alienum in, eos molestie facilisis interesset at.',0,0,1,0,NULL,NULL,NULL),(54,40,'Share capital','Lorem ipsum dolor sit amet, ne eam dicat nostrum. Ad zril principes vim, nec etiam alienum in, eos molestie facilisis interesset at.',0,0,1,0,NULL,NULL,NULL),(55,40,'Shareholders','Lorem ipsum dolor sit amet, ne eam dicat nostrum. Ad zril principes vim, nec etiam alienum in, eos molestie facilisis interesset at.',0,0,1,0,NULL,NULL,NULL),(56,40,'Other information','Lorem ipsum dolor sit amet, ne eam dicat nostrum. Ad zril principes vim, nec etiam alienum in, eos molestie facilisis interesset at.',0,0,1,0,NULL,NULL,NULL),(57,41,'Equity-debt ratio','Lorem ipsum dolor sit amet, ne eam dicat nostrum. Ad zril principes vim, nec etiam alienum in, eos molestie facilisis interesset at.',0,0,1,0,NULL,NULL,NULL),(58,41,'Share capital','Lorem ipsum dolor sit amet, ne eam dicat nostrum. Ad zril principes vim, nec etiam alienum in, eos molestie facilisis interesset at.',0,0,1,0,NULL,NULL,NULL),(59,41,'Shareholders','Lorem ipsum dolor sit amet, ne eam dicat nostrum. Ad zril principes vim, nec etiam alienum in, eos molestie facilisis interesset at.',0,0,1,0,NULL,NULL,NULL),(60,41,'Other information','Lorem ipsum dolor sit amet, ne eam dicat nostrum. Ad zril principes vim, nec etiam alienum in, eos molestie facilisis interesset at.',0,0,1,0,NULL,NULL,NULL),(61,42,'Equity-debt ratio','Lorem ipsum dolor sit amet, ne eam dicat nostrum. Ad zril principes vim, nec etiam alienum in, eos molestie facilisis interesset at.',0,0,1,0,NULL,NULL,NULL),(62,42,'Share capital','Lorem ipsum dolor sit amet, ne eam dicat nostrum. Ad zril principes vim, nec etiam alienum in, eos molestie facilisis interesset at.',0,0,1,0,NULL,NULL,NULL),(63,42,'Shareholders','Lorem ipsum dolor sit amet, ne eam dicat nostrum. Ad zril principes vim, nec etiam alienum in, eos molestie facilisis interesset at.',0,0,1,0,NULL,NULL,NULL),(64,42,'Other information','Lorem ipsum dolor sit amet, ne eam dicat nostrum. Ad zril principes vim, nec etiam alienum in, eos molestie facilisis interesset at.',0,0,1,0,NULL,NULL,NULL),(65,43,'Equity-debt ratio','Lorem ipsum dolor sit amet, ne eam dicat nostrum. Ad zril principes vim, nec etiam alienum in, eos molestie facilisis interesset at.',0,0,1,0,NULL,NULL,NULL),(66,43,'Share capital','Lorem ipsum dolor sit amet, ne eam dicat nostrum. Ad zril principes vim, nec etiam alienum in, eos molestie facilisis interesset at.',0,0,1,0,NULL,NULL,NULL),(67,43,'Shareholders','Lorem ipsum dolor sit amet, ne eam dicat nostrum. Ad zril principes vim, nec etiam alienum in, eos molestie facilisis interesset at.',0,0,1,0,NULL,NULL,NULL),(68,43,'Other information','Lorem ipsum dolor sit amet, ne eam dicat nostrum. Ad zril principes vim, nec etiam alienum in, eos molestie facilisis interesset at.',0,0,1,0,NULL,NULL,NULL),(69,44,'Equity-debt ratio','Lorem ipsum dolor sit amet, ne eam dicat nostrum. Ad zril principes vim, nec etiam alienum in, eos molestie facilisis interesset at.',0,0,1,0,NULL,NULL,NULL),(70,44,'Share capital','Lorem ipsum dolor sit amet, ne eam dicat nostrum. Ad zril principes vim, nec etiam alienum in, eos molestie facilisis interesset at.',0,0,1,0,NULL,NULL,NULL),(71,44,'Shareholders','Lorem ipsum dolor sit amet, ne eam dicat nostrum. Ad zril principes vim, nec etiam alienum in, eos molestie facilisis interesset at.',0,0,1,0,NULL,NULL,NULL),(72,44,'Other information','Lorem ipsum dolor sit amet, ne eam dicat nostrum. Ad zril principes vim, nec etiam alienum in, eos molestie facilisis interesset at.',0,0,1,0,NULL,NULL,NULL),(73,45,'Equity-debt ratio','Lorem ipsum dolor sit amet, ne eam dicat nostrum. Ad zril principes vim, nec etiam alienum in, eos molestie facilisis interesset at.',0,0,1,0,NULL,NULL,NULL),(74,45,'Share capital','Lorem ipsum dolor sit amet, ne eam dicat nostrum. Ad zril principes vim, nec etiam alienum in, eos molestie facilisis interesset at.',0,0,1,0,NULL,NULL,NULL),(75,45,'Shareholders','Lorem ipsum dolor sit amet, ne eam dicat nostrum. Ad zril principes vim, nec etiam alienum in, eos molestie facilisis interesset at.',0,0,1,0,NULL,NULL,NULL),(76,45,'Other information','Lorem ipsum dolor sit amet, ne eam dicat nostrum. Ad zril principes vim, nec etiam alienum in, eos molestie facilisis interesset at.',0,0,1,0,NULL,NULL,NULL),(77,46,'Equity-debt ratio','Lorem ipsum dolor sit amet, ne eam dicat nostrum. Ad zril principes vim, nec etiam alienum in, eos molestie facilisis interesset at.',0,0,1,0,NULL,NULL,NULL),(78,46,'Share capital','Lorem ipsum dolor sit amet, ne eam dicat nostrum. Ad zril principes vim, nec etiam alienum in, eos molestie facilisis interesset at.',0,0,1,0,NULL,NULL,NULL),(79,46,'Shareholders','Lorem ipsum dolor sit amet, ne eam dicat nostrum. Ad zril principes vim, nec etiam alienum in, eos molestie facilisis interesset at.',0,0,1,0,NULL,NULL,NULL),(80,46,'Other information','Lorem ipsum dolor sit amet, ne eam dicat nostrum. Ad zril principes vim, nec etiam alienum in, eos molestie facilisis interesset at.',0,0,1,0,NULL,NULL,NULL),(81,47,'Equity-debt ratio','Lorem ipsum dolor sit amet, ne eam dicat nostrum. Ad zril principes vim, nec etiam alienum in, eos molestie facilisis interesset at.',0,0,1,0,NULL,NULL,NULL),(82,47,'Share capital','Lorem ipsum dolor sit amet, ne eam dicat nostrum. Ad zril principes vim, nec etiam alienum in, eos molestie facilisis interesset at.',0,0,1,0,NULL,NULL,NULL),(83,47,'Shareholders','Lorem ipsum dolor sit amet, ne eam dicat nostrum. Ad zril principes vim, nec etiam alienum in, eos molestie facilisis interesset at.',0,0,1,0,NULL,NULL,NULL),(84,47,'Other information','Lorem ipsum dolor sit amet, ne eam dicat nostrum. Ad zril principes vim, nec etiam alienum in, eos molestie facilisis interesset at.',0,0,1,0,NULL,NULL,NULL);
/*!40000 ALTER TABLE `pd_financial` ENABLE KEYS */;
UNLOCK TABLES;

--
-- Table structure for table `pd_financial_categories`
--

DROP TABLE IF EXISTS `pd_financial_categories`;
/*!40101 SET @saved_cs_client     = @@character_set_client */;
/*!40101 SET character_set_client = utf8 */;
CREATE TABLE `pd_financial_categories` (
  `id` int(10) unsigned NOT NULL AUTO_INCREMENT,
  `code` varchar(191) COLLATE utf8mb4_unicode_ci NOT NULL,
  `name` varchar(191) COLLATE utf8mb4_unicode_ci NOT NULL,
  `created_at` timestamp NULL DEFAULT NULL,
  `updated_at` timestamp NULL DEFAULT NULL,
  PRIMARY KEY (`id`)
) ENGINE=InnoDB AUTO_INCREMENT=7 DEFAULT CHARSET=utf8mb4 COLLATE=utf8mb4_unicode_ci;
/*!40101 SET character_set_client = @saved_cs_client */;

--
-- Dumping data for table `pd_financial_categories`
--

LOCK TABLES `pd_financial_categories` WRITE;
/*!40000 ALTER TABLE `pd_financial_categories` DISABLE KEYS */;
INSERT INTO `pd_financial_categories` VALUES (1,'equity','Equity',NULL,NULL),(2,'seniorDebt','Senior debt',NULL,NULL),(3,'mezzanineDebt','Mezzanine debt',NULL,NULL),(4,'grant','Grant',NULL,NULL),(5,'guarantee','Guarantee',NULL,NULL),(6,'other','Other debts or investments',NULL,NULL);
/*!40000 ALTER TABLE `pd_financial_categories` ENABLE KEYS */;
UNLOCK TABLES;

--
-- Table structure for table `pd_government_support`
--

DROP TABLE IF EXISTS `pd_government_support`;
/*!40101 SET @saved_cs_client     = @@character_set_client */;
/*!40101 SET character_set_client = utf8 */;
CREATE TABLE `pd_government_support` (
  `id` int(10) unsigned NOT NULL AUTO_INCREMENT,
  `project_details_id` int(10) unsigned NOT NULL,
  `name` varchar(191) COLLATE utf8mb4_unicode_ci NOT NULL,
  `description` text COLLATE utf8mb4_unicode_ci,
  `draft` tinyint(1) NOT NULL DEFAULT '0',
  `requested_modification` tinyint(1) NOT NULL DEFAULT '0',
  `published` tinyint(1) NOT NULL DEFAULT '1',
  `position` int(11) NOT NULL DEFAULT '0',
  `created_at` timestamp NULL DEFAULT NULL,
  `updated_at` timestamp NULL DEFAULT NULL,
  PRIMARY KEY (`id`),
  KEY `pd_government_support_project_details_id_index` (`project_details_id`),
  FULLTEXT KEY `pd_government_support` (`name`,`description`),
  CONSTRAINT `pd_government_support_project_details_id_foreign` FOREIGN KEY (`project_details_id`) REFERENCES `project_details` (`id`) ON DELETE CASCADE
) ENGINE=InnoDB AUTO_INCREMENT=103 DEFAULT CHARSET=utf8mb4 COLLATE=utf8mb4_unicode_ci;
/*!40101 SET character_set_client = @saved_cs_client */;

--
-- Dumping data for table `pd_government_support`
--

LOCK TABLES `pd_government_support` WRITE;
/*!40000 ALTER TABLE `pd_government_support` DISABLE KEYS */;
INSERT INTO `pd_government_support` VALUES (7,32,'Guarantees','Lorem ipsum dolor sit amet, ne eam dicat nostrum. Ad zril principes vim, nec etiam alienum in, eos molestie facilisis interesset at. Magna iracundia inciderint cum ut, at vis suscipit nominati efficiendi. Id intellegat inciderint usu, ea unum dicta scripta has, aeque dissentiet per id. Vel no feugiat graecis. Est purto dissentias ea.',0,0,1,0,NULL,NULL),(8,32,'Grants','Lorem ipsum dolor sit amet, ne eam dicat nostrum. Ad zril principes vim, nec etiam alienum in, eos molestie facilisis interesset at. Magna iracundia inciderint cum ut, at vis suscipit nominati efficiendi. Id intellegat inciderint usu, ea unum dicta scripta has, aeque dissentiet per id. Vel no feugiat graecis. Est purto dissentias ea.',0,0,1,0,NULL,NULL),(9,32,'Service payments','Lorem ipsum dolor sit amet, ne eam dicat nostrum. Ad zril principes vim, nec etiam alienum in, eos molestie facilisis interesset at. Magna iracundia inciderint cum ut, at vis suscipit nominati efficiendi. Id intellegat inciderint usu, ea unum dicta scripta has, aeque dissentiet per id. Vel no feugiat graecis. Est purto dissentias ea.',0,0,1,0,NULL,NULL),(10,32,'Land Leases, Asset Transfers','Lorem ipsum dolor sit amet, ne eam dicat nostrum. Ad zril principes vim, nec etiam alienum in, eos molestie facilisis interesset at. Magna iracundia inciderint cum ut, at vis suscipit nominati efficiendi. Id intellegat inciderint usu, ea unum dicta scripta has, aeque dissentiet per id. Vel no feugiat graecis. Est purto dissentias ea.',0,0,1,0,NULL,NULL),(11,32,'Other support','Lorem ipsum dolor sit amet, ne eam dicat nostrum. Ad zril principes vim, nec etiam alienum in, eos molestie facilisis interesset at. Magna iracundia inciderint cum ut, at vis suscipit nominati efficiendi. Id intellegat inciderint usu, ea unum dicta scripta has, aeque dissentiet per id. Vel no feugiat graecis. Est purto dissentias ea.',0,0,1,0,NULL,NULL),(12,32,'Revenue share','Lorem ipsum dolor sit amet, ne eam dicat nostrum. Ad zril principes vim, nec etiam alienum in, eos molestie facilisis interesset at. Magna iracundia inciderint cum ut, at vis suscipit nominati efficiendi. Id intellegat inciderint usu, ea unum dicta scripta has, aeque dissentiet per id. Vel no feugiat graecis. Est purto dissentias ea.',0,0,1,0,NULL,NULL),(13,33,'Guarantees','Lorem ipsum dolor sit amet, ne eam dicat nostrum. Ad zril principes vim, nec etiam alienum in, eos molestie facilisis interesset at. Magna iracundia inciderint cum ut, at vis suscipit nominati efficiendi. Id intellegat inciderint usu, ea unum dicta scripta has, aeque dissentiet per id. Vel no feugiat graecis. Est purto dissentias ea.',0,0,1,0,NULL,NULL),(14,33,'Grants','Lorem ipsum dolor sit amet, ne eam dicat nostrum. Ad zril principes vim, nec etiam alienum in, eos molestie facilisis interesset at. Magna iracundia inciderint cum ut, at vis suscipit nominati efficiendi. Id intellegat inciderint usu, ea unum dicta scripta has, aeque dissentiet per id. Vel no feugiat graecis. Est purto dissentias ea.',0,0,1,0,NULL,NULL),(15,33,'Service payments','Lorem ipsum dolor sit amet, ne eam dicat nostrum. Ad zril principes vim, nec etiam alienum in, eos molestie facilisis interesset at. Magna iracundia inciderint cum ut, at vis suscipit nominati efficiendi. Id intellegat inciderint usu, ea unum dicta scripta has, aeque dissentiet per id. Vel no feugiat graecis. Est purto dissentias ea.',0,0,1,0,NULL,NULL),(16,33,'Land Leases, Asset Transfers','Lorem ipsum dolor sit amet, ne eam dicat nostrum. Ad zril principes vim, nec etiam alienum in, eos molestie facilisis interesset at. Magna iracundia inciderint cum ut, at vis suscipit nominati efficiendi. Id intellegat inciderint usu, ea unum dicta scripta has, aeque dissentiet per id. Vel no feugiat graecis. Est purto dissentias ea.',0,0,1,0,NULL,NULL),(17,33,'Other support','Lorem ipsum dolor sit amet, ne eam dicat nostrum. Ad zril principes vim, nec etiam alienum in, eos molestie facilisis interesset at. Magna iracundia inciderint cum ut, at vis suscipit nominati efficiendi. Id intellegat inciderint usu, ea unum dicta scripta has, aeque dissentiet per id. Vel no feugiat graecis. Est purto dissentias ea.',0,0,1,0,NULL,NULL),(18,33,'Revenue share','Lorem ipsum dolor sit amet, ne eam dicat nostrum. Ad zril principes vim, nec etiam alienum in, eos molestie facilisis interesset at. Magna iracundia inciderint cum ut, at vis suscipit nominati efficiendi. Id intellegat inciderint usu, ea unum dicta scripta has, aeque dissentiet per id. Vel no feugiat graecis. Est purto dissentias ea.',0,0,1,0,NULL,NULL),(19,34,'Guarantees','Lorem ipsum dolor sit amet, ne eam dicat nostrum. Ad zril principes vim, nec etiam alienum in, eos molestie facilisis interesset at. Magna iracundia inciderint cum ut, at vis suscipit nominati efficiendi. Id intellegat inciderint usu, ea unum dicta scripta has, aeque dissentiet per id. Vel no feugiat graecis. Est purto dissentias ea.',0,0,1,0,NULL,NULL),(20,34,'Grants','Lorem ipsum dolor sit amet, ne eam dicat nostrum. Ad zril principes vim, nec etiam alienum in, eos molestie facilisis interesset at. Magna iracundia inciderint cum ut, at vis suscipit nominati efficiendi. Id intellegat inciderint usu, ea unum dicta scripta has, aeque dissentiet per id. Vel no feugiat graecis. Est purto dissentias ea.',0,0,1,0,NULL,NULL),(21,34,'Service payments','Lorem ipsum dolor sit amet, ne eam dicat nostrum. Ad zril principes vim, nec etiam alienum in, eos molestie facilisis interesset at. Magna iracundia inciderint cum ut, at vis suscipit nominati efficiendi. Id intellegat inciderint usu, ea unum dicta scripta has, aeque dissentiet per id. Vel no feugiat graecis. Est purto dissentias ea.',0,0,1,0,NULL,NULL),(22,34,'Land Leases, Asset Transfers','Lorem ipsum dolor sit amet, ne eam dicat nostrum. Ad zril principes vim, nec etiam alienum in, eos molestie facilisis interesset at. Magna iracundia inciderint cum ut, at vis suscipit nominati efficiendi. Id intellegat inciderint usu, ea unum dicta scripta has, aeque dissentiet per id. Vel no feugiat graecis. Est purto dissentias ea.',0,0,1,0,NULL,NULL),(23,34,'Other support','Lorem ipsum dolor sit amet, ne eam dicat nostrum. Ad zril principes vim, nec etiam alienum in, eos molestie facilisis interesset at. Magna iracundia inciderint cum ut, at vis suscipit nominati efficiendi. Id intellegat inciderint usu, ea unum dicta scripta has, aeque dissentiet per id. Vel no feugiat graecis. Est purto dissentias ea.',0,0,1,0,NULL,NULL),(24,34,'Revenue share','Lorem ipsum dolor sit amet, ne eam dicat nostrum. Ad zril principes vim, nec etiam alienum in, eos molestie facilisis interesset at. Magna iracundia inciderint cum ut, at vis suscipit nominati efficiendi. Id intellegat inciderint usu, ea unum dicta scripta has, aeque dissentiet per id. Vel no feugiat graecis. Est purto dissentias ea.',0,0,1,0,NULL,NULL),(31,36,'Guarantees','',0,0,1,0,NULL,NULL),(32,36,'Grants','',0,0,1,0,NULL,NULL),(33,36,'Service payments','',0,0,1,0,NULL,NULL),(34,36,'Land Leases, Asset Transfers','',0,0,1,0,NULL,NULL),(35,36,'Other support','',0,0,1,0,NULL,NULL),(36,36,'Revenue share','',0,0,1,0,NULL,NULL),(37,37,'Guarantees','',0,0,1,0,NULL,NULL),(38,37,'Grants','',0,0,1,0,NULL,NULL),(39,37,'Service payments','',0,0,1,0,NULL,NULL),(40,37,'Land Leases, Asset Transfers','',0,0,1,0,NULL,NULL),(41,37,'Other support','',0,0,1,0,NULL,NULL),(42,37,'Revenue share','',0,0,1,0,NULL,NULL),(43,38,'Guarantees','Lorem ipsum dolor sit amet, ne eam dicat nostrum. Ad zril principes vim, nec etiam alienum in, eos molestie facilisis interesset at. Magna iracundia inciderint cum ut, at vis suscipit nominati efficiendi. Id intellegat inciderint usu, ea unum dicta scripta has, aeque dissentiet per id. Vel no feugiat graecis. Est purto dissentias ea.',0,0,1,0,NULL,NULL),(44,38,'Grants','Lorem ipsum dolor sit amet, ne eam dicat nostrum. Ad zril principes vim, nec etiam alienum in, eos molestie facilisis interesset at. Magna iracundia inciderint cum ut, at vis suscipit nominati efficiendi. Id intellegat inciderint usu, ea unum dicta scripta has, aeque dissentiet per id. Vel no feugiat graecis. Est purto dissentias ea.',0,0,1,0,NULL,NULL),(45,38,'Service payments','Lorem ipsum dolor sit amet, ne eam dicat nostrum. Ad zril principes vim, nec etiam alienum in, eos molestie facilisis interesset at. Magna iracundia inciderint cum ut, at vis suscipit nominati efficiendi. Id intellegat inciderint usu, ea unum dicta scripta has, aeque dissentiet per id. Vel no feugiat graecis. Est purto dissentias ea.',0,0,1,0,NULL,NULL),(46,38,'Land Leases, Asset Transfers','Lorem ipsum dolor sit amet, ne eam dicat nostrum. Ad zril principes vim, nec etiam alienum in, eos molestie facilisis interesset at. Magna iracundia inciderint cum ut, at vis suscipit nominati efficiendi. Id intellegat inciderint usu, ea unum dicta scripta has, aeque dissentiet per id. Vel no feugiat graecis. Est purto dissentias ea.',0,0,1,0,NULL,NULL),(47,38,'Other support','Lorem ipsum dolor sit amet, ne eam dicat nostrum. Ad zril principes vim, nec etiam alienum in, eos molestie facilisis interesset at. Magna iracundia inciderint cum ut, at vis suscipit nominati efficiendi. Id intellegat inciderint usu, ea unum dicta scripta has, aeque dissentiet per id. Vel no feugiat graecis. Est purto dissentias ea.',0,0,1,0,NULL,NULL),(48,38,'Revenue share','Lorem ipsum dolor sit amet, ne eam dicat nostrum. Ad zril principes vim, nec etiam alienum in, eos molestie facilisis interesset at. Magna iracundia inciderint cum ut, at vis suscipit nominati efficiendi. Id intellegat inciderint usu, ea unum dicta scripta has, aeque dissentiet per id. Vel no feugiat graecis. Est purto dissentias ea.',0,0,1,0,NULL,NULL),(49,39,'Guarantees','',0,0,1,0,NULL,NULL),(50,39,'Grants','',0,0,1,0,NULL,NULL),(51,39,'Service payments','',0,0,1,0,NULL,NULL),(52,39,'Land Leases, Asset Transfers','',0,0,1,0,NULL,NULL),(53,39,'Other support','',0,0,1,0,NULL,NULL),(54,39,'Revenue share','',0,0,1,0,NULL,NULL),(55,40,'Guarantees','Lorem ipsum dolor sit amet, ne eam dicat nostrum. Ad zril principes vim, nec etiam alienum in, eos molestie facilisis interesset at. Magna iracundia inciderint cum ut, at vis suscipit nominati efficiendi. Id intellegat inciderint usu, ea unum dicta scripta has, aeque dissentiet per id. Vel no feugiat graecis. Est purto dissentias ea.',0,0,1,0,NULL,NULL),(56,40,'Grants','Lorem ipsum dolor sit amet, ne eam dicat nostrum. Ad zril principes vim, nec etiam alienum in, eos molestie facilisis interesset at. Magna iracundia inciderint cum ut, at vis suscipit nominati efficiendi. Id intellegat inciderint usu, ea unum dicta scripta has, aeque dissentiet per id. Vel no feugiat graecis. Est purto dissentias ea.',0,0,1,0,NULL,NULL),(57,40,'Service payments','Lorem ipsum dolor sit amet, ne eam dicat nostrum. Ad zril principes vim, nec etiam alienum in, eos molestie facilisis interesset at. Magna iracundia inciderint cum ut, at vis suscipit nominati efficiendi. Id intellegat inciderint usu, ea unum dicta scripta has, aeque dissentiet per id. Vel no feugiat graecis. Est purto dissentias ea.',0,0,1,0,NULL,NULL),(58,40,'Land Leases, Asset Transfers','Lorem ipsum dolor sit amet, ne eam dicat nostrum. Ad zril principes vim, nec etiam alienum in, eos molestie facilisis interesset at. Magna iracundia inciderint cum ut, at vis suscipit nominati efficiendi. Id intellegat inciderint usu, ea unum dicta scripta has, aeque dissentiet per id. Vel no feugiat graecis. Est purto dissentias ea.',0,0,1,0,NULL,NULL),(59,40,'Other support','Lorem ipsum dolor sit amet, ne eam dicat nostrum. Ad zril principes vim, nec etiam alienum in, eos molestie facilisis interesset at. Magna iracundia inciderint cum ut, at vis suscipit nominati efficiendi. Id intellegat inciderint usu, ea unum dicta scripta has, aeque dissentiet per id. Vel no feugiat graecis. Est purto dissentias ea.',0,0,1,0,NULL,NULL),(60,40,'Revenue share','Lorem ipsum dolor sit amet, ne eam dicat nostrum. Ad zril principes vim, nec etiam alienum in, eos molestie facilisis interesset at. Magna iracundia inciderint cum ut, at vis suscipit nominati efficiendi. Id intellegat inciderint usu, ea unum dicta scripta has, aeque dissentiet per id. Vel no feugiat graecis. Est purto dissentias ea.',0,0,1,0,NULL,NULL),(61,41,'Guarantees','Lorem ipsum dolor sit amet, ne eam dicat nostrum. Ad zril principes vim, nec etiam alienum in, eos molestie facilisis interesset at. Magna iracundia inciderint cum ut, at vis suscipit nominati efficiendi. Id intellegat inciderint usu, ea unum dicta scripta has, aeque dissentiet per id. Vel no feugiat graecis. Est purto dissentias ea.',0,0,1,0,NULL,NULL),(62,41,'Grants','Lorem ipsum dolor sit amet, ne eam dicat nostrum. Ad zril principes vim, nec etiam alienum in, eos molestie facilisis interesset at. Magna iracundia inciderint cum ut, at vis suscipit nominati efficiendi. Id intellegat inciderint usu, ea unum dicta scripta has, aeque dissentiet per id. Vel no feugiat graecis. Est purto dissentias ea.',0,0,1,0,NULL,NULL),(63,41,'Service payments','Lorem ipsum dolor sit amet, ne eam dicat nostrum. Ad zril principes vim, nec etiam alienum in, eos molestie facilisis interesset at. Magna iracundia inciderint cum ut, at vis suscipit nominati efficiendi. Id intellegat inciderint usu, ea unum dicta scripta has, aeque dissentiet per id. Vel no feugiat graecis. Est purto dissentias ea.',0,0,1,0,NULL,NULL),(64,41,'Land Leases, Asset Transfers','Lorem ipsum dolor sit amet, ne eam dicat nostrum. Ad zril principes vim, nec etiam alienum in, eos molestie facilisis interesset at. Magna iracundia inciderint cum ut, at vis suscipit nominati efficiendi. Id intellegat inciderint usu, ea unum dicta scripta has, aeque dissentiet per id. Vel no feugiat graecis. Est purto dissentias ea.',0,0,1,0,NULL,NULL),(65,41,'Other support','Lorem ipsum dolor sit amet, ne eam dicat nostrum. Ad zril principes vim, nec etiam alienum in, eos molestie facilisis interesset at. Magna iracundia inciderint cum ut, at vis suscipit nominati efficiendi. Id intellegat inciderint usu, ea unum dicta scripta has, aeque dissentiet per id. Vel no feugiat graecis. Est purto dissentias ea.',0,0,1,0,NULL,NULL),(66,41,'Revenue share','Lorem ipsum dolor sit amet, ne eam dicat nostrum. Ad zril principes vim, nec etiam alienum in, eos molestie facilisis interesset at. Magna iracundia inciderint cum ut, at vis suscipit nominati efficiendi. Id intellegat inciderint usu, ea unum dicta scripta has, aeque dissentiet per id. Vel no feugiat graecis. Est purto dissentias ea.',0,0,1,0,NULL,NULL),(67,42,'Guarantees','Lorem ipsum dolor sit amet, ne eam dicat nostrum. Ad zril principes vim, nec etiam alienum in, eos molestie facilisis interesset at. Magna iracundia inciderint cum ut, at vis suscipit nominati efficiendi. Id intellegat inciderint usu, ea unum dicta scripta has, aeque dissentiet per id. Vel no feugiat graecis. Est purto dissentias ea.',0,0,1,0,NULL,NULL),(68,42,'Grants','Lorem ipsum dolor sit amet, ne eam dicat nostrum. Ad zril principes vim, nec etiam alienum in, eos molestie facilisis interesset at. Magna iracundia inciderint cum ut, at vis suscipit nominati efficiendi. Id intellegat inciderint usu, ea unum dicta scripta has, aeque dissentiet per id. Vel no feugiat graecis. Est purto dissentias ea.',0,0,1,0,NULL,NULL),(69,42,'Service payments','Lorem ipsum dolor sit amet, ne eam dicat nostrum. Ad zril principes vim, nec etiam alienum in, eos molestie facilisis interesset at. Magna iracundia inciderint cum ut, at vis suscipit nominati efficiendi. Id intellegat inciderint usu, ea unum dicta scripta has, aeque dissentiet per id. Vel no feugiat graecis. Est purto dissentias ea.',0,0,1,0,NULL,NULL),(70,42,'Land Leases, Asset Transfers','Lorem ipsum dolor sit amet, ne eam dicat nostrum. Ad zril principes vim, nec etiam alienum in, eos molestie facilisis interesset at. Magna iracundia inciderint cum ut, at vis suscipit nominati efficiendi. Id intellegat inciderint usu, ea unum dicta scripta has, aeque dissentiet per id. Vel no feugiat graecis. Est purto dissentias ea.',0,0,1,0,NULL,NULL),(71,42,'Other support','Lorem ipsum dolor sit amet, ne eam dicat nostrum. Ad zril principes vim, nec etiam alienum in, eos molestie facilisis interesset at. Magna iracundia inciderint cum ut, at vis suscipit nominati efficiendi. Id intellegat inciderint usu, ea unum dicta scripta has, aeque dissentiet per id. Vel no feugiat graecis. Est purto dissentias ea.',0,0,1,0,NULL,NULL),(72,42,'Revenue share','Lorem ipsum dolor sit amet, ne eam dicat nostrum. Ad zril principes vim, nec etiam alienum in, eos molestie facilisis interesset at. Magna iracundia inciderint cum ut, at vis suscipit nominati efficiendi. Id intellegat inciderint usu, ea unum dicta scripta has, aeque dissentiet per id. Vel no feugiat graecis. Est purto dissentias ea.',0,0,1,0,NULL,NULL),(73,43,'Guarantees','Lorem ipsum dolor sit amet, ne eam dicat nostrum. Ad zril principes vim, nec etiam alienum in, eos molestie facilisis interesset at. Magna iracundia inciderint cum ut, at vis suscipit nominati efficiendi. Id intellegat inciderint usu, ea unum dicta scripta has, aeque dissentiet per id. Vel no feugiat graecis. Est purto dissentias ea.',0,0,1,0,NULL,NULL),(74,43,'Grants','Lorem ipsum dolor sit amet, ne eam dicat nostrum. Ad zril principes vim, nec etiam alienum in, eos molestie facilisis interesset at. Magna iracundia inciderint cum ut, at vis suscipit nominati efficiendi. Id intellegat inciderint usu, ea unum dicta scripta has, aeque dissentiet per id. Vel no feugiat graecis. Est purto dissentias ea.',0,0,1,0,NULL,NULL),(75,43,'Service payments','Lorem ipsum dolor sit amet, ne eam dicat nostrum. Ad zril principes vim, nec etiam alienum in, eos molestie facilisis interesset at. Magna iracundia inciderint cum ut, at vis suscipit nominati efficiendi. Id intellegat inciderint usu, ea unum dicta scripta has, aeque dissentiet per id. Vel no feugiat graecis. Est purto dissentias ea.',0,0,1,0,NULL,NULL),(76,43,'Land Leases, Asset Transfers','Lorem ipsum dolor sit amet, ne eam dicat nostrum. Ad zril principes vim, nec etiam alienum in, eos molestie facilisis interesset at. Magna iracundia inciderint cum ut, at vis suscipit nominati efficiendi. Id intellegat inciderint usu, ea unum dicta scripta has, aeque dissentiet per id. Vel no feugiat graecis. Est purto dissentias ea.',0,0,1,0,NULL,NULL),(77,43,'Other support','Lorem ipsum dolor sit amet, ne eam dicat nostrum. Ad zril principes vim, nec etiam alienum in, eos molestie facilisis interesset at. Magna iracundia inciderint cum ut, at vis suscipit nominati efficiendi. Id intellegat inciderint usu, ea unum dicta scripta has, aeque dissentiet per id. Vel no feugiat graecis. Est purto dissentias ea.',0,0,1,0,NULL,NULL),(78,43,'Revenue share','Lorem ipsum dolor sit amet, ne eam dicat nostrum. Ad zril principes vim, nec etiam alienum in, eos molestie facilisis interesset at. Magna iracundia inciderint cum ut, at vis suscipit nominati efficiendi. Id intellegat inciderint usu, ea unum dicta scripta has, aeque dissentiet per id. Vel no feugiat graecis. Est purto dissentias ea.',0,0,1,0,NULL,NULL),(79,44,'Guarantees','Lorem ipsum dolor sit amet, ne eam dicat nostrum. Ad zril principes vim, nec etiam alienum in, eos molestie facilisis interesset at. Magna iracundia inciderint cum ut, at vis suscipit nominati efficiendi. Id intellegat inciderint usu, ea unum dicta scripta has, aeque dissentiet per id. Vel no feugiat graecis. Est purto dissentias ea.',0,0,1,0,NULL,NULL),(80,44,'Grants','Lorem ipsum dolor sit amet, ne eam dicat nostrum. Ad zril principes vim, nec etiam alienum in, eos molestie facilisis interesset at. Magna iracundia inciderint cum ut, at vis suscipit nominati efficiendi. Id intellegat inciderint usu, ea unum dicta scripta has, aeque dissentiet per id. Vel no feugiat graecis. Est purto dissentias ea.',0,0,1,0,NULL,NULL),(81,44,'Service payments','Lorem ipsum dolor sit amet, ne eam dicat nostrum. Ad zril principes vim, nec etiam alienum in, eos molestie facilisis interesset at. Magna iracundia inciderint cum ut, at vis suscipit nominati efficiendi. Id intellegat inciderint usu, ea unum dicta scripta has, aeque dissentiet per id. Vel no feugiat graecis. Est purto dissentias ea.',0,0,1,0,NULL,NULL),(82,44,'Land Leases, Asset Transfers','Lorem ipsum dolor sit amet, ne eam dicat nostrum. Ad zril principes vim, nec etiam alienum in, eos molestie facilisis interesset at. Magna iracundia inciderint cum ut, at vis suscipit nominati efficiendi. Id intellegat inciderint usu, ea unum dicta scripta has, aeque dissentiet per id. Vel no feugiat graecis. Est purto dissentias ea.',0,0,1,0,NULL,NULL),(83,44,'Other support','Lorem ipsum dolor sit amet, ne eam dicat nostrum. Ad zril principes vim, nec etiam alienum in, eos molestie facilisis interesset at. Magna iracundia inciderint cum ut, at vis suscipit nominati efficiendi. Id intellegat inciderint usu, ea unum dicta scripta has, aeque dissentiet per id. Vel no feugiat graecis. Est purto dissentias ea.',0,0,1,0,NULL,NULL),(84,44,'Revenue share','Lorem ipsum dolor sit amet, ne eam dicat nostrum. Ad zril principes vim, nec etiam alienum in, eos molestie facilisis interesset at. Magna iracundia inciderint cum ut, at vis suscipit nominati efficiendi. Id intellegat inciderint usu, ea unum dicta scripta has, aeque dissentiet per id. Vel no feugiat graecis. Est purto dissentias ea.',0,0,1,0,NULL,NULL),(85,45,'Guarantees','Lorem ipsum dolor sit amet, ne eam dicat nostrum. Ad zril principes vim, nec etiam alienum in, eos molestie facilisis interesset at. Magna iracundia inciderint cum ut, at vis suscipit nominati efficiendi. Id intellegat inciderint usu, ea unum dicta scripta has, aeque dissentiet per id. Vel no feugiat graecis. Est purto dissentias ea.',0,0,1,0,NULL,NULL),(86,45,'Grants','Lorem ipsum dolor sit amet, ne eam dicat nostrum. Ad zril principes vim, nec etiam alienum in, eos molestie facilisis interesset at. Magna iracundia inciderint cum ut, at vis suscipit nominati efficiendi. Id intellegat inciderint usu, ea unum dicta scripta has, aeque dissentiet per id. Vel no feugiat graecis. Est purto dissentias ea.',0,0,1,0,NULL,NULL),(87,45,'Service payments','Lorem ipsum dolor sit amet, ne eam dicat nostrum. Ad zril principes vim, nec etiam alienum in, eos molestie facilisis interesset at. Magna iracundia inciderint cum ut, at vis suscipit nominati efficiendi. Id intellegat inciderint usu, ea unum dicta scripta has, aeque dissentiet per id. Vel no feugiat graecis. Est purto dissentias ea.',0,0,1,0,NULL,NULL),(88,45,'Land Leases, Asset Transfers','Lorem ipsum dolor sit amet, ne eam dicat nostrum. Ad zril principes vim, nec etiam alienum in, eos molestie facilisis interesset at. Magna iracundia inciderint cum ut, at vis suscipit nominati efficiendi. Id intellegat inciderint usu, ea unum dicta scripta has, aeque dissentiet per id. Vel no feugiat graecis. Est purto dissentias ea.',0,0,1,0,NULL,NULL),(89,45,'Other support','Lorem ipsum dolor sit amet, ne eam dicat nostrum. Ad zril principes vim, nec etiam alienum in, eos molestie facilisis interesset at. Magna iracundia inciderint cum ut, at vis suscipit nominati efficiendi. Id intellegat inciderint usu, ea unum dicta scripta has, aeque dissentiet per id. Vel no feugiat graecis. Est purto dissentias ea.',0,0,1,0,NULL,NULL),(90,45,'Revenue share','Lorem ipsum dolor sit amet, ne eam dicat nostrum. Ad zril principes vim, nec etiam alienum in, eos molestie facilisis interesset at. Magna iracundia inciderint cum ut, at vis suscipit nominati efficiendi. Id intellegat inciderint usu, ea unum dicta scripta has, aeque dissentiet per id. Vel no feugiat graecis. Est purto dissentias ea.',0,0,1,0,NULL,NULL),(97,47,'Guarantees','Lorem ipsum dolor sit amet, ne eam dicat nostrum. Ad zril principes vim, nec etiam alienum in, eos molestie facilisis interesset at. Magna iracundia inciderint cum ut, at vis suscipit nominati efficiendi. Id intellegat inciderint usu, ea unum dicta scripta has, aeque dissentiet per id. Vel no feugiat graecis. Est purto dissentias ea.',0,0,1,0,NULL,NULL),(98,47,'Grants','Lorem ipsum dolor sit amet, ne eam dicat nostrum. Ad zril principes vim, nec etiam alienum in, eos molestie facilisis interesset at. Magna iracundia inciderint cum ut, at vis suscipit nominati efficiendi. Id intellegat inciderint usu, ea unum dicta scripta has, aeque dissentiet per id. Vel no feugiat graecis. Est purto dissentias ea.',0,0,1,0,NULL,NULL),(99,47,'Service payments','Lorem ipsum dolor sit amet, ne eam dicat nostrum. Ad zril principes vim, nec etiam alienum in, eos molestie facilisis interesset at. Magna iracundia inciderint cum ut, at vis suscipit nominati efficiendi. Id intellegat inciderint usu, ea unum dicta scripta has, aeque dissentiet per id. Vel no feugiat graecis. Est purto dissentias ea.',0,0,1,0,NULL,NULL),(100,47,'Land Leases, Asset Transfers','Lorem ipsum dolor sit amet, ne eam dicat nostrum. Ad zril principes vim, nec etiam alienum in, eos molestie facilisis interesset at. Magna iracundia inciderint cum ut, at vis suscipit nominati efficiendi. Id intellegat inciderint usu, ea unum dicta scripta has, aeque dissentiet per id. Vel no feugiat graecis. Est purto dissentias ea.',0,0,1,0,NULL,NULL),(101,47,'Other support','Lorem ipsum dolor sit amet, ne eam dicat nostrum. Ad zril principes vim, nec etiam alienum in, eos molestie facilisis interesset at. Magna iracundia inciderint cum ut, at vis suscipit nominati efficiendi. Id intellegat inciderint usu, ea unum dicta scripta has, aeque dissentiet per id. Vel no feugiat graecis. Est purto dissentias ea.',0,0,1,0,NULL,NULL),(102,47,'Revenue share','Lorem ipsum dolor sit amet, ne eam dicat nostrum. Ad zril principes vim, nec etiam alienum in, eos molestie facilisis interesset at. Magna iracundia inciderint cum ut, at vis suscipit nominati efficiendi. Id intellegat inciderint usu, ea unum dicta scripta has, aeque dissentiet per id. Vel no feugiat graecis. Est purto dissentias ea.',0,0,1,0,NULL,NULL);
/*!40000 ALTER TABLE `pd_government_support` ENABLE KEYS */;
UNLOCK TABLES;

--
-- Table structure for table `pd_procurement`
--

DROP TABLE IF EXISTS `pd_procurement`;
/*!40101 SET @saved_cs_client     = @@character_set_client */;
/*!40101 SET character_set_client = utf8 */;
CREATE TABLE `pd_procurement` (
  `id` int(10) unsigned NOT NULL AUTO_INCREMENT,
  `project_id` int(10) unsigned NOT NULL,
  `name` varchar(255) COLLATE utf8mb4_unicode_ci NOT NULL,
  `description` text COLLATE utf8mb4_unicode_ci,
  `draft` tinyint(1) NOT NULL DEFAULT '0',
  `requested_modification` tinyint(1) NOT NULL DEFAULT '0',
  `published` tinyint(1) NOT NULL DEFAULT '1',
  `position` int(11) NOT NULL DEFAULT '0',
  `created_at` timestamp NULL DEFAULT NULL,
  `updated_at` timestamp NULL DEFAULT NULL,
  PRIMARY KEY (`id`),
  KEY `pd_procurement_project_id_index` (`project_id`),
  FULLTEXT KEY `pd_procurement` (`name`,`description`),
  CONSTRAINT `pd_procurement_project_id_foreign` FOREIGN KEY (`project_id`) REFERENCES `projects` (`id`) ON DELETE CASCADE
) ENGINE=InnoDB AUTO_INCREMENT=109 DEFAULT CHARSET=utf8mb4 COLLATE=utf8mb4_unicode_ci;
/*!40101 SET character_set_client = @saved_cs_client */;

--
-- Dumping data for table `pd_procurement`
--

LOCK TABLES `pd_procurement` WRITE;
/*!40000 ALTER TABLE `pd_procurement` DISABLE KEYS */;
INSERT INTO `pd_procurement` VALUES (1,32,'Feasibility Study Report','Lorem ipsum dolor sit amet, ne eam dicat nostrum. Ad zril principes vim, nec etiam alienum in, eos molestie facilisis interesset at.',0,0,1,0,NULL,NULL),(2,32,'Environment and Social Impact Scoping Study','Lorem ipsum dolor sit amet, ne eam dicat nostrum. Ad zril principes vim, nec etiam alienum in, eos molestie facilisis interesset at.',0,0,1,0,NULL,NULL),(3,32,'OBC','Lorem ipsum dolor sit amet, ne eam dicat nostrum. Ad zril principes vim, nec etiam alienum in, eos molestie facilisis interesset at.',0,0,1,0,NULL,NULL),(4,32,'EOI','Lorem ipsum dolor sit amet, ne eam dicat nostrum. Ad zril principes vim, nec etiam alienum in, eos molestie facilisis interesset at.',0,0,1,0,NULL,NULL),(5,32,'Request for qualification','Lorem ipsum dolor sit amet, ne eam dicat nostrum. Ad zril principes vim, nec etiam alienum in, eos molestie facilisis interesset at.',0,0,1,0,NULL,NULL),(6,32,'Short-listed bidders and Evaluation summary report','Lorem ipsum dolor sit amet, ne eam dicat nostrum. Ad zril principes vim, nec etiam alienum in, eos molestie facilisis interesset at.',0,0,1,0,NULL,NULL),(7,32,'Request for proposal','Lorem ipsum dolor sit amet, ne eam dicat nostrum. Ad zril principes vim, nec etiam alienum in, eos molestie facilisis interesset at.',0,0,1,0,NULL,NULL),(8,32,'Award and evaluation summary report','Lorem ipsum dolor sit amet, ne eam dicat nostrum. Ad zril principes vim, nec etiam alienum in, eos molestie facilisis interesset at.',0,0,1,0,NULL,NULL),(9,32,'123Value for Money report (extracted from FBC)','Lorem ipsum dolor sit amet, ne eam dicat nostrum. Ad zril principes vim, nec etiam alienum in, eos molestie facilisis interesset at.',0,0,1,0,NULL,NULL),(10,33,'Feasibility Study Report','Lorem ipsum dolor sit amet, ne eam dicat nostrum. Ad zril principes vim, nec etiam alienum in, eos molestie facilisis interesset at.',0,0,1,0,NULL,NULL),(11,33,'Environment and Social Impact Scoping Study','Lorem ipsum dolor sit amet, ne eam dicat nostrum. Ad zril principes vim, nec etiam alienum in, eos molestie facilisis interesset at.',0,0,1,0,NULL,NULL),(12,33,'OBC','Lorem ipsum dolor sit amet, ne eam dicat nostrum. Ad zril principes vim, nec etiam alienum in, eos molestie facilisis interesset at.',0,0,1,0,NULL,NULL),(13,33,'EOI','Lorem ipsum dolor sit amet, ne eam dicat nostrum. Ad zril principes vim, nec etiam alienum in, eos molestie facilisis interesset at.',0,0,1,0,NULL,NULL),(14,33,'Request for qualification','Lorem ipsum dolor sit amet, ne eam dicat nostrum. Ad zril principes vim, nec etiam alienum in, eos molestie facilisis interesset at.',0,0,1,0,NULL,NULL),(15,33,'Short-listed bidders and Evaluation summary report','Lorem ipsum dolor sit amet, ne eam dicat nostrum. Ad zril principes vim, nec etiam alienum in, eos molestie facilisis interesset at.',0,0,1,0,NULL,NULL),(16,33,'Request for proposal','Lorem ipsum dolor sit amet, ne eam dicat nostrum. Ad zril principes vim, nec etiam alienum in, eos molestie facilisis interesset at.',0,0,1,0,NULL,NULL),(17,33,'Award and evaluation summary report','Lorem ipsum dolor sit amet, ne eam dicat nostrum. Ad zril principes vim, nec etiam alienum in, eos molestie facilisis interesset at.',0,0,1,0,NULL,NULL),(18,33,'123Value for Money report (extracted from FBC)','Lorem ipsum dolor sit amet, ne eam dicat nostrum. Ad zril principes vim, nec etiam alienum in, eos molestie facilisis interesset at.',0,0,1,0,NULL,NULL),(19,34,'Feasibility Study Report','Lorem ipsum dolor sit amet, ne eam dicat nostrum. Ad zril principes vim, nec etiam alienum in, eos molestie facilisis interesset at.',0,0,1,0,NULL,NULL),(20,34,'Environment and Social Impact Scoping Study','Lorem ipsum dolor sit amet, ne eam dicat nostrum. Ad zril principes vim, nec etiam alienum in, eos molestie facilisis interesset at.',0,0,1,0,NULL,NULL),(21,34,'OBC','Lorem ipsum dolor sit amet, ne eam dicat nostrum. Ad zril principes vim, nec etiam alienum in, eos molestie facilisis interesset at.',0,0,1,0,NULL,NULL),(22,34,'EOI','Lorem ipsum dolor sit amet, ne eam dicat nostrum. Ad zril principes vim, nec etiam alienum in, eos molestie facilisis interesset at.',0,0,1,0,NULL,NULL),(23,34,'Request for qualification','Lorem ipsum dolor sit amet, ne eam dicat nostrum. Ad zril principes vim, nec etiam alienum in, eos molestie facilisis interesset at.',0,0,1,0,NULL,NULL),(24,34,'Short-listed bidders and Evaluation summary report','Lorem ipsum dolor sit amet, ne eam dicat nostrum. Ad zril principes vim, nec etiam alienum in, eos molestie facilisis interesset at.',0,0,1,0,NULL,NULL),(25,34,'Request for proposal','Lorem ipsum dolor sit amet, ne eam dicat nostrum. Ad zril principes vim, nec etiam alienum in, eos molestie facilisis interesset at.',0,0,1,0,NULL,NULL),(26,34,'Award and evaluation summary report','Lorem ipsum dolor sit amet, ne eam dicat nostrum. Ad zril principes vim, nec etiam alienum in, eos molestie facilisis interesset at.',0,0,1,0,NULL,NULL),(27,34,'123Value for Money report (extracted from FBC)','Lorem ipsum dolor sit amet, ne eam dicat nostrum. Ad zril principes vim, nec etiam alienum in, eos molestie facilisis interesset at.',0,0,1,0,NULL,NULL),(28,38,'Feasibility Study Report','Lorem ipsum dolor sit amet, ne eam dicat nostrum. Ad zril principes vim, nec etiam alienum in, eos molestie facilisis interesset at.',0,0,1,0,NULL,NULL),(29,38,'Environment and Social Impact Scoping Study','Lorem ipsum dolor sit amet, ne eam dicat nostrum. Ad zril principes vim, nec etiam alienum in, eos molestie facilisis interesset at.',0,0,1,0,NULL,NULL),(30,38,'OBC','Lorem ipsum dolor sit amet, ne eam dicat nostrum. Ad zril principes vim, nec etiam alienum in, eos molestie facilisis interesset at.',0,0,1,0,NULL,NULL),(31,38,'EOI','Lorem ipsum dolor sit amet, ne eam dicat nostrum. Ad zril principes vim, nec etiam alienum in, eos molestie facilisis interesset at.',0,0,1,0,NULL,NULL),(32,38,'Request for qualification','Lorem ipsum dolor sit amet, ne eam dicat nostrum. Ad zril principes vim, nec etiam alienum in, eos molestie facilisis interesset at.',0,0,1,0,NULL,NULL),(33,38,'Short-listed bidders and Evaluation summary report','Lorem ipsum dolor sit amet, ne eam dicat nostrum. Ad zril principes vim, nec etiam alienum in, eos molestie facilisis interesset at.',0,0,1,0,NULL,NULL),(34,38,'Request for proposal','Lorem ipsum dolor sit amet, ne eam dicat nostrum. Ad zril principes vim, nec etiam alienum in, eos molestie facilisis interesset at.',0,0,1,0,NULL,NULL),(35,38,'Award and evaluation summary report','Lorem ipsum dolor sit amet, ne eam dicat nostrum. Ad zril principes vim, nec etiam alienum in, eos molestie facilisis interesset at.',0,0,1,0,NULL,NULL),(36,38,'123Value for Money report (extracted from FBC)','Lorem ipsum dolor sit amet, ne eam dicat nostrum. Ad zril principes vim, nec etiam alienum in, eos molestie facilisis interesset at.',0,0,1,0,NULL,NULL),(37,40,'Feasibility Study Report','Lorem ipsum dolor sit amet, ne eam dicat nostrum. Ad zril principes vim, nec etiam alienum in, eos molestie facilisis interesset at.',0,0,1,0,NULL,NULL),(38,40,'Environment and Social Impact Scoping Study','Lorem ipsum dolor sit amet, ne eam dicat nostrum. Ad zril principes vim, nec etiam alienum in, eos molestie facilisis interesset at.',0,0,1,0,NULL,NULL),(39,40,'OBC','Lorem ipsum dolor sit amet, ne eam dicat nostrum. Ad zril principes vim, nec etiam alienum in, eos molestie facilisis interesset at.',0,0,1,0,NULL,NULL),(40,40,'EOI','Lorem ipsum dolor sit amet, ne eam dicat nostrum. Ad zril principes vim, nec etiam alienum in, eos molestie facilisis interesset at.',0,0,1,0,NULL,NULL),(41,40,'Request for qualification','Lorem ipsum dolor sit amet, ne eam dicat nostrum. Ad zril principes vim, nec etiam alienum in, eos molestie facilisis interesset at.',0,0,1,0,NULL,NULL),(42,40,'Short-listed bidders and Evaluation summary report','Lorem ipsum dolor sit amet, ne eam dicat nostrum. Ad zril principes vim, nec etiam alienum in, eos molestie facilisis interesset at.',0,0,1,0,NULL,NULL),(43,40,'Request for proposal','Lorem ipsum dolor sit amet, ne eam dicat nostrum. Ad zril principes vim, nec etiam alienum in, eos molestie facilisis interesset at.',0,0,1,0,NULL,NULL),(44,40,'Award and evaluation summary report','Lorem ipsum dolor sit amet, ne eam dicat nostrum. Ad zril principes vim, nec etiam alienum in, eos molestie facilisis interesset at.',0,0,1,0,NULL,NULL),(45,40,'123Value for Money report (extracted from FBC)','Lorem ipsum dolor sit amet, ne eam dicat nostrum. Ad zril principes vim, nec etiam alienum in, eos molestie facilisis interesset at.',0,0,1,0,NULL,NULL),(46,41,'Feasibility Study Report','Lorem ipsum dolor sit amet, ne eam dicat nostrum. Ad zril principes vim, nec etiam alienum in, eos molestie facilisis interesset at.',0,0,1,0,NULL,NULL),(47,41,'Environment and Social Impact Scoping Study','Lorem ipsum dolor sit amet, ne eam dicat nostrum. Ad zril principes vim, nec etiam alienum in, eos molestie facilisis interesset at.',0,0,1,0,NULL,NULL),(48,41,'OBC','Lorem ipsum dolor sit amet, ne eam dicat nostrum. Ad zril principes vim, nec etiam alienum in, eos molestie facilisis interesset at.',0,0,1,0,NULL,NULL),(49,41,'EOI','Lorem ipsum dolor sit amet, ne eam dicat nostrum. Ad zril principes vim, nec etiam alienum in, eos molestie facilisis interesset at.',0,0,1,0,NULL,NULL),(50,41,'Request for qualification','Lorem ipsum dolor sit amet, ne eam dicat nostrum. Ad zril principes vim, nec etiam alienum in, eos molestie facilisis interesset at.',0,0,1,0,NULL,NULL),(51,41,'Short-listed bidders and Evaluation summary report','Lorem ipsum dolor sit amet, ne eam dicat nostrum. Ad zril principes vim, nec etiam alienum in, eos molestie facilisis interesset at.',0,0,1,0,NULL,NULL),(52,41,'Request for proposal','Lorem ipsum dolor sit amet, ne eam dicat nostrum. Ad zril principes vim, nec etiam alienum in, eos molestie facilisis interesset at.',0,0,1,0,NULL,NULL),(53,41,'Award and evaluation summary report','Lorem ipsum dolor sit amet, ne eam dicat nostrum. Ad zril principes vim, nec etiam alienum in, eos molestie facilisis interesset at.',0,0,1,0,NULL,NULL),(54,41,'123Value for Money report (extracted from FBC)','Lorem ipsum dolor sit amet, ne eam dicat nostrum. Ad zril principes vim, nec etiam alienum in, eos molestie facilisis interesset at.',0,0,1,0,NULL,NULL),(55,42,'Feasibility Study Report','Lorem ipsum dolor sit amet, ne eam dicat nostrum. Ad zril principes vim, nec etiam alienum in, eos molestie facilisis interesset at.',0,0,1,0,NULL,NULL),(56,42,'Environment and Social Impact Scoping Study','Lorem ipsum dolor sit amet, ne eam dicat nostrum. Ad zril principes vim, nec etiam alienum in, eos molestie facilisis interesset at.',0,0,1,0,NULL,NULL),(57,42,'OBC','Lorem ipsum dolor sit amet, ne eam dicat nostrum. Ad zril principes vim, nec etiam alienum in, eos molestie facilisis interesset at.',0,0,1,0,NULL,NULL),(58,42,'EOI','Lorem ipsum dolor sit amet, ne eam dicat nostrum. Ad zril principes vim, nec etiam alienum in, eos molestie facilisis interesset at.',0,0,1,0,NULL,NULL),(59,42,'Request for qualification','Lorem ipsum dolor sit amet, ne eam dicat nostrum. Ad zril principes vim, nec etiam alienum in, eos molestie facilisis interesset at.',0,0,1,0,NULL,NULL),(60,42,'Short-listed bidders and Evaluation summary report','Lorem ipsum dolor sit amet, ne eam dicat nostrum. Ad zril principes vim, nec etiam alienum in, eos molestie facilisis interesset at.',0,0,1,0,NULL,NULL),(61,42,'Request for proposal','Lorem ipsum dolor sit amet, ne eam dicat nostrum. Ad zril principes vim, nec etiam alienum in, eos molestie facilisis interesset at.',0,0,1,0,NULL,NULL),(62,42,'Award and evaluation summary report','Lorem ipsum dolor sit amet, ne eam dicat nostrum. Ad zril principes vim, nec etiam alienum in, eos molestie facilisis interesset at.',0,0,1,0,NULL,NULL),(63,42,'123Value for Money report (extracted from FBC)','Lorem ipsum dolor sit amet, ne eam dicat nostrum. Ad zril principes vim, nec etiam alienum in, eos molestie facilisis interesset at.',0,0,1,0,NULL,NULL),(64,43,'Feasibility Study Report','Lorem ipsum dolor sit amet, ne eam dicat nostrum. Ad zril principes vim, nec etiam alienum in, eos molestie facilisis interesset at.',0,0,1,0,NULL,NULL),(65,43,'Environment and Social Impact Scoping Study','Lorem ipsum dolor sit amet, ne eam dicat nostrum. Ad zril principes vim, nec etiam alienum in, eos molestie facilisis interesset at.',0,0,1,0,NULL,NULL),(66,43,'OBC','Lorem ipsum dolor sit amet, ne eam dicat nostrum. Ad zril principes vim, nec etiam alienum in, eos molestie facilisis interesset at.',0,0,1,0,NULL,NULL),(67,43,'EOI','Lorem ipsum dolor sit amet, ne eam dicat nostrum. Ad zril principes vim, nec etiam alienum in, eos molestie facilisis interesset at.',0,0,1,0,NULL,NULL),(68,43,'Request for qualification','Lorem ipsum dolor sit amet, ne eam dicat nostrum. Ad zril principes vim, nec etiam alienum in, eos molestie facilisis interesset at.',0,0,1,0,NULL,NULL),(69,43,'Short-listed bidders and Evaluation summary report','Lorem ipsum dolor sit amet, ne eam dicat nostrum. Ad zril principes vim, nec etiam alienum in, eos molestie facilisis interesset at.',0,0,1,0,NULL,NULL),(70,43,'Request for proposal','Lorem ipsum dolor sit amet, ne eam dicat nostrum. Ad zril principes vim, nec etiam alienum in, eos molestie facilisis interesset at.',0,0,1,0,NULL,NULL),(71,43,'Award and evaluation summary report','Lorem ipsum dolor sit amet, ne eam dicat nostrum. Ad zril principes vim, nec etiam alienum in, eos molestie facilisis interesset at.',0,0,1,0,NULL,NULL),(72,43,'123Value for Money report (extracted from FBC)','Lorem ipsum dolor sit amet, ne eam dicat nostrum. Ad zril principes vim, nec etiam alienum in, eos molestie facilisis interesset at.',0,0,1,0,NULL,NULL),(73,44,'Feasibility Study Report','Lorem ipsum dolor sit amet, ne eam dicat nostrum. Ad zril principes vim, nec etiam alienum in, eos molestie facilisis interesset at.',0,0,1,0,NULL,NULL),(74,44,'Environment and Social Impact Scoping Study','Lorem ipsum dolor sit amet, ne eam dicat nostrum. Ad zril principes vim, nec etiam alienum in, eos molestie facilisis interesset at.',0,0,1,0,NULL,NULL),(75,44,'OBC','Lorem ipsum dolor sit amet, ne eam dicat nostrum. Ad zril principes vim, nec etiam alienum in, eos molestie facilisis interesset at.',0,0,1,0,NULL,NULL),(76,44,'EOI','Lorem ipsum dolor sit amet, ne eam dicat nostrum. Ad zril principes vim, nec etiam alienum in, eos molestie facilisis interesset at.',0,0,1,0,NULL,NULL),(77,44,'Request for qualification','Lorem ipsum dolor sit amet, ne eam dicat nostrum. Ad zril principes vim, nec etiam alienum in, eos molestie facilisis interesset at.',0,0,1,0,NULL,NULL),(78,44,'Short-listed bidders and Evaluation summary report','Lorem ipsum dolor sit amet, ne eam dicat nostrum. Ad zril principes vim, nec etiam alienum in, eos molestie facilisis interesset at.',0,0,1,0,NULL,NULL),(79,44,'Request for proposal','Lorem ipsum dolor sit amet, ne eam dicat nostrum. Ad zril principes vim, nec etiam alienum in, eos molestie facilisis interesset at.',0,0,1,0,NULL,NULL),(80,44,'Award and evaluation summary report','Lorem ipsum dolor sit amet, ne eam dicat nostrum. Ad zril principes vim, nec etiam alienum in, eos molestie facilisis interesset at.',0,0,1,0,NULL,NULL),(81,44,'123Value for Money report (extracted from FBC)','Lorem ipsum dolor sit amet, ne eam dicat nostrum. Ad zril principes vim, nec etiam alienum in, eos molestie facilisis interesset at.',0,0,1,0,NULL,NULL),(82,45,'Feasibility Study Report','Lorem ipsum dolor sit amet, ne eam dicat nostrum. Ad zril principes vim, nec etiam alienum in, eos molestie facilisis interesset at.',0,0,1,0,NULL,NULL),(83,45,'Environment and Social Impact Scoping Study','Lorem ipsum dolor sit amet, ne eam dicat nostrum. Ad zril principes vim, nec etiam alienum in, eos molestie facilisis interesset at.',0,0,1,0,NULL,NULL),(84,45,'OBC','Lorem ipsum dolor sit amet, ne eam dicat nostrum. Ad zril principes vim, nec etiam alienum in, eos molestie facilisis interesset at.',0,0,1,0,NULL,NULL),(85,45,'EOI','Lorem ipsum dolor sit amet, ne eam dicat nostrum. Ad zril principes vim, nec etiam alienum in, eos molestie facilisis interesset at.',0,0,1,0,NULL,NULL),(86,45,'Request for qualification','Lorem ipsum dolor sit amet, ne eam dicat nostrum. Ad zril principes vim, nec etiam alienum in, eos molestie facilisis interesset at.',0,0,1,0,NULL,NULL),(87,45,'Short-listed bidders and Evaluation summary report','Lorem ipsum dolor sit amet, ne eam dicat nostrum. Ad zril principes vim, nec etiam alienum in, eos molestie facilisis interesset at.',0,0,1,0,NULL,NULL),(88,45,'Request for proposal','Lorem ipsum dolor sit amet, ne eam dicat nostrum. Ad zril principes vim, nec etiam alienum in, eos molestie facilisis interesset at.',0,0,1,0,NULL,NULL),(89,45,'Award and evaluation summary report','Lorem ipsum dolor sit amet, ne eam dicat nostrum. Ad zril principes vim, nec etiam alienum in, eos molestie facilisis interesset at.',0,0,1,0,NULL,NULL),(90,45,'123Value for Money report (extracted from FBC)','Lorem ipsum dolor sit amet, ne eam dicat nostrum. Ad zril principes vim, nec etiam alienum in, eos molestie facilisis interesset at.',0,0,1,0,NULL,NULL),(100,47,'Feasibility Study Report','Lorem ipsum dolor sit amet, ne eam dicat nostrum. Ad zril principes vim, nec etiam alienum in, eos molestie facilisis interesset at.',0,0,1,0,NULL,NULL),(101,47,'Environment and Social Impact Scoping Study','Lorem ipsum dolor sit amet, ne eam dicat nostrum. Ad zril principes vim, nec etiam alienum in, eos molestie facilisis interesset at.',0,0,1,0,NULL,NULL),(102,47,'OBC','Lorem ipsum dolor sit amet, ne eam dicat nostrum. Ad zril principes vim, nec etiam alienum in, eos molestie facilisis interesset at.',0,0,1,0,NULL,NULL),(103,47,'EOI','Lorem ipsum dolor sit amet, ne eam dicat nostrum. Ad zril principes vim, nec etiam alienum in, eos molestie facilisis interesset at.',0,0,1,0,NULL,NULL),(104,47,'Request for qualification','Lorem ipsum dolor sit amet, ne eam dicat nostrum. Ad zril principes vim, nec etiam alienum in, eos molestie facilisis interesset at.',0,0,1,0,NULL,NULL),(105,47,'Short-listed bidders and Evaluation summary report','Lorem ipsum dolor sit amet, ne eam dicat nostrum. Ad zril principes vim, nec etiam alienum in, eos molestie facilisis interesset at.',0,0,1,0,NULL,NULL),(106,47,'Request for proposal','Lorem ipsum dolor sit amet, ne eam dicat nostrum. Ad zril principes vim, nec etiam alienum in, eos molestie facilisis interesset at.',0,0,1,0,NULL,NULL),(107,47,'Award and evaluation summary report','Lorem ipsum dolor sit amet, ne eam dicat nostrum. Ad zril principes vim, nec etiam alienum in, eos molestie facilisis interesset at.',0,0,1,0,NULL,NULL),(108,47,'123Value for Money report (extracted from FBC)','Lorem ipsum dolor sit amet, ne eam dicat nostrum. Ad zril principes vim, nec etiam alienum in, eos molestie facilisis interesset at.',0,0,1,0,NULL,NULL);
/*!40000 ALTER TABLE `pd_procurement` ENABLE KEYS */;
UNLOCK TABLES;

--
-- Table structure for table `pd_renegotiations`
--

DROP TABLE IF EXISTS `pd_renegotiations`;
/*!40101 SET @saved_cs_client     = @@character_set_client */;
/*!40101 SET character_set_client = utf8 */;
CREATE TABLE `pd_renegotiations` (
  `id` int(10) unsigned NOT NULL AUTO_INCREMENT,
  `project_details_id` int(10) unsigned NOT NULL,
  `name` varchar(191) COLLATE utf8mb4_unicode_ci NOT NULL,
  `description` text COLLATE utf8mb4_unicode_ci NOT NULL,
  `draft` tinyint(1) NOT NULL DEFAULT '0',
  `requested_modification` tinyint(1) NOT NULL DEFAULT '0',
  `published` tinyint(1) NOT NULL DEFAULT '1',
  `position` int(11) NOT NULL DEFAULT '0',
  `created_at` timestamp NULL DEFAULT NULL,
  `updated_at` timestamp NULL DEFAULT NULL,
  PRIMARY KEY (`id`),
  KEY `pd_renegotiations_project_details_id_index` (`project_details_id`),
  FULLTEXT KEY `pd_renegotiations` (`name`,`description`),
  CONSTRAINT `pd_renegotiations_project_details_id_foreign` FOREIGN KEY (`project_details_id`) REFERENCES `project_details` (`id`) ON DELETE CASCADE
) ENGINE=InnoDB AUTO_INCREMENT=103 DEFAULT CHARSET=utf8mb4 COLLATE=utf8mb4_unicode_ci;
/*!40101 SET character_set_client = @saved_cs_client */;

--
-- Dumping data for table `pd_renegotiations`
--

LOCK TABLES `pd_renegotiations` WRITE;
/*!40000 ALTER TABLE `pd_renegotiations` DISABLE KEYS */;
INSERT INTO `pd_renegotiations` VALUES (7,32,'Rationale for variation','Soluta numquam pro ei, mel id civibus iudicabit iracundia. Eam affert percipit ea. Alterum noluisse his ea. Vis in erant viris. Ei sit iusto tation repudiandae, quas altera referrentur est at.',0,0,1,0,NULL,NULL),(8,32,'Change in roles and responsibilities of the parties','Soluta numquam pro ei, mel id civibus iudicabit iracundia. Eam affert percipit ea. Alterum noluisse his ea. Vis in erant viris. Ei sit iusto tation repudiandae, quas altera referrentur est at.',0,0,1,0,NULL,NULL),(9,32,'Change in original risk allocation','Soluta numquam pro ei, mel id civibus iudicabit iracundia. Eam affert percipit ea. Alterum noluisse his ea. Vis in erant viris. Ei sit iusto tation repudiandae, quas altera referrentur est at.',0,0,1,0,NULL,NULL),(10,32,'Change in original fiscal commitments or contingent liabilities of government','Soluta numquam pro ei, mel id civibus iudicabit iracundia. Eam affert percipit ea. Alterum noluisse his ea. Vis in erant viris. Ei sit iusto tation repudiandae, quas altera referrentur est at.',0,0,1,0,NULL,NULL),(11,32,'Change in tariffs of service levels','Soluta numquam pro ei, mel id civibus iudicabit iracundia. Eam affert percipit ea. Alterum noluisse his ea. Vis in erant viris. Ei sit iusto tation repudiandae, quas altera referrentur est at.',0,0,1,0,NULL,NULL),(12,32,'Date of variation','Soluta numquam pro ei, mel id civibus iudicabit iracundia. Eam affert percipit ea. Alterum noluisse his ea. Vis in erant viris. Ei sit iusto tation repudiandae, quas altera referrentur est at.',0,0,1,0,NULL,NULL),(13,33,'Rationale for variation','Soluta numquam pro ei, mel id civibus iudicabit iracundia. Eam affert percipit ea. Alterum noluisse his ea. Vis in erant viris. Ei sit iusto tation repudiandae, quas altera referrentur est at.',0,0,1,0,NULL,NULL),(14,33,'Change in roles and responsibilities of the parties','Soluta numquam pro ei, mel id civibus iudicabit iracundia. Eam affert percipit ea. Alterum noluisse his ea. Vis in erant viris. Ei sit iusto tation repudiandae, quas altera referrentur est at.',0,0,1,0,NULL,NULL),(15,33,'Change in original risk allocation','Soluta numquam pro ei, mel id civibus iudicabit iracundia. Eam affert percipit ea. Alterum noluisse his ea. Vis in erant viris. Ei sit iusto tation repudiandae, quas altera referrentur est at.',0,0,1,0,NULL,NULL),(16,33,'Change in original fiscal commitments or contingent liabilities of government','Soluta numquam pro ei, mel id civibus iudicabit iracundia. Eam affert percipit ea. Alterum noluisse his ea. Vis in erant viris. Ei sit iusto tation repudiandae, quas altera referrentur est at.',0,0,1,0,NULL,NULL),(17,33,'Change in tariffs of service levels','Soluta numquam pro ei, mel id civibus iudicabit iracundia. Eam affert percipit ea. Alterum noluisse his ea. Vis in erant viris. Ei sit iusto tation repudiandae, quas altera referrentur est at.',0,0,1,0,NULL,NULL),(18,33,'Date of variation','Soluta numquam pro ei, mel id civibus iudicabit iracundia. Eam affert percipit ea. Alterum noluisse his ea. Vis in erant viris. Ei sit iusto tation repudiandae, quas altera referrentur est at.',0,0,1,0,NULL,NULL),(19,34,'Rationale for variation','Soluta numquam pro ei, mel id civibus iudicabit iracundia. Eam affert percipit ea. Alterum noluisse his ea. Vis in erant viris. Ei sit iusto tation repudiandae, quas altera referrentur est at.',0,0,1,0,NULL,NULL),(20,34,'Change in roles and responsibilities of the parties','Soluta numquam pro ei, mel id civibus iudicabit iracundia. Eam affert percipit ea. Alterum noluisse his ea. Vis in erant viris. Ei sit iusto tation repudiandae, quas altera referrentur est at.',0,0,1,0,NULL,NULL),(21,34,'Change in original risk allocation','Soluta numquam pro ei, mel id civibus iudicabit iracundia. Eam affert percipit ea. Alterum noluisse his ea. Vis in erant viris. Ei sit iusto tation repudiandae, quas altera referrentur est at.',0,0,1,0,NULL,NULL),(22,34,'Change in original fiscal commitments or contingent liabilities of government','Soluta numquam pro ei, mel id civibus iudicabit iracundia. Eam affert percipit ea. Alterum noluisse his ea. Vis in erant viris. Ei sit iusto tation repudiandae, quas altera referrentur est at.',0,0,1,0,NULL,NULL),(23,34,'Change in tariffs of service levels','Soluta numquam pro ei, mel id civibus iudicabit iracundia. Eam affert percipit ea. Alterum noluisse his ea. Vis in erant viris. Ei sit iusto tation repudiandae, quas altera referrentur est at.',0,0,1,0,NULL,NULL),(24,34,'Date of variation','Soluta numquam pro ei, mel id civibus iudicabit iracundia. Eam affert percipit ea. Alterum noluisse his ea. Vis in erant viris. Ei sit iusto tation repudiandae, quas altera referrentur est at.',0,0,1,0,NULL,NULL),(31,36,'Rationale for variation','Soluta numquam pro ei, mel id civibus iudicabit iracundia. Eam affert percipit ea. Alterum noluisse his ea. Vis in erant viris. Ei sit iusto tation repudiandae, quas altera referrentur est at.',0,0,1,0,NULL,NULL),(32,36,'Change in roles and responsibilities of the parties','Soluta numquam pro ei, mel id civibus iudicabit iracundia. Eam affert percipit ea. Alterum noluisse his ea. Vis in erant viris. Ei sit iusto tation repudiandae, quas altera referrentur est at.',0,0,1,0,NULL,NULL),(33,36,'Change in original risk allocation','Soluta numquam pro ei, mel id civibus iudicabit iracundia. Eam affert percipit ea. Alterum noluisse his ea. Vis in erant viris. Ei sit iusto tation repudiandae, quas altera referrentur est at.',0,0,1,0,NULL,NULL),(34,36,'Change in original fiscal commitments or contingent liabilities of government','Soluta numquam pro ei, mel id civibus iudicabit iracundia. Eam affert percipit ea. Alterum noluisse his ea. Vis in erant viris. Ei sit iusto tation repudiandae, quas altera referrentur est at.',0,0,1,0,NULL,NULL),(35,36,'Change in tariffs of service levels','Soluta numquam pro ei, mel id civibus iudicabit iracundia. Eam affert percipit ea. Alterum noluisse his ea. Vis in erant viris. Ei sit iusto tation repudiandae, quas altera referrentur est at.',0,0,1,0,NULL,NULL),(36,36,'Date of variation','Soluta numquam pro ei, mel id civibus iudicabit iracundia. Eam affert percipit ea. Alterum noluisse his ea. Vis in erant viris. Ei sit iusto tation repudiandae, quas altera referrentur est at.',0,0,1,0,NULL,NULL),(37,37,'Rationale for variation','Soluta numquam pro ei, mel id civibus iudicabit iracundia. Eam affert percipit ea. Alterum noluisse his ea. Vis in erant viris. Ei sit iusto tation repudiandae, quas altera referrentur est at.',0,0,1,0,NULL,NULL),(38,37,'Change in roles and responsibilities of the parties','Soluta numquam pro ei, mel id civibus iudicabit iracundia. Eam affert percipit ea. Alterum noluisse his ea. Vis in erant viris. Ei sit iusto tation repudiandae, quas altera referrentur est at.',0,0,1,0,NULL,NULL),(39,37,'Change in original risk allocation','Soluta numquam pro ei, mel id civibus iudicabit iracundia. Eam affert percipit ea. Alterum noluisse his ea. Vis in erant viris. Ei sit iusto tation repudiandae, quas altera referrentur est at.',0,0,1,0,NULL,NULL),(40,37,'Change in original fiscal commitments or contingent liabilities of government','Soluta numquam pro ei, mel id civibus iudicabit iracundia. Eam affert percipit ea. Alterum noluisse his ea. Vis in erant viris. Ei sit iusto tation repudiandae, quas altera referrentur est at.',0,0,1,0,NULL,NULL),(41,37,'Change in tariffs of service levels','Soluta numquam pro ei, mel id civibus iudicabit iracundia. Eam affert percipit ea. Alterum noluisse his ea. Vis in erant viris. Ei sit iusto tation repudiandae, quas altera referrentur est at.',0,0,1,0,NULL,NULL),(42,37,'Date of variation','Soluta numquam pro ei, mel id civibus iudicabit iracundia. Eam affert percipit ea. Alterum noluisse his ea. Vis in erant viris. Ei sit iusto tation repudiandae, quas altera referrentur est at.',0,0,1,0,NULL,NULL),(43,38,'Rationale for variation','Soluta numquam pro ei, mel id civibus iudicabit iracundia. Eam affert percipit ea. Alterum noluisse his ea. Vis in erant viris. Ei sit iusto tation repudiandae, quas altera referrentur est at.',0,0,1,0,NULL,NULL),(44,38,'Change in roles and responsibilities of the parties','Soluta numquam pro ei, mel id civibus iudicabit iracundia. Eam affert percipit ea. Alterum noluisse his ea. Vis in erant viris. Ei sit iusto tation repudiandae, quas altera referrentur est at.',0,0,1,0,NULL,NULL),(45,38,'Change in original risk allocation','Soluta numquam pro ei, mel id civibus iudicabit iracundia. Eam affert percipit ea. Alterum noluisse his ea. Vis in erant viris. Ei sit iusto tation repudiandae, quas altera referrentur est at.',0,0,1,0,NULL,NULL),(46,38,'Change in original fiscal commitments or contingent liabilities of government','Soluta numquam pro ei, mel id civibus iudicabit iracundia. Eam affert percipit ea. Alterum noluisse his ea. Vis in erant viris. Ei sit iusto tation repudiandae, quas altera referrentur est at.',0,0,1,0,NULL,NULL),(47,38,'Change in tariffs of service levels','Soluta numquam pro ei, mel id civibus iudicabit iracundia. Eam affert percipit ea. Alterum noluisse his ea. Vis in erant viris. Ei sit iusto tation repudiandae, quas altera referrentur est at.',0,0,1,0,NULL,NULL),(48,38,'Date of variation','Soluta numquam pro ei, mel id civibus iudicabit iracundia. Eam affert percipit ea. Alterum noluisse his ea. Vis in erant viris. Ei sit iusto tation repudiandae, quas altera referrentur est at.',0,0,1,0,NULL,NULL),(49,39,'Rationale for variation','Soluta numquam pro ei, mel id civibus iudicabit iracundia. Eam affert percipit ea. Alterum noluisse his ea. Vis in erant viris. Ei sit iusto tation repudiandae, quas altera referrentur est at.',0,0,1,0,NULL,NULL),(50,39,'Change in roles and responsibilities of the parties','Soluta numquam pro ei, mel id civibus iudicabit iracundia. Eam affert percipit ea. Alterum noluisse his ea. Vis in erant viris. Ei sit iusto tation repudiandae, quas altera referrentur est at.',0,0,1,0,NULL,NULL),(51,39,'Change in original risk allocation','Soluta numquam pro ei, mel id civibus iudicabit iracundia. Eam affert percipit ea. Alterum noluisse his ea. Vis in erant viris. Ei sit iusto tation repudiandae, quas altera referrentur est at.',0,0,1,0,NULL,NULL),(52,39,'Change in original fiscal commitments or contingent liabilities of government','Soluta numquam pro ei, mel id civibus iudicabit iracundia. Eam affert percipit ea. Alterum noluisse his ea. Vis in erant viris. Ei sit iusto tation repudiandae, quas altera referrentur est at.',0,0,1,0,NULL,NULL),(53,39,'Change in tariffs of service levels','Soluta numquam pro ei, mel id civibus iudicabit iracundia. Eam affert percipit ea. Alterum noluisse his ea. Vis in erant viris. Ei sit iusto tation repudiandae, quas altera referrentur est at.',0,0,1,0,NULL,NULL),(54,39,'Date of variation','Soluta numquam pro ei, mel id civibus iudicabit iracundia. Eam affert percipit ea. Alterum noluisse his ea. Vis in erant viris. Ei sit iusto tation repudiandae, quas altera referrentur est at.',0,0,1,0,NULL,NULL),(55,40,'Rationale for variation','Soluta numquam pro ei, mel id civibus iudicabit iracundia. Eam affert percipit ea. Alterum noluisse his ea. Vis in erant viris. Ei sit iusto tation repudiandae, quas altera referrentur est at.',0,0,1,0,NULL,NULL),(56,40,'Change in roles and responsibilities of the parties','Soluta numquam pro ei, mel id civibus iudicabit iracundia. Eam affert percipit ea. Alterum noluisse his ea. Vis in erant viris. Ei sit iusto tation repudiandae, quas altera referrentur est at.',0,0,1,0,NULL,NULL),(57,40,'Change in original risk allocation','Soluta numquam pro ei, mel id civibus iudicabit iracundia. Eam affert percipit ea. Alterum noluisse his ea. Vis in erant viris. Ei sit iusto tation repudiandae, quas altera referrentur est at.',0,0,1,0,NULL,NULL),(58,40,'Change in original fiscal commitments or contingent liabilities of government','Soluta numquam pro ei, mel id civibus iudicabit iracundia. Eam affert percipit ea. Alterum noluisse his ea. Vis in erant viris. Ei sit iusto tation repudiandae, quas altera referrentur est at.',0,0,1,0,NULL,NULL),(59,40,'Change in tariffs of service levels','Soluta numquam pro ei, mel id civibus iudicabit iracundia. Eam affert percipit ea. Alterum noluisse his ea. Vis in erant viris. Ei sit iusto tation repudiandae, quas altera referrentur est at.',0,0,1,0,NULL,NULL),(60,40,'Date of variation','Soluta numquam pro ei, mel id civibus iudicabit iracundia. Eam affert percipit ea. Alterum noluisse his ea. Vis in erant viris. Ei sit iusto tation repudiandae, quas altera referrentur est at.',0,0,1,0,NULL,NULL),(61,41,'Rationale for variation','Soluta numquam pro ei, mel id civibus iudicabit iracundia. Eam affert percipit ea. Alterum noluisse his ea. Vis in erant viris. Ei sit iusto tation repudiandae, quas altera referrentur est at.',0,0,1,0,NULL,NULL),(62,41,'Change in roles and responsibilities of the parties','Soluta numquam pro ei, mel id civibus iudicabit iracundia. Eam affert percipit ea. Alterum noluisse his ea. Vis in erant viris. Ei sit iusto tation repudiandae, quas altera referrentur est at.',0,0,1,0,NULL,NULL),(63,41,'Change in original risk allocation','Soluta numquam pro ei, mel id civibus iudicabit iracundia. Eam affert percipit ea. Alterum noluisse his ea. Vis in erant viris. Ei sit iusto tation repudiandae, quas altera referrentur est at.',0,0,1,0,NULL,NULL),(64,41,'Change in original fiscal commitments or contingent liabilities of government','Soluta numquam pro ei, mel id civibus iudicabit iracundia. Eam affert percipit ea. Alterum noluisse his ea. Vis in erant viris. Ei sit iusto tation repudiandae, quas altera referrentur est at.',0,0,1,0,NULL,NULL),(65,41,'Change in tariffs of service levels','Soluta numquam pro ei, mel id civibus iudicabit iracundia. Eam affert percipit ea. Alterum noluisse his ea. Vis in erant viris. Ei sit iusto tation repudiandae, quas altera referrentur est at.',0,0,1,0,NULL,NULL),(66,41,'Date of variation','Soluta numquam pro ei, mel id civibus iudicabit iracundia. Eam affert percipit ea. Alterum noluisse his ea. Vis in erant viris. Ei sit iusto tation repudiandae, quas altera referrentur est at.',0,0,1,0,NULL,NULL),(67,42,'Rationale for variation','Soluta numquam pro ei, mel id civibus iudicabit iracundia. Eam affert percipit ea. Alterum noluisse his ea. Vis in erant viris. Ei sit iusto tation repudiandae, quas altera referrentur est at.',0,0,1,0,NULL,NULL),(68,42,'Change in roles and responsibilities of the parties','Soluta numquam pro ei, mel id civibus iudicabit iracundia. Eam affert percipit ea. Alterum noluisse his ea. Vis in erant viris. Ei sit iusto tation repudiandae, quas altera referrentur est at.',0,0,1,0,NULL,NULL),(69,42,'Change in original risk allocation','Soluta numquam pro ei, mel id civibus iudicabit iracundia. Eam affert percipit ea. Alterum noluisse his ea. Vis in erant viris. Ei sit iusto tation repudiandae, quas altera referrentur est at.',0,0,1,0,NULL,NULL),(70,42,'Change in original fiscal commitments or contingent liabilities of government','Soluta numquam pro ei, mel id civibus iudicabit iracundia. Eam affert percipit ea. Alterum noluisse his ea. Vis in erant viris. Ei sit iusto tation repudiandae, quas altera referrentur est at.',0,0,1,0,NULL,NULL),(71,42,'Change in tariffs of service levels','Soluta numquam pro ei, mel id civibus iudicabit iracundia. Eam affert percipit ea. Alterum noluisse his ea. Vis in erant viris. Ei sit iusto tation repudiandae, quas altera referrentur est at.',0,0,1,0,NULL,NULL),(72,42,'Date of variation','Soluta numquam pro ei, mel id civibus iudicabit iracundia. Eam affert percipit ea. Alterum noluisse his ea. Vis in erant viris. Ei sit iusto tation repudiandae, quas altera referrentur est at.',0,0,1,0,NULL,NULL),(73,43,'Rationale for variation','Soluta numquam pro ei, mel id civibus iudicabit iracundia. Eam affert percipit ea. Alterum noluisse his ea. Vis in erant viris. Ei sit iusto tation repudiandae, quas altera referrentur est at.',0,0,1,0,NULL,NULL),(74,43,'Change in roles and responsibilities of the parties','Soluta numquam pro ei, mel id civibus iudicabit iracundia. Eam affert percipit ea. Alterum noluisse his ea. Vis in erant viris. Ei sit iusto tation repudiandae, quas altera referrentur est at.',0,0,1,0,NULL,NULL),(75,43,'Change in original risk allocation','Soluta numquam pro ei, mel id civibus iudicabit iracundia. Eam affert percipit ea. Alterum noluisse his ea. Vis in erant viris. Ei sit iusto tation repudiandae, quas altera referrentur est at.',0,0,1,0,NULL,NULL),(76,43,'Change in original fiscal commitments or contingent liabilities of government','Soluta numquam pro ei, mel id civibus iudicabit iracundia. Eam affert percipit ea. Alterum noluisse his ea. Vis in erant viris. Ei sit iusto tation repudiandae, quas altera referrentur est at.',0,0,1,0,NULL,NULL),(77,43,'Change in tariffs of service levels','Soluta numquam pro ei, mel id civibus iudicabit iracundia. Eam affert percipit ea. Alterum noluisse his ea. Vis in erant viris. Ei sit iusto tation repudiandae, quas altera referrentur est at.',0,0,1,0,NULL,NULL),(78,43,'Date of variation','Soluta numquam pro ei, mel id civibus iudicabit iracundia. Eam affert percipit ea. Alterum noluisse his ea. Vis in erant viris. Ei sit iusto tation repudiandae, quas altera referrentur est at.',0,0,1,0,NULL,NULL),(79,44,'Rationale for variation','Soluta numquam pro ei, mel id civibus iudicabit iracundia. Eam affert percipit ea. Alterum noluisse his ea. Vis in erant viris. Ei sit iusto tation repudiandae, quas altera referrentur est at.',0,0,1,0,NULL,NULL),(80,44,'Change in roles and responsibilities of the parties','Soluta numquam pro ei, mel id civibus iudicabit iracundia. Eam affert percipit ea. Alterum noluisse his ea. Vis in erant viris. Ei sit iusto tation repudiandae, quas altera referrentur est at.',0,0,1,0,NULL,NULL),(81,44,'Change in original risk allocation','Soluta numquam pro ei, mel id civibus iudicabit iracundia. Eam affert percipit ea. Alterum noluisse his ea. Vis in erant viris. Ei sit iusto tation repudiandae, quas altera referrentur est at.',0,0,1,0,NULL,NULL),(82,44,'Change in original fiscal commitments or contingent liabilities of government','Soluta numquam pro ei, mel id civibus iudicabit iracundia. Eam affert percipit ea. Alterum noluisse his ea. Vis in erant viris. Ei sit iusto tation repudiandae, quas altera referrentur est at.',0,0,1,0,NULL,NULL),(83,44,'Change in tariffs of service levels','Soluta numquam pro ei, mel id civibus iudicabit iracundia. Eam affert percipit ea. Alterum noluisse his ea. Vis in erant viris. Ei sit iusto tation repudiandae, quas altera referrentur est at.',0,0,1,0,NULL,NULL),(84,44,'Date of variation','Soluta numquam pro ei, mel id civibus iudicabit iracundia. Eam affert percipit ea. Alterum noluisse his ea. Vis in erant viris. Ei sit iusto tation repudiandae, quas altera referrentur est at.',0,0,1,0,NULL,NULL),(85,45,'Rationale for variation','Soluta numquam pro ei, mel id civibus iudicabit iracundia. Eam affert percipit ea. Alterum noluisse his ea. Vis in erant viris. Ei sit iusto tation repudiandae, quas altera referrentur est at.',0,0,1,0,NULL,NULL),(86,45,'Change in roles and responsibilities of the parties','Soluta numquam pro ei, mel id civibus iudicabit iracundia. Eam affert percipit ea. Alterum noluisse his ea. Vis in erant viris. Ei sit iusto tation repudiandae, quas altera referrentur est at.',0,0,1,0,NULL,NULL),(87,45,'Change in original risk allocation','Soluta numquam pro ei, mel id civibus iudicabit iracundia. Eam affert percipit ea. Alterum noluisse his ea. Vis in erant viris. Ei sit iusto tation repudiandae, quas altera referrentur est at.',0,0,1,0,NULL,NULL),(88,45,'Change in original fiscal commitments or contingent liabilities of government','Soluta numquam pro ei, mel id civibus iudicabit iracundia. Eam affert percipit ea. Alterum noluisse his ea. Vis in erant viris. Ei sit iusto tation repudiandae, quas altera referrentur est at.',0,0,1,0,NULL,NULL),(89,45,'Change in tariffs of service levels','Soluta numquam pro ei, mel id civibus iudicabit iracundia. Eam affert percipit ea. Alterum noluisse his ea. Vis in erant viris. Ei sit iusto tation repudiandae, quas altera referrentur est at.',0,0,1,0,NULL,NULL),(90,45,'Date of variation','Soluta numquam pro ei, mel id civibus iudicabit iracundia. Eam affert percipit ea. Alterum noluisse his ea. Vis in erant viris. Ei sit iusto tation repudiandae, quas altera referrentur est at.',0,0,1,0,NULL,NULL),(97,47,'Rationale for variation','Soluta numquam pro ei, mel id civibus iudicabit iracundia. Eam affert percipit ea. Alterum noluisse his ea. Vis in erant viris. Ei sit iusto tation repudiandae, quas altera referrentur est at.',0,0,1,0,NULL,NULL),(98,47,'Change in roles and responsibilities of the parties','Soluta numquam pro ei, mel id civibus iudicabit iracundia. Eam affert percipit ea. Alterum noluisse his ea. Vis in erant viris. Ei sit iusto tation repudiandae, quas altera referrentur est at.',0,0,1,0,NULL,NULL),(99,47,'Change in original risk allocation','Soluta numquam pro ei, mel id civibus iudicabit iracundia. Eam affert percipit ea. Alterum noluisse his ea. Vis in erant viris. Ei sit iusto tation repudiandae, quas altera referrentur est at.',0,0,1,0,NULL,NULL),(100,47,'Change in original fiscal commitments or contingent liabilities of government','Soluta numquam pro ei, mel id civibus iudicabit iracundia. Eam affert percipit ea. Alterum noluisse his ea. Vis in erant viris. Ei sit iusto tation repudiandae, quas altera referrentur est at.',0,0,1,0,NULL,NULL),(101,47,'Change in tariffs of service levels','Soluta numquam pro ei, mel id civibus iudicabit iracundia. Eam affert percipit ea. Alterum noluisse his ea. Vis in erant viris. Ei sit iusto tation repudiandae, quas altera referrentur est at.',0,0,1,0,NULL,NULL),(102,47,'Date of variation','Soluta numquam pro ei, mel id civibus iudicabit iracundia. Eam affert percipit ea. Alterum noluisse his ea. Vis in erant viris. Ei sit iusto tation repudiandae, quas altera referrentur est at.',0,0,1,0,NULL,NULL);
/*!40000 ALTER TABLE `pd_renegotiations` ENABLE KEYS */;
UNLOCK TABLES;

--
-- Table structure for table `pd_risks`
--

DROP TABLE IF EXISTS `pd_risks`;
/*!40101 SET @saved_cs_client     = @@character_set_client */;
/*!40101 SET character_set_client = utf8 */;
CREATE TABLE `pd_risks` (
  `id` int(10) unsigned NOT NULL AUTO_INCREMENT,
  `project_details_id` int(10) unsigned NOT NULL,
  `risk_allocation_id` int(10) unsigned NOT NULL,
  `name` varchar(255) COLLATE utf8mb4_unicode_ci NOT NULL,
  `description` text COLLATE utf8mb4_unicode_ci NOT NULL,
  `mitigation` text COLLATE utf8mb4_unicode_ci NOT NULL,
  `draft` tinyint(1) NOT NULL DEFAULT '0',
  `requested_modification` tinyint(1) NOT NULL DEFAULT '0',
  `published` tinyint(1) NOT NULL DEFAULT '1',
  `position` int(11) NOT NULL DEFAULT '0',
  `created_at` timestamp NULL DEFAULT NULL,
  `updated_at` timestamp NULL DEFAULT NULL,
  `risk_category_id` int(10) unsigned DEFAULT NULL,
  PRIMARY KEY (`id`),
  KEY `pd_risks_project_details_id_index` (`project_details_id`),
  KEY `pd_risks_risk_allocation_id_index` (`risk_allocation_id`),
  KEY `pd_risks_risk_category_id_foreign` (`risk_category_id`),
  FULLTEXT KEY `pd_risks` (`name`,`description`,`mitigation`),
  CONSTRAINT `pd_risks_project_details_id_foreign` FOREIGN KEY (`project_details_id`) REFERENCES `project_details` (`id`) ON DELETE CASCADE,
  CONSTRAINT `pd_risks_risk_allocation_id_foreign` FOREIGN KEY (`risk_allocation_id`) REFERENCES `pd_risks_allocation` (`id`),
  CONSTRAINT `pd_risks_risk_category_id_foreign` FOREIGN KEY (`risk_category_id`) REFERENCES `pd_risks_categories` (`id`)
) ENGINE=InnoDB DEFAULT CHARSET=utf8mb4 COLLATE=utf8mb4_unicode_ci;
/*!40101 SET character_set_client = @saved_cs_client */;

--
-- Dumping data for table `pd_risks`
--

LOCK TABLES `pd_risks` WRITE;
/*!40000 ALTER TABLE `pd_risks` DISABLE KEYS */;
/*!40000 ALTER TABLE `pd_risks` ENABLE KEYS */;
UNLOCK TABLES;

--
-- Table structure for table `pd_risks_allocation`
--

DROP TABLE IF EXISTS `pd_risks_allocation`;
/*!40101 SET @saved_cs_client     = @@character_set_client */;
/*!40101 SET character_set_client = utf8 */;
CREATE TABLE `pd_risks_allocation` (
  `id` int(10) unsigned NOT NULL AUTO_INCREMENT,
  `name` varchar(255) COLLATE utf8mb4_unicode_ci NOT NULL,
  `created_at` timestamp NULL DEFAULT NULL,
  `updated_at` timestamp NULL DEFAULT NULL,
  PRIMARY KEY (`id`)
) ENGINE=InnoDB AUTO_INCREMENT=4 DEFAULT CHARSET=utf8mb4 COLLATE=utf8mb4_unicode_ci;
/*!40101 SET character_set_client = @saved_cs_client */;

--
-- Dumping data for table `pd_risks_allocation`
--

LOCK TABLES `pd_risks_allocation` WRITE;
/*!40000 ALTER TABLE `pd_risks_allocation` DISABLE KEYS */;
INSERT INTO `pd_risks_allocation` VALUES (1,'Public Sector',NULL,NULL),(2,'Private Sector',NULL,NULL),(3,'Public and Private Sectors',NULL,NULL);
/*!40000 ALTER TABLE `pd_risks_allocation` ENABLE KEYS */;
UNLOCK TABLES;

--
-- Table structure for table `pd_risks_categories`
--

DROP TABLE IF EXISTS `pd_risks_categories`;
/*!40101 SET @saved_cs_client     = @@character_set_client */;
/*!40101 SET character_set_client = utf8 */;
CREATE TABLE `pd_risks_categories` (
  `id` int(10) unsigned NOT NULL AUTO_INCREMENT,
  `code` varchar(191) COLLATE utf8mb4_unicode_ci NOT NULL,
  `name` varchar(191) COLLATE utf8mb4_unicode_ci NOT NULL,
  `created_at` timestamp NULL DEFAULT NULL,
  `updated_at` timestamp NULL DEFAULT NULL,
  PRIMARY KEY (`id`)
) ENGINE=InnoDB AUTO_INCREMENT=17 DEFAULT CHARSET=utf8mb4 COLLATE=utf8mb4_unicode_ci;
/*!40101 SET character_set_client = @saved_cs_client */;

--
-- Dumping data for table `pd_risks_categories`
--

LOCK TABLES `pd_risks_categories` WRITE;
/*!40000 ALTER TABLE `pd_risks_categories` DISABLE KEYS */;
INSERT INTO `pd_risks_categories` VALUES (1,'landAvailability','Land availability and acquisition risk',NULL,NULL),(2,'environmental','Environmental risk',NULL,NULL),(3,'design','Design risks',NULL,NULL),(4,'construction','Construction risks',NULL,NULL),(5,'completion','Completion and commissioning',NULL,NULL),(6,'revenue','Revenue risk',NULL,NULL),(7,'inflationAndFx','Foreign exchange, Inflation and indexation risk',NULL,NULL),(8,'availabilityAndQuality','Availability and quality risk',NULL,NULL),(9,'otherRevenue','Other revenue risk events',NULL,NULL),(10,'financeAvailability','Availability of finance',NULL,NULL),(11,'refinancing','Refinancing risks',NULL,NULL),(12,'changeInLaw','Changes in law',NULL,NULL),(13,'forceMajeure','Force Majeure',NULL,NULL),(14,'earlyTermination','Early termination',NULL,NULL),(15,'compliance','Compliance risks',NULL,NULL),(16,'all','All risks',NULL,NULL);
/*!40000 ALTER TABLE `pd_risks_categories` ENABLE KEYS */;
UNLOCK TABLES;

--
-- Table structure for table `pd_tariffs`
--

DROP TABLE IF EXISTS `pd_tariffs`;
/*!40101 SET @saved_cs_client     = @@character_set_client */;
/*!40101 SET character_set_client = utf8 */;
CREATE TABLE `pd_tariffs` (
  `id` int(10) unsigned NOT NULL AUTO_INCREMENT,
  `project_details_id` int(10) unsigned NOT NULL,
  `name` varchar(255) COLLATE utf8mb4_unicode_ci NOT NULL,
  `description` text COLLATE utf8mb4_unicode_ci NOT NULL,
  `draft` tinyint(1) NOT NULL DEFAULT '0',
  `requested_modification` tinyint(1) NOT NULL DEFAULT '0',
  `published` tinyint(1) NOT NULL DEFAULT '1',
  `position` int(11) NOT NULL DEFAULT '0',
  `created_at` timestamp NULL DEFAULT NULL,
  `updated_at` timestamp NULL DEFAULT NULL,
  `value` varchar(191) COLLATE utf8mb4_unicode_ci DEFAULT NULL,
  `paidBy` varchar(191) COLLATE utf8mb4_unicode_ci DEFAULT NULL,
  `startDate` date DEFAULT NULL,
  `endDate` date DEFAULT NULL,
  PRIMARY KEY (`id`),
  KEY `pd_tariffs_project_details_id_index` (`project_details_id`),
  FULLTEXT KEY `pd_tariffs` (`name`,`description`),
  CONSTRAINT `pd_tariffs_project_details_id_foreign` FOREIGN KEY (`project_details_id`) REFERENCES `project_details` (`id`) ON DELETE CASCADE
) ENGINE=InnoDB AUTO_INCREMENT=103 DEFAULT CHARSET=utf8mb4 COLLATE=utf8mb4_unicode_ci;
/*!40101 SET character_set_client = @saved_cs_client */;

--
-- Dumping data for table `pd_tariffs`
--

LOCK TABLES `pd_tariffs` WRITE;
/*!40000 ALTER TABLE `pd_tariffs` DISABLE KEYS */;
INSERT INTO `pd_tariffs` VALUES (7,32,'Tariff 1','Tariff description',0,0,1,0,NULL,NULL,NULL,NULL,NULL,NULL),(8,32,'Tariff 2','Tariff description',0,0,1,0,NULL,NULL,NULL,NULL,NULL,NULL),(9,32,'Tariff 3','Tariff description',0,0,1,0,NULL,NULL,NULL,NULL,NULL,NULL),(10,32,'Tariff 4','Tariff description',0,0,1,0,NULL,NULL,NULL,NULL,NULL,NULL),(11,32,'Tariff 5','Tariff description',0,0,1,0,NULL,NULL,NULL,NULL,NULL,NULL),(12,32,'Tariff 6','Test',0,0,1,0,NULL,NULL,NULL,NULL,NULL,NULL),(13,33,'Tariff 1','Tariff description',0,0,1,0,NULL,NULL,NULL,NULL,NULL,NULL),(14,33,'Tariff 2','Tariff description',0,0,1,0,NULL,NULL,NULL,NULL,NULL,NULL),(15,33,'Tariff 3','Tariff description',0,0,1,0,NULL,NULL,NULL,NULL,NULL,NULL),(16,33,'Tariff 4','Tariff description',0,0,1,0,NULL,NULL,NULL,NULL,NULL,NULL),(17,33,'Tariff 5','Tariff description',0,0,1,0,NULL,NULL,NULL,NULL,NULL,NULL),(18,33,'Tariff 6','Test',0,0,1,0,NULL,NULL,NULL,NULL,NULL,NULL),(19,34,'Tariff 1','Tariff description',0,0,1,0,NULL,NULL,NULL,NULL,NULL,NULL),(20,34,'Tariff 2','Tariff description',0,0,1,0,NULL,NULL,NULL,NULL,NULL,NULL),(21,34,'Tariff 3','Tariff description',0,0,1,0,NULL,NULL,NULL,NULL,NULL,NULL),(22,34,'Tariff 4','Tariff description',0,0,1,0,NULL,NULL,NULL,NULL,NULL,NULL),(23,34,'Tariff 5','Tariff description',0,0,1,0,NULL,NULL,NULL,NULL,NULL,NULL),(24,34,'Tariff 6','Test',0,0,1,0,NULL,NULL,NULL,NULL,NULL,NULL),(31,36,'Tariff 1','Tariff description',0,0,1,0,NULL,NULL,NULL,NULL,NULL,NULL),(32,36,'Tariff 2','Tariff description',0,0,1,0,NULL,NULL,NULL,NULL,NULL,NULL),(33,36,'Tariff 3','Tariff description',0,0,1,0,NULL,NULL,NULL,NULL,NULL,NULL),(34,36,'Tariff 4','Tariff description',0,0,1,0,NULL,NULL,NULL,NULL,NULL,NULL),(35,36,'Tariff 5','Tariff description',0,0,1,0,NULL,NULL,NULL,NULL,NULL,NULL),(36,36,'Tariff 6','Test',0,0,1,0,NULL,NULL,NULL,NULL,NULL,NULL),(37,37,'Tariff 1','Tariff description',0,0,1,0,NULL,NULL,NULL,NULL,NULL,NULL),(38,37,'Tariff 2','Tariff description',0,0,1,0,NULL,NULL,NULL,NULL,NULL,NULL),(39,37,'Tariff 3','Tariff description',0,0,1,0,NULL,NULL,NULL,NULL,NULL,NULL),(40,37,'Tariff 4','Tariff description',0,0,1,0,NULL,NULL,NULL,NULL,NULL,NULL),(41,37,'Tariff 5','Tariff description',0,0,1,0,NULL,NULL,NULL,NULL,NULL,NULL),(42,37,'Tariff 6','Test',0,0,1,0,NULL,NULL,NULL,NULL,NULL,NULL),(43,38,'Tariff 1','Tariff description',0,0,1,0,NULL,NULL,NULL,NULL,NULL,NULL),(44,38,'Tariff 2','Tariff description',0,0,1,0,NULL,NULL,NULL,NULL,NULL,NULL),(45,38,'Tariff 3','Tariff description',0,0,1,0,NULL,NULL,NULL,NULL,NULL,NULL),(46,38,'Tariff 4','Tariff description',0,0,1,0,NULL,NULL,NULL,NULL,NULL,NULL),(47,38,'Tariff 5','Tariff description',0,0,1,0,NULL,NULL,NULL,NULL,NULL,NULL),(48,38,'Tariff 6','Test',0,0,1,0,NULL,NULL,NULL,NULL,NULL,NULL),(49,39,'Tariff 1','Tariff description',0,0,1,0,NULL,NULL,NULL,NULL,NULL,NULL),(50,39,'Tariff 2','Tariff description',0,0,1,0,NULL,NULL,NULL,NULL,NULL,NULL),(51,39,'Tariff 3','Tariff description',0,0,1,0,NULL,NULL,NULL,NULL,NULL,NULL),(52,39,'Tariff 4','Tariff description',0,0,1,0,NULL,NULL,NULL,NULL,NULL,NULL),(53,39,'Tariff 5','Tariff description',0,0,1,0,NULL,NULL,NULL,NULL,NULL,NULL),(54,39,'Tariff 6','Test',0,0,1,0,NULL,NULL,NULL,NULL,NULL,NULL),(55,40,'Tariff 1','Tariff description',0,0,1,0,NULL,NULL,NULL,NULL,NULL,NULL),(56,40,'Tariff 2','Tariff description',0,0,1,0,NULL,NULL,NULL,NULL,NULL,NULL),(57,40,'Tariff 3','Tariff description',0,0,1,0,NULL,NULL,NULL,NULL,NULL,NULL),(58,40,'Tariff 4','Tariff description',0,0,1,0,NULL,NULL,NULL,NULL,NULL,NULL),(59,40,'Tariff 5','Tariff description',0,0,1,0,NULL,NULL,NULL,NULL,NULL,NULL),(60,40,'Tariff 6','Test',0,0,1,0,NULL,NULL,NULL,NULL,NULL,NULL),(61,41,'Tariff 1','Tariff description',0,0,1,0,NULL,NULL,NULL,NULL,NULL,NULL),(62,41,'Tariff 2','Tariff description',0,0,1,0,NULL,NULL,NULL,NULL,NULL,NULL),(63,41,'Tariff 3','Tariff description',0,0,1,0,NULL,NULL,NULL,NULL,NULL,NULL),(64,41,'Tariff 4','Tariff description',0,0,1,0,NULL,NULL,NULL,NULL,NULL,NULL),(65,41,'Tariff 5','Tariff description',0,0,1,0,NULL,NULL,NULL,NULL,NULL,NULL),(66,41,'Tariff 6','Test',0,0,1,0,NULL,NULL,NULL,NULL,NULL,NULL),(67,42,'Tariff 1','Tariff description',0,0,1,0,NULL,NULL,NULL,NULL,NULL,NULL),(68,42,'Tariff 2','Tariff description',0,0,1,0,NULL,NULL,NULL,NULL,NULL,NULL),(69,42,'Tariff 3','Tariff description',0,0,1,0,NULL,NULL,NULL,NULL,NULL,NULL),(70,42,'Tariff 4','Tariff description',0,0,1,0,NULL,NULL,NULL,NULL,NULL,NULL),(71,42,'Tariff 5','Tariff description',0,0,1,0,NULL,NULL,NULL,NULL,NULL,NULL),(72,42,'Tariff 6','Test',0,0,1,0,NULL,NULL,NULL,NULL,NULL,NULL),(73,43,'Tariff 1','Tariff description',0,0,1,0,NULL,NULL,NULL,NULL,NULL,NULL),(74,43,'Tariff 2','Tariff description',0,0,1,0,NULL,NULL,NULL,NULL,NULL,NULL),(75,43,'Tariff 3','Tariff description',0,0,1,0,NULL,NULL,NULL,NULL,NULL,NULL),(76,43,'Tariff 4','Tariff description',0,0,1,0,NULL,NULL,NULL,NULL,NULL,NULL),(77,43,'Tariff 5','Tariff description',0,0,1,0,NULL,NULL,NULL,NULL,NULL,NULL),(78,43,'Tariff 6','Test',0,0,1,0,NULL,NULL,NULL,NULL,NULL,NULL),(79,44,'Tariff 1','Tariff description',0,0,1,0,NULL,NULL,NULL,NULL,NULL,NULL),(80,44,'Tariff 2','Tariff description',0,0,1,0,NULL,NULL,NULL,NULL,NULL,NULL),(81,44,'Tariff 3','Tariff description',0,0,1,0,NULL,NULL,NULL,NULL,NULL,NULL),(82,44,'Tariff 4','Tariff description',0,0,1,0,NULL,NULL,NULL,NULL,NULL,NULL),(83,44,'Tariff 5','Tariff description',0,0,1,0,NULL,NULL,NULL,NULL,NULL,NULL),(84,44,'Tariff 6','Test',0,0,1,0,NULL,NULL,NULL,NULL,NULL,NULL),(85,45,'Tariff 1','Tariff description',0,0,1,0,NULL,NULL,NULL,NULL,NULL,NULL),(86,45,'Tariff 2','Tariff description',0,0,1,0,NULL,NULL,NULL,NULL,NULL,NULL),(87,45,'Tariff 3','Tariff description',0,0,1,0,NULL,NULL,NULL,NULL,NULL,NULL),(88,45,'Tariff 4','Tariff description',0,0,1,0,NULL,NULL,NULL,NULL,NULL,NULL),(89,45,'Tariff 5','Tariff description',0,0,1,0,NULL,NULL,NULL,NULL,NULL,NULL),(90,45,'Tariff 6','Test',0,0,1,0,NULL,NULL,NULL,NULL,NULL,NULL),(97,47,'Tariff 1','Tariff description',0,0,1,0,NULL,NULL,NULL,NULL,NULL,NULL),(98,47,'Tariff 2','Tariff description',0,0,1,0,NULL,NULL,NULL,NULL,NULL,NULL),(99,47,'Tariff 3','Tariff description',0,0,1,0,NULL,NULL,NULL,NULL,NULL,NULL),(100,47,'Tariff 4','Tariff description',0,0,1,0,NULL,NULL,NULL,NULL,NULL,NULL),(101,47,'Tariff 5','Tariff description',0,0,1,0,NULL,NULL,NULL,NULL,NULL,NULL),(102,47,'Tariff 6','Test',0,0,1,0,NULL,NULL,NULL,NULL,NULL,NULL);
/*!40000 ALTER TABLE `pd_tariffs` ENABLE KEYS */;
UNLOCK TABLES;

--
-- Table structure for table `performance_information`
--

DROP TABLE IF EXISTS `performance_information`;
/*!40101 SET @saved_cs_client     = @@character_set_client */;
/*!40101 SET character_set_client = utf8 */;
CREATE TABLE `performance_information` (
  `id` int(10) unsigned NOT NULL AUTO_INCREMENT,
  `project_id` int(10) unsigned NOT NULL,
  `annual_demmand_active` tinyint(1) NOT NULL DEFAULT '0',
  `annual_demmand_private` tinyint(1) NOT NULL DEFAULT '0',
  `income_statements_active` tinyint(1) NOT NULL DEFAULT '0',
  `income_statements_private` tinyint(1) NOT NULL DEFAULT '0',
  `timeless_financial_active` tinyint(1) NOT NULL DEFAULT '0',
  `timeless_financial_private` tinyint(1) NOT NULL DEFAULT '0',
  `annual_financial_active` tinyint(1) NOT NULL DEFAULT '0',
  `annual_financial_private` tinyint(1) NOT NULL DEFAULT '0',
  `key_performance_active` tinyint(1) NOT NULL DEFAULT '1',
  `key_performance_private` tinyint(1) NOT NULL DEFAULT '0',
  `performance_failures_active` tinyint(1) NOT NULL DEFAULT '1',
  `performance_failures_private` tinyint(1) NOT NULL DEFAULT '0',
  `performance_assessment_active` tinyint(1) NOT NULL DEFAULT '1',
  `performance_assessment_private` tinyint(1) NOT NULL DEFAULT '0',
  `created_at` timestamp NULL DEFAULT NULL,
  `updated_at` timestamp NULL DEFAULT NULL,
  PRIMARY KEY (`id`),
  KEY `performance_information_project_id_index` (`project_id`),
  CONSTRAINT `performance_information_project_id_foreign` FOREIGN KEY (`project_id`) REFERENCES `projects` (`id`) ON DELETE CASCADE
) ENGINE=InnoDB AUTO_INCREMENT=48 DEFAULT CHARSET=utf8mb4 COLLATE=utf8mb4_unicode_ci;
/*!40101 SET character_set_client = @saved_cs_client */;

--
-- Dumping data for table `performance_information`
--

LOCK TABLES `performance_information` WRITE;
/*!40000 ALTER TABLE `performance_information` DISABLE KEYS */;
INSERT INTO `performance_information` VALUES (32,32,0,0,0,0,0,0,0,0,1,0,1,0,1,0,NULL,NULL),(33,33,0,0,0,0,0,0,0,0,1,0,1,0,1,0,NULL,NULL),(34,34,0,0,0,0,0,0,0,0,1,0,1,0,1,0,NULL,NULL),(36,36,0,0,0,0,0,0,0,0,1,0,1,0,1,0,NULL,NULL),(37,37,0,0,0,0,0,0,0,0,1,0,1,0,1,0,NULL,NULL),(38,38,0,0,0,0,0,0,0,0,1,0,1,0,1,0,NULL,NULL),(39,39,0,0,0,0,0,0,0,0,1,0,1,0,1,0,NULL,NULL),(40,40,0,0,0,0,0,0,0,0,1,0,1,0,1,0,NULL,NULL),(41,41,0,0,0,0,0,0,0,0,1,0,1,0,1,0,NULL,NULL),(42,42,0,0,0,0,0,0,0,0,1,0,1,0,1,0,NULL,NULL),(43,43,0,0,0,0,0,0,0,0,1,0,1,0,1,0,NULL,NULL),(44,44,0,0,0,0,0,0,0,0,1,0,1,0,1,0,NULL,NULL),(45,45,0,0,0,0,0,0,0,0,1,0,1,0,1,0,NULL,NULL),(47,47,0,0,0,0,0,0,0,0,1,0,1,0,1,0,NULL,NULL);
/*!40000 ALTER TABLE `performance_information` ENABLE KEYS */;
UNLOCK TABLES;

--
-- Table structure for table `permission_user_project`
--

DROP TABLE IF EXISTS `permission_user_project`;
/*!40101 SET @saved_cs_client     = @@character_set_client */;
/*!40101 SET character_set_client = utf8 */;
CREATE TABLE `permission_user_project` (
  `id` int(10) unsigned NOT NULL AUTO_INCREMENT,
  `user_id` int(10) unsigned NOT NULL,
  `project_id` int(10) unsigned NOT NULL,
  `created_at` timestamp NULL DEFAULT NULL,
  `updated_at` timestamp NULL DEFAULT NULL,
  PRIMARY KEY (`id`),
  KEY `permission_user_project_user_id_index` (`user_id`),
  KEY `permission_user_project_project_id_index` (`project_id`),
  CONSTRAINT `permission_user_project_project_id_foreign` FOREIGN KEY (`project_id`) REFERENCES `projects` (`id`) ON DELETE CASCADE,
  CONSTRAINT `permission_user_project_user_id_foreign` FOREIGN KEY (`user_id`) REFERENCES `users` (`id`) ON DELETE CASCADE
) ENGINE=InnoDB AUTO_INCREMENT=90 DEFAULT CHARSET=utf8mb4 COLLATE=utf8mb4_unicode_ci;
/*!40101 SET character_set_client = @saved_cs_client */;

--
-- Dumping data for table `permission_user_project`
--

LOCK TABLES `permission_user_project` WRITE;
/*!40000 ALTER TABLE `permission_user_project` DISABLE KEYS */;
/*!40000 ALTER TABLE `permission_user_project` ENABLE KEYS */;
UNLOCK TABLES;

--
-- Table structure for table `permission_user_section`
--

DROP TABLE IF EXISTS `permission_user_section`;
/*!40101 SET @saved_cs_client     = @@character_set_client */;
/*!40101 SET character_set_client = utf8 */;
CREATE TABLE `permission_user_section` (
  `id` int(10) unsigned NOT NULL AUTO_INCREMENT,
  `user_id` int(10) unsigned NOT NULL,
  `section_id` int(10) unsigned NOT NULL,
  `created_at` timestamp NULL DEFAULT NULL,
  `updated_at` timestamp NULL DEFAULT NULL,
  PRIMARY KEY (`id`),
  KEY `permission_user_section_user_id_index` (`user_id`),
  KEY `permission_user_section_section_id_index` (`section_id`),
  CONSTRAINT `permission_user_section_section_id_foreign` FOREIGN KEY (`section_id`) REFERENCES `sections` (`id`),
  CONSTRAINT `permission_user_section_user_id_foreign` FOREIGN KEY (`user_id`) REFERENCES `users` (`id`) ON DELETE CASCADE
) ENGINE=InnoDB AUTO_INCREMENT=166 DEFAULT CHARSET=utf8mb4 COLLATE=utf8mb4_unicode_ci;
/*!40101 SET character_set_client = @saved_cs_client */;

--
-- Dumping data for table `permission_user_section`
--

LOCK TABLES `permission_user_section` WRITE;
/*!40000 ALTER TABLE `permission_user_section` DISABLE KEYS */;
INSERT INTO `permission_user_section` VALUES (1,2,1,NULL,NULL),(2,2,2,NULL,NULL),(3,2,3,NULL,NULL),(4,2,12,NULL,NULL),(5,2,13,NULL,NULL),(6,2,14,NULL,NULL),(7,2,15,NULL,NULL),(8,2,16,NULL,NULL),(9,3,1,NULL,NULL),(10,3,2,NULL,NULL),(11,3,3,NULL,NULL),(12,3,12,NULL,NULL),(13,3,13,NULL,NULL),(14,3,14,NULL,NULL),(15,3,4,NULL,NULL),(16,3,5,NULL,NULL),(17,3,6,NULL,NULL),(18,3,7,NULL,NULL),(19,3,8,NULL,NULL),(20,3,9,NULL,NULL),(21,3,10,NULL,NULL),(22,4,1,NULL,NULL),(23,4,2,NULL,NULL),(24,4,3,NULL,NULL),(25,4,12,NULL,NULL),(26,4,13,NULL,NULL),(27,4,14,NULL,NULL),(28,4,15,NULL,NULL),(29,4,16,NULL,NULL),(30,4,17,NULL,NULL),(31,4,18,NULL,NULL),(32,4,19,NULL,NULL),(33,4,20,NULL,NULL),(34,4,21,NULL,NULL),(35,4,22,NULL,NULL),(36,4,4,NULL,NULL),(37,4,5,NULL,NULL),(38,4,6,NULL,NULL),(39,4,7,NULL,NULL),(40,4,8,NULL,NULL),(41,4,9,NULL,NULL),(42,4,10,NULL,NULL),(43,5,1,NULL,NULL),(44,5,2,NULL,NULL),(45,5,3,NULL,NULL),(46,5,11,NULL,NULL),(47,5,12,NULL,NULL),(48,5,13,NULL,NULL),(49,5,14,NULL,NULL),(50,5,15,NULL,NULL),(51,5,16,NULL,NULL),(53,5,18,NULL,NULL),(54,5,19,NULL,NULL),(55,5,20,NULL,NULL),(56,5,21,NULL,NULL),(57,5,22,NULL,NULL),(58,5,4,NULL,NULL),(62,5,8,NULL,NULL),(63,5,9,NULL,NULL),(64,5,10,NULL,NULL),(65,5,1,NULL,NULL),(66,5,2,NULL,NULL),(67,5,3,NULL,NULL),(68,5,11,NULL,NULL),(69,5,12,NULL,NULL),(70,5,13,NULL,NULL),(71,5,14,NULL,NULL),(72,5,15,NULL,NULL),(73,5,16,NULL,NULL),(75,5,18,NULL,NULL),(76,5,19,NULL,NULL),(77,5,20,NULL,NULL),(78,5,21,NULL,NULL),(79,5,22,NULL,NULL),(80,8,1,NULL,NULL),(81,8,4,NULL,NULL),(82,8,2,NULL,NULL),(83,8,8,NULL,NULL),(84,8,15,NULL,NULL),(85,8,9,NULL,NULL),(86,8,3,NULL,NULL),(87,8,10,NULL,NULL),(88,8,12,NULL,NULL),(89,8,13,NULL,NULL),(90,8,14,NULL,NULL),(91,8,18,NULL,NULL),(93,8,19,NULL,NULL),(94,8,20,NULL,NULL),(95,8,21,NULL,NULL),(96,8,22,NULL,NULL),(97,8,23,NULL,NULL),(98,9,1,NULL,NULL),(99,9,4,NULL,NULL),(100,9,2,NULL,NULL),(101,9,8,NULL,NULL),(102,9,15,NULL,NULL),(103,9,9,NULL,NULL),(104,9,3,NULL,NULL),(105,9,10,NULL,NULL),(106,9,12,NULL,NULL),(107,9,13,NULL,NULL),(108,9,14,NULL,NULL),(109,9,23,NULL,NULL),(110,9,18,NULL,NULL),(111,9,19,NULL,NULL),(112,9,20,NULL,NULL),(113,9,21,NULL,NULL),(114,9,22,NULL,NULL),(115,10,1,NULL,NULL),(116,10,4,NULL,NULL),(117,10,2,NULL,NULL),(118,10,8,NULL,NULL),(119,10,15,NULL,NULL),(120,10,9,NULL,NULL),(121,10,3,NULL,NULL),(122,10,10,NULL,NULL),(123,10,12,NULL,NULL),(124,10,13,NULL,NULL),(125,10,14,NULL,NULL),(126,10,23,NULL,NULL),(127,10,18,NULL,NULL),(128,10,19,NULL,NULL),(129,10,20,NULL,NULL),(130,10,21,NULL,NULL),(131,10,22,NULL,NULL),(132,11,1,NULL,NULL),(133,11,4,NULL,NULL),(134,11,2,NULL,NULL),(135,11,8,NULL,NULL),(136,11,15,NULL,NULL),(137,11,9,NULL,NULL),(138,11,3,NULL,NULL),(139,11,10,NULL,NULL),(140,11,12,NULL,NULL),(141,11,13,NULL,NULL),(142,11,14,NULL,NULL),(143,11,23,NULL,NULL),(144,11,18,NULL,NULL),(145,11,19,NULL,NULL),(146,11,20,NULL,NULL),(147,11,21,NULL,NULL),(148,11,22,NULL,NULL),(149,12,1,NULL,NULL),(150,12,4,NULL,NULL),(151,12,2,NULL,NULL),(152,12,8,NULL,NULL),(153,12,15,NULL,NULL),(154,12,9,NULL,NULL),(155,12,3,NULL,NULL),(156,12,10,NULL,NULL),(157,12,12,NULL,NULL),(158,12,13,NULL,NULL),(159,12,14,NULL,NULL),(160,12,23,NULL,NULL),(161,12,18,NULL,NULL),(162,12,19,NULL,NULL),(163,12,20,NULL,NULL),(164,12,21,NULL,NULL),(165,12,22,NULL,NULL);
/*!40000 ALTER TABLE `permission_user_section` ENABLE KEYS */;
UNLOCK TABLES;

--
-- Table structure for table `pi_annual_demand_level_type`
--

DROP TABLE IF EXISTS `pi_annual_demand_level_type`;
/*!40101 SET @saved_cs_client     = @@character_set_client */;
/*!40101 SET character_set_client = utf8 */;
CREATE TABLE `pi_annual_demand_level_type` (
  `id` int(10) unsigned NOT NULL AUTO_INCREMENT,
  `type` varchar(191) COLLATE utf8mb4_unicode_ci NOT NULL,
  `unit` varchar(191) COLLATE utf8mb4_unicode_ci NOT NULL,
  `created_at` timestamp NULL DEFAULT NULL,
  `updated_at` timestamp NULL DEFAULT NULL,
  PRIMARY KEY (`id`),
  UNIQUE KEY `pi_annual_demand_level_type_type_unit_unique` (`type`,`unit`)
) ENGINE=InnoDB AUTO_INCREMENT=3 DEFAULT CHARSET=utf8mb4 COLLATE=utf8mb4_unicode_ci;
/*!40101 SET character_set_client = @saved_cs_client */;

--
-- Dumping data for table `pi_annual_demand_level_type`
--

LOCK TABLES `pi_annual_demand_level_type` WRITE;
/*!40000 ALTER TABLE `pi_annual_demand_level_type` DISABLE KEYS */;
INSERT INTO `pi_annual_demand_level_type` VALUES (1,'Electricity','kWh',NULL,NULL),(2,'Water','m',NULL,NULL);
/*!40000 ALTER TABLE `pi_annual_demand_level_type` ENABLE KEYS */;
UNLOCK TABLES;

--
-- Table structure for table `pi_annual_demand_levels`
--

DROP TABLE IF EXISTS `pi_annual_demand_levels`;
/*!40101 SET @saved_cs_client     = @@character_set_client */;
/*!40101 SET character_set_client = utf8 */;
CREATE TABLE `pi_annual_demand_levels` (
  `id` int(10) unsigned NOT NULL AUTO_INCREMENT,
  `year` int(11) NOT NULL,
  `value` double(8,2) NOT NULL,
  `type_id` int(10) unsigned NOT NULL,
  `pi_annual_demand_levels_main_id` int(10) unsigned NOT NULL,
  `created_at` timestamp NULL DEFAULT NULL,
  `updated_at` timestamp NULL DEFAULT NULL,
  PRIMARY KEY (`id`),
  KEY `pi_annual_demand_levels_type_id_index` (`type_id`),
  KEY `pi_annual_demand_levels_pi_annual_demand_levels_main_id_index` (`pi_annual_demand_levels_main_id`),
  CONSTRAINT `pi_annual_demand_levels_pi_annual_demand_levels_main_id_foreign` FOREIGN KEY (`pi_annual_demand_levels_main_id`) REFERENCES `pi_annual_demand_levels_main` (`id`) ON DELETE CASCADE,
  CONSTRAINT `pi_annual_demand_levels_type_id_foreign` FOREIGN KEY (`type_id`) REFERENCES `pi_annual_demand_level_type` (`id`)
) ENGINE=InnoDB DEFAULT CHARSET=utf8mb4 COLLATE=utf8mb4_unicode_ci;
/*!40101 SET character_set_client = @saved_cs_client */;

--
-- Dumping data for table `pi_annual_demand_levels`
--

LOCK TABLES `pi_annual_demand_levels` WRITE;
/*!40000 ALTER TABLE `pi_annual_demand_levels` DISABLE KEYS */;
/*!40000 ALTER TABLE `pi_annual_demand_levels` ENABLE KEYS */;
UNLOCK TABLES;

--
-- Table structure for table `pi_annual_demand_levels_main`
--

DROP TABLE IF EXISTS `pi_annual_demand_levels_main`;
/*!40101 SET @saved_cs_client     = @@character_set_client */;
/*!40101 SET character_set_client = utf8 */;
CREATE TABLE `pi_annual_demand_levels_main` (
  `id` int(10) unsigned NOT NULL AUTO_INCREMENT,
  `draft` tinyint(1) NOT NULL DEFAULT '0',
  `requested_modification` tinyint(1) NOT NULL DEFAULT '0',
  `published` tinyint(1) NOT NULL DEFAULT '0',
  `performance_information_id` int(10) unsigned NOT NULL,
  `created_at` timestamp NULL DEFAULT NULL,
  `updated_at` timestamp NULL DEFAULT NULL,
  PRIMARY KEY (`id`),
  KEY `pi_annual_demand_levels_main_performance_information_id_index` (`performance_information_id`),
  CONSTRAINT `pi_annual_demand_levels_main_performance_information_id_foreign` FOREIGN KEY (`performance_information_id`) REFERENCES `performance_information` (`id`) ON DELETE CASCADE
) ENGINE=InnoDB DEFAULT CHARSET=utf8mb4 COLLATE=utf8mb4_unicode_ci;
/*!40101 SET character_set_client = @saved_cs_client */;

--
-- Dumping data for table `pi_annual_demand_levels_main`
--

LOCK TABLES `pi_annual_demand_levels_main` WRITE;
/*!40000 ALTER TABLE `pi_annual_demand_levels_main` DISABLE KEYS */;
/*!40000 ALTER TABLE `pi_annual_demand_levels_main` ENABLE KEYS */;
UNLOCK TABLES;

--
-- Table structure for table `pi_income_statements_main`
--

DROP TABLE IF EXISTS `pi_income_statements_main`;
/*!40101 SET @saved_cs_client     = @@character_set_client */;
/*!40101 SET character_set_client = utf8 */;
CREATE TABLE `pi_income_statements_main` (
  `id` int(10) unsigned NOT NULL AUTO_INCREMENT,
  `draft` tinyint(1) NOT NULL DEFAULT '0',
  `requested_modification` tinyint(1) NOT NULL DEFAULT '0',
  `published` tinyint(1) NOT NULL DEFAULT '0',
  `performance_information_id` int(10) unsigned NOT NULL,
  `created_at` timestamp NULL DEFAULT NULL,
  `updated_at` timestamp NULL DEFAULT NULL,
  PRIMARY KEY (`id`),
  KEY `pi_income_statements_main_performance_information_id_index` (`performance_information_id`),
  CONSTRAINT `pi_income_statements_main_performance_information_id_foreign` FOREIGN KEY (`performance_information_id`) REFERENCES `performance_information` (`id`) ON DELETE CASCADE
) ENGINE=InnoDB DEFAULT CHARSET=utf8mb4 COLLATE=utf8mb4_unicode_ci;
/*!40101 SET character_set_client = @saved_cs_client */;

--
-- Dumping data for table `pi_income_statements_main`
--

LOCK TABLES `pi_income_statements_main` WRITE;
/*!40000 ALTER TABLE `pi_income_statements_main` DISABLE KEYS */;
/*!40000 ALTER TABLE `pi_income_statements_main` ENABLE KEYS */;
UNLOCK TABLES;

--
-- Table structure for table `pi_income_statements_metrics`
--

DROP TABLE IF EXISTS `pi_income_statements_metrics`;
/*!40101 SET @saved_cs_client     = @@character_set_client */;
/*!40101 SET character_set_client = utf8 */;
CREATE TABLE `pi_income_statements_metrics` (
  `id` int(10) unsigned NOT NULL AUTO_INCREMENT,
  `pi_income_statement_main_id` int(10) unsigned NOT NULL,
  `year` varchar(191) COLLATE utf8mb4_unicode_ci NOT NULL,
  `value` double(8,2) NOT NULL,
  `type_id` int(10) unsigned NOT NULL,
  `created_at` timestamp NULL DEFAULT NULL,
  `updated_at` timestamp NULL DEFAULT NULL,
  PRIMARY KEY (`id`),
  KEY `pi_income_statements_metrics_pi_income_statement_main_id_index` (`pi_income_statement_main_id`),
  KEY `pi_income_statements_metrics_type_id_index` (`type_id`),
  CONSTRAINT `pi_income_statements_metrics_pi_income_statement_main_id_foreign` FOREIGN KEY (`pi_income_statement_main_id`) REFERENCES `pi_income_statements_main` (`id`) ON DELETE CASCADE,
  CONSTRAINT `pi_income_statements_metrics_type_id_foreign` FOREIGN KEY (`type_id`) REFERENCES `pi_income_statements_metrics_types` (`id`)
) ENGINE=InnoDB DEFAULT CHARSET=utf8mb4 COLLATE=utf8mb4_unicode_ci;
/*!40101 SET character_set_client = @saved_cs_client */;

--
-- Dumping data for table `pi_income_statements_metrics`
--

LOCK TABLES `pi_income_statements_metrics` WRITE;
/*!40000 ALTER TABLE `pi_income_statements_metrics` DISABLE KEYS */;
/*!40000 ALTER TABLE `pi_income_statements_metrics` ENABLE KEYS */;
UNLOCK TABLES;

--
-- Table structure for table `pi_income_statements_metrics_types`
--

DROP TABLE IF EXISTS `pi_income_statements_metrics_types`;
/*!40101 SET @saved_cs_client     = @@character_set_client */;
/*!40101 SET character_set_client = utf8 */;
CREATE TABLE `pi_income_statements_metrics_types` (
  `id` int(10) unsigned NOT NULL AUTO_INCREMENT,
  `currency_id` int(10) unsigned NOT NULL,
  `name` varchar(191) COLLATE utf8mb4_unicode_ci NOT NULL,
  `created_at` timestamp NULL DEFAULT NULL,
  `updated_at` timestamp NULL DEFAULT NULL,
  PRIMARY KEY (`id`),
  UNIQUE KEY `currency_id` (`name`),
  KEY `pi_income_statements_metrics_types_currency_id_index` (`currency_id`),
  CONSTRAINT `pi_income_statements_metrics_types_currency_id_foreign` FOREIGN KEY (`currency_id`) REFERENCES `currencies` (`id`)
) ENGINE=InnoDB AUTO_INCREMENT=3 DEFAULT CHARSET=utf8mb4 COLLATE=utf8mb4_unicode_ci;
/*!40101 SET character_set_client = @saved_cs_client */;

--
-- Dumping data for table `pi_income_statements_metrics_types`
--

LOCK TABLES `pi_income_statements_metrics_types` WRITE;
/*!40000 ALTER TABLE `pi_income_statements_metrics_types` DISABLE KEYS */;
INSERT INTO `pi_income_statements_metrics_types` VALUES (1,2,'Revenue',NULL,NULL),(2,2,'EBITDA',NULL,NULL);
/*!40000 ALTER TABLE `pi_income_statements_metrics_types` ENABLE KEYS */;
UNLOCK TABLES;

--
-- Table structure for table `pi_key_performance_indicators`
--

DROP TABLE IF EXISTS `pi_key_performance_indicators`;
/*!40101 SET @saved_cs_client     = @@character_set_client */;
/*!40101 SET character_set_client = utf8 */;
CREATE TABLE `pi_key_performance_indicators` (
  `id` int(10) unsigned NOT NULL AUTO_INCREMENT,
  `year` int(11) NOT NULL,
  `target` varchar(255) COLLATE utf8mb4_unicode_ci DEFAULT NULL,
  `achievement` varchar(255) COLLATE utf8mb4_unicode_ci DEFAULT NULL,
  `type_id` int(10) unsigned NOT NULL,
  `pi_key_performance_main_id` int(10) unsigned NOT NULL,
  `created_at` timestamp NULL DEFAULT NULL,
  `updated_at` timestamp NULL DEFAULT NULL,
  PRIMARY KEY (`id`),
  KEY `pi_key_performance_indicators_type_id_index` (`type_id`),
  KEY `pi_key_performance_indicators_pi_key_performance_main_id_index` (`pi_key_performance_main_id`),
  CONSTRAINT `pi_key_performance_indicators_pi_key_performance_main_id_foreign` FOREIGN KEY (`pi_key_performance_main_id`) REFERENCES `pi_key_performance_main` (`id`) ON DELETE CASCADE,
  CONSTRAINT `pi_key_performance_indicators_type_id_foreign` FOREIGN KEY (`type_id`) REFERENCES `pi_key_performance_indicators_kpi_types` (`id`)
) ENGINE=InnoDB AUTO_INCREMENT=171 DEFAULT CHARSET=utf8mb4 COLLATE=utf8mb4_unicode_ci;
/*!40101 SET character_set_client = @saved_cs_client */;

--
-- Dumping data for table `pi_key_performance_indicators`
--

LOCK TABLES `pi_key_performance_indicators` WRITE;
/*!40000 ALTER TABLE `pi_key_performance_indicators` DISABLE KEYS */;
INSERT INTO `pi_key_performance_indicators` VALUES (11,2016,'1','1',1,32,NULL,NULL),(12,2017,'4','1',1,32,NULL,NULL),(13,2018,'1','1',1,32,NULL,NULL),(14,2019,'1','50',1,32,NULL,NULL),(15,2020,'5','50',1,32,NULL,NULL),(16,2016,'1','1',2,32,NULL,NULL),(17,2017,'1','1',2,32,NULL,NULL),(18,2018,'1','1',2,32,NULL,NULL),(19,2019,'1','1',2,32,NULL,NULL),(20,2020,'1','1',2,32,NULL,NULL),(21,2016,'1','1',1,33,NULL,NULL),(22,2017,'4','1',1,33,NULL,NULL),(23,2018,'1','1',1,33,NULL,NULL),(24,2019,'1','50',1,33,NULL,NULL),(25,2020,'5','50',1,33,NULL,NULL),(26,2016,'1','1',2,33,NULL,NULL),(27,2017,'1','1',2,33,NULL,NULL),(28,2018,'1','1',2,33,NULL,NULL),(29,2019,'1','1',2,33,NULL,NULL),(30,2020,'1','1',2,33,NULL,NULL),(31,2016,'1','1',1,34,NULL,NULL),(32,2017,'4','1',1,34,NULL,NULL),(33,2018,'1','1',1,34,NULL,NULL),(34,2019,'1','50',1,34,NULL,NULL),(35,2020,'5','50',1,34,NULL,NULL),(36,2016,'1','1',2,34,NULL,NULL),(37,2017,'1','1',2,34,NULL,NULL),(38,2018,'1','1',2,34,NULL,NULL),(39,2019,'1','1',2,34,NULL,NULL),(40,2020,'1','1',2,34,NULL,NULL),(51,2016,'1','1',1,36,NULL,NULL),(52,2017,'4','1',1,36,NULL,NULL),(53,2018,'1','1',1,36,NULL,NULL),(54,2019,'1','50',1,36,NULL,NULL),(55,2020,'5','50',1,36,NULL,NULL),(56,2016,'1','1',2,36,NULL,NULL),(57,2017,'1','1',2,36,NULL,NULL),(58,2018,'1','1',2,36,NULL,NULL),(59,2019,'1','1',2,36,NULL,NULL),(60,2020,'1','1',2,36,NULL,NULL),(61,2016,'1','1',1,37,NULL,NULL),(62,2017,'4','1',1,37,NULL,NULL),(63,2018,'1','1',1,37,NULL,NULL),(64,2019,'1','50',1,37,NULL,NULL),(65,2020,'5','50',1,37,NULL,NULL),(66,2016,'1','1',2,37,NULL,NULL),(67,2017,'1','1',2,37,NULL,NULL),(68,2018,'1','1',2,37,NULL,NULL),(69,2019,'1','1',2,37,NULL,NULL),(70,2020,'1','1',2,37,NULL,NULL),(71,2016,'1','1',1,38,NULL,NULL),(72,2017,'4','1',1,38,NULL,NULL),(73,2018,'1','1',1,38,NULL,NULL),(74,2019,'1','50',1,38,NULL,NULL),(75,2020,'5','50',1,38,NULL,NULL),(76,2016,'1','1',2,38,NULL,NULL),(77,2017,'1','1',2,38,NULL,NULL),(78,2018,'1','1',2,38,NULL,NULL),(79,2019,'1','1',2,38,NULL,NULL),(80,2020,'1','1',2,38,NULL,NULL),(81,2016,'1','1',1,39,NULL,NULL),(82,2017,'4','1',1,39,NULL,NULL),(83,2018,'1','1',1,39,NULL,NULL),(84,2019,'1','50',1,39,NULL,NULL),(85,2020,'5','50',1,39,NULL,NULL),(86,2016,'1','1',2,39,NULL,NULL),(87,2017,'1','1',2,39,NULL,NULL),(88,2018,'1','1',2,39,NULL,NULL),(89,2019,'1','1',2,39,NULL,NULL),(90,2020,'1','1',2,39,NULL,NULL),(91,2016,'1','1',1,40,NULL,NULL),(92,2017,'4','1',1,40,NULL,NULL),(93,2018,'1','1',1,40,NULL,NULL),(94,2019,'1','50',1,40,NULL,NULL),(95,2020,'5','50',1,40,NULL,NULL),(96,2016,'1','1',2,40,NULL,NULL),(97,2017,'1','1',2,40,NULL,NULL),(98,2018,'1','1',2,40,NULL,NULL),(99,2019,'1','1',2,40,NULL,NULL),(100,2020,'1','1',2,40,NULL,NULL),(101,2016,'1','1',1,41,NULL,NULL),(102,2017,'4','1',1,41,NULL,NULL),(103,2018,'1','1',1,41,NULL,NULL),(104,2019,'1','50',1,41,NULL,NULL),(105,2020,'5','50',1,41,NULL,NULL),(106,2016,'1','1',2,41,NULL,NULL),(107,2017,'1','1',2,41,NULL,NULL),(108,2018,'1','1',2,41,NULL,NULL),(109,2019,'1','1',2,41,NULL,NULL),(110,2020,'1','1',2,41,NULL,NULL),(111,2016,'1','1',1,42,NULL,NULL),(112,2017,'4','1',1,42,NULL,NULL),(113,2018,'1','1',1,42,NULL,NULL),(114,2019,'1','50',1,42,NULL,NULL),(115,2020,'5','50',1,42,NULL,NULL),(116,2016,'1','1',2,42,NULL,NULL),(117,2017,'1','1',2,42,NULL,NULL),(118,2018,'1','1',2,42,NULL,NULL),(119,2019,'1','1',2,42,NULL,NULL),(120,2020,'1','1',2,42,NULL,NULL),(121,2016,'1','1',1,43,NULL,NULL),(122,2017,'4','1',1,43,NULL,NULL),(123,2018,'1','1',1,43,NULL,NULL),(124,2019,'1','50',1,43,NULL,NULL),(125,2020,'5','50',1,43,NULL,NULL),(126,2016,'1','1',2,43,NULL,NULL),(127,2017,'1','1',2,43,NULL,NULL),(128,2018,'1','1',2,43,NULL,NULL),(129,2019,'1','1',2,43,NULL,NULL),(130,2020,'1','1',2,43,NULL,NULL),(131,2016,'1','1',1,44,NULL,NULL),(132,2017,'4','1',1,44,NULL,NULL),(133,2018,'1','1',1,44,NULL,NULL),(134,2019,'1','50',1,44,NULL,NULL),(135,2020,'5','50',1,44,NULL,NULL),(136,2016,'1','1',2,44,NULL,NULL),(137,2017,'1','1',2,44,NULL,NULL),(138,2018,'1','1',2,44,NULL,NULL),(139,2019,'1','1',2,44,NULL,NULL),(140,2020,'1','1',2,44,NULL,NULL),(141,2016,'1','1',1,45,NULL,NULL),(142,2017,'4','1',1,45,NULL,NULL),(143,2018,'1','1',1,45,NULL,NULL),(144,2019,'1','50',1,45,NULL,NULL),(145,2020,'5','50',1,45,NULL,NULL),(146,2016,'1','1',2,45,NULL,NULL),(147,2017,'1','1',2,45,NULL,NULL),(148,2018,'1','1',2,45,NULL,NULL),(149,2019,'1','1',2,45,NULL,NULL),(150,2020,'1','1',2,45,NULL,NULL),(161,2016,'1','1',1,47,NULL,NULL),(162,2017,'4','1',1,47,NULL,NULL),(163,2018,'1','1',1,47,NULL,NULL),(164,2019,'1','50',1,47,NULL,NULL),(165,2020,'5','50',1,47,NULL,NULL),(166,2016,'1','1',2,47,NULL,NULL),(167,2017,'1','1',2,47,NULL,NULL),(168,2018,'1','1',2,47,NULL,NULL),(169,2019,'1','1',2,47,NULL,NULL),(170,2020,'1','1',2,47,NULL,NULL);
/*!40000 ALTER TABLE `pi_key_performance_indicators` ENABLE KEYS */;
UNLOCK TABLES;

--
-- Table structure for table `pi_key_performance_indicators_kpi_types`
--

DROP TABLE IF EXISTS `pi_key_performance_indicators_kpi_types`;
/*!40101 SET @saved_cs_client     = @@character_set_client */;
/*!40101 SET character_set_client = utf8 */;
CREATE TABLE `pi_key_performance_indicators_kpi_types` (
  `id` int(10) unsigned NOT NULL AUTO_INCREMENT,
  `name` varchar(191) COLLATE utf8mb4_unicode_ci NOT NULL,
  `unit` varchar(191) COLLATE utf8mb4_unicode_ci NOT NULL,
  `draft` tinyint(1) NOT NULL DEFAULT '0',
  `requested_modification` tinyint(1) NOT NULL DEFAULT '0',
  `published` tinyint(1) NOT NULL DEFAULT '0',
  `created_at` timestamp NULL DEFAULT NULL,
  `updated_at` timestamp NULL DEFAULT NULL,
  PRIMARY KEY (`id`),
  UNIQUE KEY `pi_key_performance_indicators_kpi_types_name_unit_unique` (`name`,`unit`)
) ENGINE=InnoDB AUTO_INCREMENT=4 DEFAULT CHARSET=utf8mb4 COLLATE=utf8mb4_unicode_ci;
/*!40101 SET character_set_client = @saved_cs_client */;

--
-- Dumping data for table `pi_key_performance_indicators_kpi_types`
--

LOCK TABLES `pi_key_performance_indicators_kpi_types` WRITE;
/*!40000 ALTER TABLE `pi_key_performance_indicators_kpi_types` DISABLE KEYS */;
INSERT INTO `pi_key_performance_indicators_kpi_types` VALUES (1,'Water loses','m',0,0,0,NULL,NULL),(2,'Energy loses','m',0,0,0,NULL,NULL),(3,'test milestone','l',0,0,0,'2020-01-21 17:00:20','2020-01-21 17:00:20');
/*!40000 ALTER TABLE `pi_key_performance_indicators_kpi_types` ENABLE KEYS */;
UNLOCK TABLES;

--
-- Table structure for table `pi_key_performance_main`
--

DROP TABLE IF EXISTS `pi_key_performance_main`;
/*!40101 SET @saved_cs_client     = @@character_set_client */;
/*!40101 SET character_set_client = utf8 */;
CREATE TABLE `pi_key_performance_main` (
  `id` int(10) unsigned NOT NULL AUTO_INCREMENT,
  `performance_information_id` int(10) unsigned NOT NULL,
  `draft` tinyint(1) NOT NULL DEFAULT '0',
  `requested_modification` tinyint(1) NOT NULL DEFAULT '0',
  `published` tinyint(1) NOT NULL DEFAULT '0',
  `created_at` timestamp NULL DEFAULT NULL,
  `updated_at` timestamp NULL DEFAULT NULL,
  PRIMARY KEY (`id`),
  KEY `pi_key_performance_main_performance_information_id_index` (`performance_information_id`),
  CONSTRAINT `pi_key_performance_main_performance_information_id_foreign` FOREIGN KEY (`performance_information_id`) REFERENCES `performance_information` (`id`) ON DELETE CASCADE
) ENGINE=InnoDB AUTO_INCREMENT=48 DEFAULT CHARSET=utf8mb4 COLLATE=utf8mb4_unicode_ci;
/*!40101 SET character_set_client = @saved_cs_client */;

--
-- Dumping data for table `pi_key_performance_main`
--

LOCK TABLES `pi_key_performance_main` WRITE;
/*!40000 ALTER TABLE `pi_key_performance_main` DISABLE KEYS */;
INSERT INTO `pi_key_performance_main` VALUES (32,32,0,0,0,NULL,NULL),(33,33,0,0,0,NULL,NULL),(34,34,0,0,0,NULL,NULL),(36,36,0,0,0,NULL,NULL),(37,37,0,0,0,NULL,NULL),(38,38,0,0,0,NULL,NULL),(39,39,0,0,0,NULL,NULL),(40,40,0,0,0,NULL,NULL),(41,41,0,0,0,NULL,NULL),(42,42,0,0,0,NULL,NULL),(43,43,0,0,0,NULL,NULL),(44,44,0,0,0,NULL,NULL),(45,45,0,0,0,NULL,NULL),(47,47,0,0,0,NULL,NULL);
/*!40000 ALTER TABLE `pi_key_performance_main` ENABLE KEYS */;
UNLOCK TABLES;

--
-- Table structure for table `pi_other_financial_metrics_annual`
--

DROP TABLE IF EXISTS `pi_other_financial_metrics_annual`;
/*!40101 SET @saved_cs_client     = @@character_set_client */;
/*!40101 SET character_set_client = utf8 */;
CREATE TABLE `pi_other_financial_metrics_annual` (
  `id` int(10) unsigned NOT NULL AUTO_INCREMENT,
  `pi_other_main_id` int(10) unsigned NOT NULL,
  `type_id` int(10) unsigned NOT NULL,
  `value` varchar(191) COLLATE utf8mb4_unicode_ci NOT NULL DEFAULT '0',
  `year` int(11) NOT NULL,
  `created_at` timestamp NULL DEFAULT NULL,
  `updated_at` timestamp NULL DEFAULT NULL,
  PRIMARY KEY (`id`),
  KEY `pi_other_financial_metrics_annual_pi_other_main_id_index` (`pi_other_main_id`),
  KEY `pi_other_financial_metrics_annual_type_id_index` (`type_id`),
  CONSTRAINT `pi_other_financial_metrics_annual_pi_other_main_id_foreign` FOREIGN KEY (`pi_other_main_id`) REFERENCES `pi_other_financial_metrics_annual_main` (`id`) ON DELETE CASCADE,
  CONSTRAINT `pi_other_financial_metrics_annual_type_id_foreign` FOREIGN KEY (`type_id`) REFERENCES `pi_other_financial_metrics_annual_types` (`id`)
) ENGINE=InnoDB DEFAULT CHARSET=utf8mb4 COLLATE=utf8mb4_unicode_ci;
/*!40101 SET character_set_client = @saved_cs_client */;

--
-- Dumping data for table `pi_other_financial_metrics_annual`
--

LOCK TABLES `pi_other_financial_metrics_annual` WRITE;
/*!40000 ALTER TABLE `pi_other_financial_metrics_annual` DISABLE KEYS */;
/*!40000 ALTER TABLE `pi_other_financial_metrics_annual` ENABLE KEYS */;
UNLOCK TABLES;

--
-- Table structure for table `pi_other_financial_metrics_annual_main`
--

DROP TABLE IF EXISTS `pi_other_financial_metrics_annual_main`;
/*!40101 SET @saved_cs_client     = @@character_set_client */;
/*!40101 SET character_set_client = utf8 */;
CREATE TABLE `pi_other_financial_metrics_annual_main` (
  `id` int(10) unsigned NOT NULL AUTO_INCREMENT,
  `perf_inf_id` int(10) unsigned NOT NULL,
  `draft` tinyint(1) NOT NULL DEFAULT '0',
  `requested_modification` tinyint(1) NOT NULL DEFAULT '0',
  `published` tinyint(1) NOT NULL DEFAULT '0',
  `created_at` timestamp NULL DEFAULT NULL,
  `updated_at` timestamp NULL DEFAULT NULL,
  PRIMARY KEY (`id`),
  KEY `pi_other_financial_metrics_annual_main_perf_inf_id_index` (`perf_inf_id`),
  CONSTRAINT `pi_other_financial_metrics_annual_main_perf_inf_id_foreign` FOREIGN KEY (`perf_inf_id`) REFERENCES `performance_information` (`id`) ON DELETE CASCADE
) ENGINE=InnoDB DEFAULT CHARSET=utf8mb4 COLLATE=utf8mb4_unicode_ci;
/*!40101 SET character_set_client = @saved_cs_client */;

--
-- Dumping data for table `pi_other_financial_metrics_annual_main`
--

LOCK TABLES `pi_other_financial_metrics_annual_main` WRITE;
/*!40000 ALTER TABLE `pi_other_financial_metrics_annual_main` DISABLE KEYS */;
/*!40000 ALTER TABLE `pi_other_financial_metrics_annual_main` ENABLE KEYS */;
UNLOCK TABLES;

--
-- Table structure for table `pi_other_financial_metrics_annual_types`
--

DROP TABLE IF EXISTS `pi_other_financial_metrics_annual_types`;
/*!40101 SET @saved_cs_client     = @@character_set_client */;
/*!40101 SET character_set_client = utf8 */;
CREATE TABLE `pi_other_financial_metrics_annual_types` (
  `id` int(10) unsigned NOT NULL AUTO_INCREMENT,
  `type_annual` varchar(191) COLLATE utf8mb4_unicode_ci NOT NULL,
  `unit` varchar(191) COLLATE utf8mb4_unicode_ci NOT NULL,
  `draft` tinyint(1) NOT NULL DEFAULT '0',
  `requested_modification` tinyint(1) NOT NULL DEFAULT '0',
  `published` tinyint(1) NOT NULL DEFAULT '0',
  `created_at` timestamp NULL DEFAULT NULL,
  `updated_at` timestamp NULL DEFAULT NULL,
  PRIMARY KEY (`id`),
  UNIQUE KEY `pi_other_financial_metrics_annual_types_type_annual_unit_unique` (`type_annual`,`unit`)
) ENGINE=InnoDB AUTO_INCREMENT=4 DEFAULT CHARSET=utf8mb4 COLLATE=utf8mb4_unicode_ci;
/*!40101 SET character_set_client = @saved_cs_client */;

--
-- Dumping data for table `pi_other_financial_metrics_annual_types`
--

LOCK TABLES `pi_other_financial_metrics_annual_types` WRITE;
/*!40000 ALTER TABLE `pi_other_financial_metrics_annual_types` DISABLE KEYS */;
INSERT INTO `pi_other_financial_metrics_annual_types` VALUES (1,'Return on sales','%',0,0,0,NULL,NULL),(2,'Return on equity','%',0,0,0,NULL,NULL),(3,'Return on active','%',0,0,0,NULL,NULL);
/*!40000 ALTER TABLE `pi_other_financial_metrics_annual_types` ENABLE KEYS */;
UNLOCK TABLES;

--
-- Table structure for table `pi_other_financial_metrics_timeless`
--

DROP TABLE IF EXISTS `pi_other_financial_metrics_timeless`;
/*!40101 SET @saved_cs_client     = @@character_set_client */;
/*!40101 SET character_set_client = utf8 */;
CREATE TABLE `pi_other_financial_metrics_timeless` (
  `id` int(10) unsigned NOT NULL AUTO_INCREMENT,
  `pi_other_main_id` int(10) unsigned NOT NULL,
  `type_id` int(10) unsigned NOT NULL,
  `value` double(8,2) DEFAULT NULL,
  `created_at` timestamp NULL DEFAULT NULL,
  `updated_at` timestamp NULL DEFAULT NULL,
  PRIMARY KEY (`id`),
  KEY `pi_other_financial_metrics_timeless_pi_other_main_id_index` (`pi_other_main_id`),
  KEY `pi_other_financial_metrics_timeless_type_id_index` (`type_id`),
  CONSTRAINT `pi_other_financial_metrics_timeless_pi_other_main_id_foreign` FOREIGN KEY (`pi_other_main_id`) REFERENCES `pi_other_financial_metrics_timeless_main` (`id`) ON DELETE CASCADE,
  CONSTRAINT `pi_other_financial_metrics_timeless_type_id_foreign` FOREIGN KEY (`type_id`) REFERENCES `pi_other_financial_metrics_timeless_types` (`id`)
) ENGINE=InnoDB DEFAULT CHARSET=utf8mb4 COLLATE=utf8mb4_unicode_ci;
/*!40101 SET character_set_client = @saved_cs_client */;

--
-- Dumping data for table `pi_other_financial_metrics_timeless`
--

LOCK TABLES `pi_other_financial_metrics_timeless` WRITE;
/*!40000 ALTER TABLE `pi_other_financial_metrics_timeless` DISABLE KEYS */;
/*!40000 ALTER TABLE `pi_other_financial_metrics_timeless` ENABLE KEYS */;
UNLOCK TABLES;

--
-- Table structure for table `pi_other_financial_metrics_timeless_main`
--

DROP TABLE IF EXISTS `pi_other_financial_metrics_timeless_main`;
/*!40101 SET @saved_cs_client     = @@character_set_client */;
/*!40101 SET character_set_client = utf8 */;
CREATE TABLE `pi_other_financial_metrics_timeless_main` (
  `id` int(10) unsigned NOT NULL AUTO_INCREMENT,
  `perf_inf_id` int(10) unsigned NOT NULL,
  `draft` tinyint(1) NOT NULL DEFAULT '0',
  `requested_modification` tinyint(1) NOT NULL DEFAULT '0',
  `published` tinyint(1) NOT NULL DEFAULT '0',
  `created_at` timestamp NULL DEFAULT NULL,
  `updated_at` timestamp NULL DEFAULT NULL,
  PRIMARY KEY (`id`),
  KEY `pi_other_financial_metrics_timeless_main_perf_inf_id_index` (`perf_inf_id`),
  CONSTRAINT `pi_other_financial_metrics_timeless_main_perf_inf_id_foreign` FOREIGN KEY (`perf_inf_id`) REFERENCES `performance_information` (`id`) ON DELETE CASCADE
) ENGINE=InnoDB DEFAULT CHARSET=utf8mb4 COLLATE=utf8mb4_unicode_ci;
/*!40101 SET character_set_client = @saved_cs_client */;

--
-- Dumping data for table `pi_other_financial_metrics_timeless_main`
--

LOCK TABLES `pi_other_financial_metrics_timeless_main` WRITE;
/*!40000 ALTER TABLE `pi_other_financial_metrics_timeless_main` DISABLE KEYS */;
/*!40000 ALTER TABLE `pi_other_financial_metrics_timeless_main` ENABLE KEYS */;
UNLOCK TABLES;

--
-- Table structure for table `pi_other_financial_metrics_timeless_types`
--

DROP TABLE IF EXISTS `pi_other_financial_metrics_timeless_types`;
/*!40101 SET @saved_cs_client     = @@character_set_client */;
/*!40101 SET character_set_client = utf8 */;
CREATE TABLE `pi_other_financial_metrics_timeless_types` (
  `id` int(10) unsigned NOT NULL AUTO_INCREMENT,
  `name` varchar(191) COLLATE utf8mb4_unicode_ci NOT NULL,
  `draft` tinyint(1) NOT NULL DEFAULT '0',
  `requested_modification` tinyint(1) NOT NULL DEFAULT '0',
  `published` tinyint(1) NOT NULL DEFAULT '0',
  `created_at` timestamp NULL DEFAULT NULL,
  `updated_at` timestamp NULL DEFAULT NULL,
  PRIMARY KEY (`id`)
) ENGINE=InnoDB AUTO_INCREMENT=5 DEFAULT CHARSET=utf8mb4 COLLATE=utf8mb4_unicode_ci;
/*!40101 SET character_set_client = @saved_cs_client */;

--
-- Dumping data for table `pi_other_financial_metrics_timeless_types`
--

LOCK TABLES `pi_other_financial_metrics_timeless_types` WRITE;
/*!40000 ALTER TABLE `pi_other_financial_metrics_timeless_types` DISABLE KEYS */;
INSERT INTO `pi_other_financial_metrics_timeless_types` VALUES (1,'Equity IRR',0,0,0,NULL,NULL),(2,'Project IRR',0,0,0,NULL,NULL),(3,'Net present value-NPV',0,0,0,NULL,NULL),(4,'Rate of return',0,0,0,NULL,NULL);
/*!40000 ALTER TABLE `pi_other_financial_metrics_timeless_types` ENABLE KEYS */;
UNLOCK TABLES;

--
-- Table structure for table `pi_performance_assessment`
--

DROP TABLE IF EXISTS `pi_performance_assessment`;
/*!40101 SET @saved_cs_client     = @@character_set_client */;
/*!40101 SET character_set_client = utf8 */;
CREATE TABLE `pi_performance_assessment` (
  `id` int(10) unsigned NOT NULL AUTO_INCREMENT,
  `performance_information_id` int(10) unsigned NOT NULL,
  `name` varchar(255) COLLATE utf8mb4_unicode_ci NOT NULL,
  `description` text COLLATE utf8mb4_unicode_ci,
  `draft` tinyint(1) NOT NULL DEFAULT '0',
  `requested_modification` tinyint(1) NOT NULL DEFAULT '0',
  `published` tinyint(1) NOT NULL DEFAULT '1',
  `position` int(11) NOT NULL DEFAULT '0',
  `created_at` timestamp NULL DEFAULT NULL,
  `updated_at` timestamp NULL DEFAULT NULL,
  PRIMARY KEY (`id`),
  KEY `pi_performance_assessment_performance_information_id_index` (`performance_information_id`),
  CONSTRAINT `pi_performance_assessment_performance_information_id_foreign` FOREIGN KEY (`performance_information_id`) REFERENCES `performance_information` (`id`) ON DELETE CASCADE
) ENGINE=InnoDB AUTO_INCREMENT=69 DEFAULT CHARSET=utf8mb4 COLLATE=utf8mb4_unicode_ci;
/*!40101 SET character_set_client = @saved_cs_client */;

--
-- Dumping data for table `pi_performance_assessment`
--

LOCK TABLES `pi_performance_assessment` WRITE;
/*!40000 ALTER TABLE `pi_performance_assessment` DISABLE KEYS */;
INSERT INTO `pi_performance_assessment` VALUES (5,32,'Audit reports','Lorem ipsum dolor sit amet, ne eam dicat nostrum. Ad zril principes vim, nec etiam alienum in, eos molestie facilisis interesset at. Magna iracundia inciderint cum ut, at vis suscipit nominati efficiendi. Id intellegat inciderint usu, ea unum dicta scripta has, aeque dissentiet per id. Vel no feugiat graecis. Est purto dissentias ea.',0,0,1,0,NULL,NULL),(6,32,'Audited Financial Statements','Lorem ipsum dolor sit amet, ne eam dicat nostrum. Ad zril principes vim, nec etiam alienum in, eos molestie facilisis interesset at. Magna iracundia inciderint cum ut, at vis suscipit nominati efficiendi. Id intellegat inciderint usu, ea unum dicta scripta has, aeque dissentiet per id. Vel no feugiat graecis. Est purto dissentias ea.',0,0,1,0,NULL,NULL),(7,32,'Private party reports','Lorem ipsum dolor sit amet, ne eam dicat nostrum. Ad zril principes vim, nec etiam alienum in, eos molestie facilisis interesset at. Magna iracundia inciderint cum ut, at vis suscipit nominati efficiendi. Id intellegat inciderint usu, ea unum dicta scripta has, aeque dissentiet per id. Vel no feugiat graecis. Est purto dissentias ea.',0,0,1,0,NULL,NULL),(8,32,'Independent Expert reports','Lorem ipsum dolor sit amet, ne eam dicat nostrum. Ad zril principes vim, nec etiam alienum in, eos molestie facilisis interesset at. Magna iracundia inciderint cum ut, at vis suscipit nominati efficiendi. Id intellegat inciderint usu, ea unum dicta scripta has, aeque dissentiet per id. Vel no feugiat graecis. Est purto dissentias ea.',0,0,1,0,NULL,NULL),(9,33,'Audit reports','Lorem ipsum dolor sit amet, ne eam dicat nostrum. Ad zril principes vim, nec etiam alienum in, eos molestie facilisis interesset at. Magna iracundia inciderint cum ut, at vis suscipit nominati efficiendi. Id intellegat inciderint usu, ea unum dicta scripta has, aeque dissentiet per id. Vel no feugiat graecis. Est purto dissentias ea.',0,0,1,0,NULL,NULL),(10,33,'Audited Financial Statements','Lorem ipsum dolor sit amet, ne eam dicat nostrum. Ad zril principes vim, nec etiam alienum in, eos molestie facilisis interesset at. Magna iracundia inciderint cum ut, at vis suscipit nominati efficiendi. Id intellegat inciderint usu, ea unum dicta scripta has, aeque dissentiet per id. Vel no feugiat graecis. Est purto dissentias ea.',0,0,1,0,NULL,NULL),(11,33,'Private party reports','Lorem ipsum dolor sit amet, ne eam dicat nostrum. Ad zril principes vim, nec etiam alienum in, eos molestie facilisis interesset at. Magna iracundia inciderint cum ut, at vis suscipit nominati efficiendi. Id intellegat inciderint usu, ea unum dicta scripta has, aeque dissentiet per id. Vel no feugiat graecis. Est purto dissentias ea.',0,0,1,0,NULL,NULL),(12,33,'Independent Expert reports','Lorem ipsum dolor sit amet, ne eam dicat nostrum. Ad zril principes vim, nec etiam alienum in, eos molestie facilisis interesset at. Magna iracundia inciderint cum ut, at vis suscipit nominati efficiendi. Id intellegat inciderint usu, ea unum dicta scripta has, aeque dissentiet per id. Vel no feugiat graecis. Est purto dissentias ea.',0,0,1,0,NULL,NULL),(13,34,'Audit reports','Lorem ipsum dolor sit amet, ne eam dicat nostrum. Ad zril principes vim, nec etiam alienum in, eos molestie facilisis interesset at. Magna iracundia inciderint cum ut, at vis suscipit nominati efficiendi. Id intellegat inciderint usu, ea unum dicta scripta has, aeque dissentiet per id. Vel no feugiat graecis. Est purto dissentias ea.',0,0,1,0,NULL,NULL),(14,34,'Audited Financial Statements','Lorem ipsum dolor sit amet, ne eam dicat nostrum. Ad zril principes vim, nec etiam alienum in, eos molestie facilisis interesset at. Magna iracundia inciderint cum ut, at vis suscipit nominati efficiendi. Id intellegat inciderint usu, ea unum dicta scripta has, aeque dissentiet per id. Vel no feugiat graecis. Est purto dissentias ea.',0,0,1,0,NULL,NULL),(15,34,'Private party reports','Lorem ipsum dolor sit amet, ne eam dicat nostrum. Ad zril principes vim, nec etiam alienum in, eos molestie facilisis interesset at. Magna iracundia inciderint cum ut, at vis suscipit nominati efficiendi. Id intellegat inciderint usu, ea unum dicta scripta has, aeque dissentiet per id. Vel no feugiat graecis. Est purto dissentias ea.',0,0,1,0,NULL,NULL),(16,34,'Independent Expert reports','Lorem ipsum dolor sit amet, ne eam dicat nostrum. Ad zril principes vim, nec etiam alienum in, eos molestie facilisis interesset at. Magna iracundia inciderint cum ut, at vis suscipit nominati efficiendi. Id intellegat inciderint usu, ea unum dicta scripta has, aeque dissentiet per id. Vel no feugiat graecis. Est purto dissentias ea.',0,0,1,0,NULL,NULL),(21,36,'Audit reports','Lorem ipsum dolor sit amet, ne eam dicat nostrum. Ad zril principes vim, nec etiam alienum in, eos molestie facilisis interesset at. Magna iracundia inciderint cum ut, at vis suscipit nominati efficiendi. Id intellegat inciderint usu, ea unum dicta scripta has, aeque dissentiet per id. Vel no feugiat graecis. Est purto dissentias ea.',0,0,1,0,NULL,NULL),(22,36,'Audited Financial Statements','Lorem ipsum dolor sit amet, ne eam dicat nostrum. Ad zril principes vim, nec etiam alienum in, eos molestie facilisis interesset at. Magna iracundia inciderint cum ut, at vis suscipit nominati efficiendi. Id intellegat inciderint usu, ea unum dicta scripta has, aeque dissentiet per id. Vel no feugiat graecis. Est purto dissentias ea.',0,0,1,0,NULL,NULL),(23,36,'Private party reports','Lorem ipsum dolor sit amet, ne eam dicat nostrum. Ad zril principes vim, nec etiam alienum in, eos molestie facilisis interesset at. Magna iracundia inciderint cum ut, at vis suscipit nominati efficiendi. Id intellegat inciderint usu, ea unum dicta scripta has, aeque dissentiet per id. Vel no feugiat graecis. Est purto dissentias ea.',0,0,1,0,NULL,NULL),(24,36,'Independent Expert reports','Lorem ipsum dolor sit amet, ne eam dicat nostrum. Ad zril principes vim, nec etiam alienum in, eos molestie facilisis interesset at. Magna iracundia inciderint cum ut, at vis suscipit nominati efficiendi. Id intellegat inciderint usu, ea unum dicta scripta has, aeque dissentiet per id. Vel no feugiat graecis. Est purto dissentias ea.',0,0,1,0,NULL,NULL),(25,37,'Audit reports','Lorem ipsum dolor sit amet, ne eam dicat nostrum. Ad zril principes vim, nec etiam alienum in, eos molestie facilisis interesset at. Magna iracundia inciderint cum ut, at vis suscipit nominati efficiendi. Id intellegat inciderint usu, ea unum dicta scripta has, aeque dissentiet per id. Vel no feugiat graecis. Est purto dissentias ea.',0,0,1,0,NULL,NULL),(26,37,'Audited Financial Statements','Lorem ipsum dolor sit amet, ne eam dicat nostrum. Ad zril principes vim, nec etiam alienum in, eos molestie facilisis interesset at. Magna iracundia inciderint cum ut, at vis suscipit nominati efficiendi. Id intellegat inciderint usu, ea unum dicta scripta has, aeque dissentiet per id. Vel no feugiat graecis. Est purto dissentias ea.',0,0,1,0,NULL,NULL),(27,37,'Private party reports','Lorem ipsum dolor sit amet, ne eam dicat nostrum. Ad zril principes vim, nec etiam alienum in, eos molestie facilisis interesset at. Magna iracundia inciderint cum ut, at vis suscipit nominati efficiendi. Id intellegat inciderint usu, ea unum dicta scripta has, aeque dissentiet per id. Vel no feugiat graecis. Est purto dissentias ea.',0,0,1,0,NULL,NULL),(28,37,'Independent Expert reports','Lorem ipsum dolor sit amet, ne eam dicat nostrum. Ad zril principes vim, nec etiam alienum in, eos molestie facilisis interesset at. Magna iracundia inciderint cum ut, at vis suscipit nominati efficiendi. Id intellegat inciderint usu, ea unum dicta scripta has, aeque dissentiet per id. Vel no feugiat graecis. Est purto dissentias ea.',0,0,1,0,NULL,NULL),(29,38,'Audit reports','Lorem ipsum dolor sit amet, ne eam dicat nostrum. Ad zril principes vim, nec etiam alienum in, eos molestie facilisis interesset at. Magna iracundia inciderint cum ut, at vis suscipit nominati efficiendi. Id intellegat inciderint usu, ea unum dicta scripta has, aeque dissentiet per id. Vel no feugiat graecis. Est purto dissentias ea.',0,0,1,0,NULL,NULL),(30,38,'Audited Financial Statements','Lorem ipsum dolor sit amet, ne eam dicat nostrum. Ad zril principes vim, nec etiam alienum in, eos molestie facilisis interesset at. Magna iracundia inciderint cum ut, at vis suscipit nominati efficiendi. Id intellegat inciderint usu, ea unum dicta scripta has, aeque dissentiet per id. Vel no feugiat graecis. Est purto dissentias ea.',0,0,1,0,NULL,NULL),(31,38,'Private party reports','Lorem ipsum dolor sit amet, ne eam dicat nostrum. Ad zril principes vim, nec etiam alienum in, eos molestie facilisis interesset at. Magna iracundia inciderint cum ut, at vis suscipit nominati efficiendi. Id intellegat inciderint usu, ea unum dicta scripta has, aeque dissentiet per id. Vel no feugiat graecis. Est purto dissentias ea.',0,0,1,0,NULL,NULL),(32,38,'Independent Expert reports','Lorem ipsum dolor sit amet, ne eam dicat nostrum. Ad zril principes vim, nec etiam alienum in, eos molestie facilisis interesset at. Magna iracundia inciderint cum ut, at vis suscipit nominati efficiendi. Id intellegat inciderint usu, ea unum dicta scripta has, aeque dissentiet per id. Vel no feugiat graecis. Est purto dissentias ea.',0,0,1,0,NULL,NULL),(33,39,'Audit reports','Lorem ipsum dolor sit amet, ne eam dicat nostrum. Ad zril principes vim, nec etiam alienum in, eos molestie facilisis interesset at. Magna iracundia inciderint cum ut, at vis suscipit nominati efficiendi. Id intellegat inciderint usu, ea unum dicta scripta has, aeque dissentiet per id. Vel no feugiat graecis. Est purto dissentias ea.',0,0,1,0,NULL,NULL),(34,39,'Audited Financial Statements','Lorem ipsum dolor sit amet, ne eam dicat nostrum. Ad zril principes vim, nec etiam alienum in, eos molestie facilisis interesset at. Magna iracundia inciderint cum ut, at vis suscipit nominati efficiendi. Id intellegat inciderint usu, ea unum dicta scripta has, aeque dissentiet per id. Vel no feugiat graecis. Est purto dissentias ea.',0,0,1,0,NULL,NULL),(35,39,'Private party reports','Lorem ipsum dolor sit amet, ne eam dicat nostrum. Ad zril principes vim, nec etiam alienum in, eos molestie facilisis interesset at. Magna iracundia inciderint cum ut, at vis suscipit nominati efficiendi. Id intellegat inciderint usu, ea unum dicta scripta has, aeque dissentiet per id. Vel no feugiat graecis. Est purto dissentias ea.',0,0,1,0,NULL,NULL),(36,39,'Independent Expert reports','Lorem ipsum dolor sit amet, ne eam dicat nostrum. Ad zril principes vim, nec etiam alienum in, eos molestie facilisis interesset at. Magna iracundia inciderint cum ut, at vis suscipit nominati efficiendi. Id intellegat inciderint usu, ea unum dicta scripta has, aeque dissentiet per id. Vel no feugiat graecis. Est purto dissentias ea.',0,0,1,0,NULL,NULL),(37,40,'Audit reports','Lorem ipsum dolor sit amet, ne eam dicat nostrum. Ad zril principes vim, nec etiam alienum in, eos molestie facilisis interesset at. Magna iracundia inciderint cum ut, at vis suscipit nominati efficiendi. Id intellegat inciderint usu, ea unum dicta scripta has, aeque dissentiet per id. Vel no feugiat graecis. Est purto dissentias ea.',0,0,1,0,NULL,NULL),(38,40,'Audited Financial Statements','Lorem ipsum dolor sit amet, ne eam dicat nostrum. Ad zril principes vim, nec etiam alienum in, eos molestie facilisis interesset at. Magna iracundia inciderint cum ut, at vis suscipit nominati efficiendi. Id intellegat inciderint usu, ea unum dicta scripta has, aeque dissentiet per id. Vel no feugiat graecis. Est purto dissentias ea.',0,0,1,0,NULL,NULL),(39,40,'Private party reports','Lorem ipsum dolor sit amet, ne eam dicat nostrum. Ad zril principes vim, nec etiam alienum in, eos molestie facilisis interesset at. Magna iracundia inciderint cum ut, at vis suscipit nominati efficiendi. Id intellegat inciderint usu, ea unum dicta scripta has, aeque dissentiet per id. Vel no feugiat graecis. Est purto dissentias ea.',0,0,1,0,NULL,NULL),(40,40,'Independent Expert reports','Lorem ipsum dolor sit amet, ne eam dicat nostrum. Ad zril principes vim, nec etiam alienum in, eos molestie facilisis interesset at. Magna iracundia inciderint cum ut, at vis suscipit nominati efficiendi. Id intellegat inciderint usu, ea unum dicta scripta has, aeque dissentiet per id. Vel no feugiat graecis. Est purto dissentias ea.',0,0,1,0,NULL,NULL),(41,41,'Audit reports','Lorem ipsum dolor sit amet, ne eam dicat nostrum. Ad zril principes vim, nec etiam alienum in, eos molestie facilisis interesset at. Magna iracundia inciderint cum ut, at vis suscipit nominati efficiendi. Id intellegat inciderint usu, ea unum dicta scripta has, aeque dissentiet per id. Vel no feugiat graecis. Est purto dissentias ea.',0,0,1,0,NULL,NULL),(42,41,'Audited Financial Statements','Lorem ipsum dolor sit amet, ne eam dicat nostrum. Ad zril principes vim, nec etiam alienum in, eos molestie facilisis interesset at. Magna iracundia inciderint cum ut, at vis suscipit nominati efficiendi. Id intellegat inciderint usu, ea unum dicta scripta has, aeque dissentiet per id. Vel no feugiat graecis. Est purto dissentias ea.',0,0,1,0,NULL,NULL),(43,41,'Private party reports','Lorem ipsum dolor sit amet, ne eam dicat nostrum. Ad zril principes vim, nec etiam alienum in, eos molestie facilisis interesset at. Magna iracundia inciderint cum ut, at vis suscipit nominati efficiendi. Id intellegat inciderint usu, ea unum dicta scripta has, aeque dissentiet per id. Vel no feugiat graecis. Est purto dissentias ea.',0,0,1,0,NULL,NULL),(44,41,'Independent Expert reports','Lorem ipsum dolor sit amet, ne eam dicat nostrum. Ad zril principes vim, nec etiam alienum in, eos molestie facilisis interesset at. Magna iracundia inciderint cum ut, at vis suscipit nominati efficiendi. Id intellegat inciderint usu, ea unum dicta scripta has, aeque dissentiet per id. Vel no feugiat graecis. Est purto dissentias ea.',0,0,1,0,NULL,NULL),(45,42,'Audit reports','Lorem ipsum dolor sit amet, ne eam dicat nostrum. Ad zril principes vim, nec etiam alienum in, eos molestie facilisis interesset at. Magna iracundia inciderint cum ut, at vis suscipit nominati efficiendi. Id intellegat inciderint usu, ea unum dicta scripta has, aeque dissentiet per id. Vel no feugiat graecis. Est purto dissentias ea.',0,0,1,0,NULL,NULL),(46,42,'Audited Financial Statements','Lorem ipsum dolor sit amet, ne eam dicat nostrum. Ad zril principes vim, nec etiam alienum in, eos molestie facilisis interesset at. Magna iracundia inciderint cum ut, at vis suscipit nominati efficiendi. Id intellegat inciderint usu, ea unum dicta scripta has, aeque dissentiet per id. Vel no feugiat graecis. Est purto dissentias ea.',0,0,1,0,NULL,NULL),(47,42,'Private party reports','Lorem ipsum dolor sit amet, ne eam dicat nostrum. Ad zril principes vim, nec etiam alienum in, eos molestie facilisis interesset at. Magna iracundia inciderint cum ut, at vis suscipit nominati efficiendi. Id intellegat inciderint usu, ea unum dicta scripta has, aeque dissentiet per id. Vel no feugiat graecis. Est purto dissentias ea.',0,0,1,0,NULL,NULL),(48,42,'Independent Expert reports','Lorem ipsum dolor sit amet, ne eam dicat nostrum. Ad zril principes vim, nec etiam alienum in, eos molestie facilisis interesset at. Magna iracundia inciderint cum ut, at vis suscipit nominati efficiendi. Id intellegat inciderint usu, ea unum dicta scripta has, aeque dissentiet per id. Vel no feugiat graecis. Est purto dissentias ea.',0,0,1,0,NULL,NULL),(49,43,'Audit reports','Lorem ipsum dolor sit amet, ne eam dicat nostrum. Ad zril principes vim, nec etiam alienum in, eos molestie facilisis interesset at. Magna iracundia inciderint cum ut, at vis suscipit nominati efficiendi. Id intellegat inciderint usu, ea unum dicta scripta has, aeque dissentiet per id. Vel no feugiat graecis. Est purto dissentias ea.',0,0,1,0,NULL,NULL),(50,43,'Audited Financial Statements','Lorem ipsum dolor sit amet, ne eam dicat nostrum. Ad zril principes vim, nec etiam alienum in, eos molestie facilisis interesset at. Magna iracundia inciderint cum ut, at vis suscipit nominati efficiendi. Id intellegat inciderint usu, ea unum dicta scripta has, aeque dissentiet per id. Vel no feugiat graecis. Est purto dissentias ea.',0,0,1,0,NULL,NULL),(51,43,'Private party reports','Lorem ipsum dolor sit amet, ne eam dicat nostrum. Ad zril principes vim, nec etiam alienum in, eos molestie facilisis interesset at. Magna iracundia inciderint cum ut, at vis suscipit nominati efficiendi. Id intellegat inciderint usu, ea unum dicta scripta has, aeque dissentiet per id. Vel no feugiat graecis. Est purto dissentias ea.',0,0,1,0,NULL,NULL),(52,43,'Independent Expert reports','Lorem ipsum dolor sit amet, ne eam dicat nostrum. Ad zril principes vim, nec etiam alienum in, eos molestie facilisis interesset at. Magna iracundia inciderint cum ut, at vis suscipit nominati efficiendi. Id intellegat inciderint usu, ea unum dicta scripta has, aeque dissentiet per id. Vel no feugiat graecis. Est purto dissentias ea.',0,0,1,0,NULL,NULL),(53,44,'Audit reports','Lorem ipsum dolor sit amet, ne eam dicat nostrum. Ad zril principes vim, nec etiam alienum in, eos molestie facilisis interesset at. Magna iracundia inciderint cum ut, at vis suscipit nominati efficiendi. Id intellegat inciderint usu, ea unum dicta scripta has, aeque dissentiet per id. Vel no feugiat graecis. Est purto dissentias ea.',0,0,1,0,NULL,NULL),(54,44,'Audited Financial Statements','Lorem ipsum dolor sit amet, ne eam dicat nostrum. Ad zril principes vim, nec etiam alienum in, eos molestie facilisis interesset at. Magna iracundia inciderint cum ut, at vis suscipit nominati efficiendi. Id intellegat inciderint usu, ea unum dicta scripta has, aeque dissentiet per id. Vel no feugiat graecis. Est purto dissentias ea.',0,0,1,0,NULL,NULL),(55,44,'Private party reports','Lorem ipsum dolor sit amet, ne eam dicat nostrum. Ad zril principes vim, nec etiam alienum in, eos molestie facilisis interesset at. Magna iracundia inciderint cum ut, at vis suscipit nominati efficiendi. Id intellegat inciderint usu, ea unum dicta scripta has, aeque dissentiet per id. Vel no feugiat graecis. Est purto dissentias ea.',0,0,1,0,NULL,NULL),(56,44,'Independent Expert reports','Lorem ipsum dolor sit amet, ne eam dicat nostrum. Ad zril principes vim, nec etiam alienum in, eos molestie facilisis interesset at. Magna iracundia inciderint cum ut, at vis suscipit nominati efficiendi. Id intellegat inciderint usu, ea unum dicta scripta has, aeque dissentiet per id. Vel no feugiat graecis. Est purto dissentias ea.',0,0,1,0,NULL,NULL),(57,45,'Audit reports','Lorem ipsum dolor sit amet, ne eam dicat nostrum. Ad zril principes vim, nec etiam alienum in, eos molestie facilisis interesset at. Magna iracundia inciderint cum ut, at vis suscipit nominati efficiendi. Id intellegat inciderint usu, ea unum dicta scripta has, aeque dissentiet per id. Vel no feugiat graecis. Est purto dissentias ea.',0,0,1,0,NULL,NULL),(58,45,'Audited Financial Statements','Lorem ipsum dolor sit amet, ne eam dicat nostrum. Ad zril principes vim, nec etiam alienum in, eos molestie facilisis interesset at. Magna iracundia inciderint cum ut, at vis suscipit nominati efficiendi. Id intellegat inciderint usu, ea unum dicta scripta has, aeque dissentiet per id. Vel no feugiat graecis. Est purto dissentias ea.',0,0,1,0,NULL,NULL),(59,45,'Private party reports','Lorem ipsum dolor sit amet, ne eam dicat nostrum. Ad zril principes vim, nec etiam alienum in, eos molestie facilisis interesset at. Magna iracundia inciderint cum ut, at vis suscipit nominati efficiendi. Id intellegat inciderint usu, ea unum dicta scripta has, aeque dissentiet per id. Vel no feugiat graecis. Est purto dissentias ea.',0,0,1,0,NULL,NULL),(60,45,'Independent Expert reports','Lorem ipsum dolor sit amet, ne eam dicat nostrum. Ad zril principes vim, nec etiam alienum in, eos molestie facilisis interesset at. Magna iracundia inciderint cum ut, at vis suscipit nominati efficiendi. Id intellegat inciderint usu, ea unum dicta scripta has, aeque dissentiet per id. Vel no feugiat graecis. Est purto dissentias ea.',0,0,1,0,NULL,NULL),(65,47,'Audit reports','Lorem ipsum dolor sit amet, ne eam dicat nostrum. Ad zril principes vim, nec etiam alienum in, eos molestie facilisis interesset at. Magna iracundia inciderint cum ut, at vis suscipit nominati efficiendi. Id intellegat inciderint usu, ea unum dicta scripta has, aeque dissentiet per id. Vel no feugiat graecis. Est purto dissentias ea.',0,0,1,0,NULL,NULL),(66,47,'Audited Financial Statements','Lorem ipsum dolor sit amet, ne eam dicat nostrum. Ad zril principes vim, nec etiam alienum in, eos molestie facilisis interesset at. Magna iracundia inciderint cum ut, at vis suscipit nominati efficiendi. Id intellegat inciderint usu, ea unum dicta scripta has, aeque dissentiet per id. Vel no feugiat graecis. Est purto dissentias ea.',0,0,1,0,NULL,NULL),(67,47,'Private party reports','Lorem ipsum dolor sit amet, ne eam dicat nostrum. Ad zril principes vim, nec etiam alienum in, eos molestie facilisis interesset at. Magna iracundia inciderint cum ut, at vis suscipit nominati efficiendi. Id intellegat inciderint usu, ea unum dicta scripta has, aeque dissentiet per id. Vel no feugiat graecis. Est purto dissentias ea.',0,0,1,0,NULL,NULL),(68,47,'Independent Expert reports','Lorem ipsum dolor sit amet, ne eam dicat nostrum. Ad zril principes vim, nec etiam alienum in, eos molestie facilisis interesset at. Magna iracundia inciderint cum ut, at vis suscipit nominati efficiendi. Id intellegat inciderint usu, ea unum dicta scripta has, aeque dissentiet per id. Vel no feugiat graecis. Est purto dissentias ea.',0,0,1,0,NULL,NULL);
/*!40000 ALTER TABLE `pi_performance_assessment` ENABLE KEYS */;
UNLOCK TABLES;

--
-- Table structure for table `pi_performance_failures`
--

DROP TABLE IF EXISTS `pi_performance_failures`;
/*!40101 SET @saved_cs_client     = @@character_set_client */;
/*!40101 SET character_set_client = utf8 */;
CREATE TABLE `pi_performance_failures` (
  `id` int(10) unsigned NOT NULL AUTO_INCREMENT,
  `performance_information_id` int(10) unsigned NOT NULL,
  `category_failure_id` int(10) unsigned NOT NULL,
  `title` varchar(255) COLLATE utf8mb4_unicode_ci NOT NULL,
  `number_events` int(11) NOT NULL,
  `penalty_contract` text COLLATE utf8mb4_unicode_ci NOT NULL,
  `penalty_imposed` text COLLATE utf8mb4_unicode_ci,
  `penalty_paid` tinyint(1) DEFAULT NULL,
  `position` int(11) NOT NULL DEFAULT '0',
  `draft` tinyint(1) NOT NULL DEFAULT '0',
  `requested_modification` tinyint(1) NOT NULL DEFAULT '0',
  `published` tinyint(1) NOT NULL DEFAULT '1',
  `created_at` timestamp NULL DEFAULT NULL,
  `updated_at` timestamp NULL DEFAULT NULL,
  PRIMARY KEY (`id`),
  KEY `pi_performance_failures_performance_information_id_index` (`performance_information_id`),
  KEY `pi_performance_failures_category_failure_id_index` (`category_failure_id`),
  CONSTRAINT `pi_performance_failures_category_failure_id_foreign` FOREIGN KEY (`category_failure_id`) REFERENCES `pi_performance_failures_category` (`id`),
  CONSTRAINT `pi_performance_failures_performance_information_id_foreign` FOREIGN KEY (`performance_information_id`) REFERENCES `performance_information` (`id`) ON DELETE CASCADE
) ENGINE=InnoDB AUTO_INCREMENT=69 DEFAULT CHARSET=utf8mb4 COLLATE=utf8mb4_unicode_ci;
/*!40101 SET character_set_client = @saved_cs_client */;

--
-- Dumping data for table `pi_performance_failures`
--

LOCK TABLES `pi_performance_failures` WRITE;
/*!40000 ALTER TABLE `pi_performance_failures` DISABLE KEYS */;
INSERT INTO `pi_performance_failures` VALUES (5,32,2,'Performance failure 1',1,'Lorem ipsum dolor sit amet, ne eam dicat nostrum. Ad zril principes vim, nec etiam alienum in, eos molestie facilisis interesset at. Magna iracundia inciderint cum ut, at vis suscipit nominati efficiendi. Id intellegat inciderint usu, ea unum dicta scripta has, aeque dissentiet per id. Vel no feugiat graecis. Est purto dissentias ea.','Lorem ipsum dolor sit amet, ne eam dicat nostrum. Ad zril principes vim, nec etiam alienum in, eos molestie facilisis interesset at. Magna iracundia inciderint cum ut, at vis suscipit nominati efficiendi. Id intellegat inciderint usu, ea unum dicta scripta has, aeque dissentiet per id. Vel no feugiat graecis. Est purto dissentias ea.',1,0,0,0,1,NULL,NULL),(6,32,1,'Performance failure 2',2,'Lorem ipsum dolor sit amet, ne eam dicat nostrum. Ad zril principes vim, nec etiam alienum in, eos molestie facilisis interesset at. Magna iracundia inciderint cum ut, at vis suscipit nominati efficiendi. Id intellegat inciderint usu, ea unum dicta scripta has, aeque dissentiet per id. Vel no feugiat graecis. Est purto dissentias ea.','Lorem ipsum dolor sit amet, ne eam dicat nostrum. Ad zril principes vim, nec etiam alienum in, eos molestie facilisis interesset at. Magna iracundia inciderint cum ut, at vis suscipit nominati efficiendi. Id intellegat inciderint usu, ea unum dicta scripta has, aeque dissentiet per id. Vel no feugiat graecis. Est purto dissentias ea.',0,0,0,0,1,NULL,NULL),(7,32,1,'Performance failure 3',3,'Lorem ipsum dolor sit amet, ne eam dicat nostrum. Ad zril principes vim, nec etiam alienum in, eos molestie facilisis interesset at. Magna iracundia inciderint cum ut, at vis suscipit nominati efficiendi. Id intellegat inciderint usu, ea unum dicta scripta has, aeque dissentiet per id. Vel no feugiat graecis. Est purto dissentias ea.','Lorem ipsum dolor sit amet, ne eam dicat nostrum. Ad zril principes vim, nec etiam alienum in, eos molestie facilisis interesset at. Magna iracundia inciderint cum ut, at vis suscipit nominati efficiendi. Id intellegat inciderint usu, ea unum dicta scripta has, aeque dissentiet per id. Vel no feugiat graecis. Est purto dissentias ea.',1,0,0,0,1,NULL,NULL),(8,32,1,'Performance failure 4',1,'Lorem ipsum dolor sit amet, ne eam dicat nostrum. Ad zril principes vim, nec etiam alienum in, eos molestie facilisis interesset at. Magna iracundia inciderint cum ut, at vis suscipit nominati efficiendi. Id intellegat inciderint usu, ea unum dicta scripta has, aeque dissentiet per id. Vel no feugiat graecis. Est purto dissentias ea.','Lorem ipsum dolor sit amet, ne eam dicat nostrum. Ad zril principes vim, nec etiam alienum in, eos molestie facilisis interesset at. Magna iracundia inciderint cum ut, at vis suscipit nominati efficiendi. Id intellegat inciderint usu, ea unum dicta scripta has, aeque dissentiet per id. Vel no feugiat graecis. Est purto dissentias ea.',0,0,0,0,1,NULL,NULL),(9,33,2,'Performance failure 1',1,'Lorem ipsum dolor sit amet, ne eam dicat nostrum. Ad zril principes vim, nec etiam alienum in, eos molestie facilisis interesset at. Magna iracundia inciderint cum ut, at vis suscipit nominati efficiendi. Id intellegat inciderint usu, ea unum dicta scripta has, aeque dissentiet per id. Vel no feugiat graecis. Est purto dissentias ea.','Lorem ipsum dolor sit amet, ne eam dicat nostrum. Ad zril principes vim, nec etiam alienum in, eos molestie facilisis interesset at. Magna iracundia inciderint cum ut, at vis suscipit nominati efficiendi. Id intellegat inciderint usu, ea unum dicta scripta has, aeque dissentiet per id. Vel no feugiat graecis. Est purto dissentias ea.',1,0,0,0,1,NULL,NULL),(10,33,1,'Performance failure 2',2,'Lorem ipsum dolor sit amet, ne eam dicat nostrum. Ad zril principes vim, nec etiam alienum in, eos molestie facilisis interesset at. Magna iracundia inciderint cum ut, at vis suscipit nominati efficiendi. Id intellegat inciderint usu, ea unum dicta scripta has, aeque dissentiet per id. Vel no feugiat graecis. Est purto dissentias ea.','Lorem ipsum dolor sit amet, ne eam dicat nostrum. Ad zril principes vim, nec etiam alienum in, eos molestie facilisis interesset at. Magna iracundia inciderint cum ut, at vis suscipit nominati efficiendi. Id intellegat inciderint usu, ea unum dicta scripta has, aeque dissentiet per id. Vel no feugiat graecis. Est purto dissentias ea.',0,0,0,0,1,NULL,NULL),(11,33,1,'Performance failure 3',3,'Lorem ipsum dolor sit amet, ne eam dicat nostrum. Ad zril principes vim, nec etiam alienum in, eos molestie facilisis interesset at. Magna iracundia inciderint cum ut, at vis suscipit nominati efficiendi. Id intellegat inciderint usu, ea unum dicta scripta has, aeque dissentiet per id. Vel no feugiat graecis. Est purto dissentias ea.','Lorem ipsum dolor sit amet, ne eam dicat nostrum. Ad zril principes vim, nec etiam alienum in, eos molestie facilisis interesset at. Magna iracundia inciderint cum ut, at vis suscipit nominati efficiendi. Id intellegat inciderint usu, ea unum dicta scripta has, aeque dissentiet per id. Vel no feugiat graecis. Est purto dissentias ea.',1,0,0,0,1,NULL,NULL),(12,33,1,'Performance failure 4',1,'Lorem ipsum dolor sit amet, ne eam dicat nostrum. Ad zril principes vim, nec etiam alienum in, eos molestie facilisis interesset at. Magna iracundia inciderint cum ut, at vis suscipit nominati efficiendi. Id intellegat inciderint usu, ea unum dicta scripta has, aeque dissentiet per id. Vel no feugiat graecis. Est purto dissentias ea.','Lorem ipsum dolor sit amet, ne eam dicat nostrum. Ad zril principes vim, nec etiam alienum in, eos molestie facilisis interesset at. Magna iracundia inciderint cum ut, at vis suscipit nominati efficiendi. Id intellegat inciderint usu, ea unum dicta scripta has, aeque dissentiet per id. Vel no feugiat graecis. Est purto dissentias ea.',0,0,0,0,1,NULL,NULL),(13,34,2,'Performance failure 1',1,'Lorem ipsum dolor sit amet, ne eam dicat nostrum. Ad zril principes vim, nec etiam alienum in, eos molestie facilisis interesset at. Magna iracundia inciderint cum ut, at vis suscipit nominati efficiendi. Id intellegat inciderint usu, ea unum dicta scripta has, aeque dissentiet per id. Vel no feugiat graecis. Est purto dissentias ea.','Lorem ipsum dolor sit amet, ne eam dicat nostrum. Ad zril principes vim, nec etiam alienum in, eos molestie facilisis interesset at. Magna iracundia inciderint cum ut, at vis suscipit nominati efficiendi. Id intellegat inciderint usu, ea unum dicta scripta has, aeque dissentiet per id. Vel no feugiat graecis. Est purto dissentias ea.',1,0,0,0,1,NULL,NULL),(14,34,1,'Performance failure 2',2,'Lorem ipsum dolor sit amet, ne eam dicat nostrum. Ad zril principes vim, nec etiam alienum in, eos molestie facilisis interesset at. Magna iracundia inciderint cum ut, at vis suscipit nominati efficiendi. Id intellegat inciderint usu, ea unum dicta scripta has, aeque dissentiet per id. Vel no feugiat graecis. Est purto dissentias ea.','Lorem ipsum dolor sit amet, ne eam dicat nostrum. Ad zril principes vim, nec etiam alienum in, eos molestie facilisis interesset at. Magna iracundia inciderint cum ut, at vis suscipit nominati efficiendi. Id intellegat inciderint usu, ea unum dicta scripta has, aeque dissentiet per id. Vel no feugiat graecis. Est purto dissentias ea.',0,0,0,0,1,NULL,NULL),(15,34,1,'Performance failure 3',3,'Lorem ipsum dolor sit amet, ne eam dicat nostrum. Ad zril principes vim, nec etiam alienum in, eos molestie facilisis interesset at. Magna iracundia inciderint cum ut, at vis suscipit nominati efficiendi. Id intellegat inciderint usu, ea unum dicta scripta has, aeque dissentiet per id. Vel no feugiat graecis. Est purto dissentias ea.','Lorem ipsum dolor sit amet, ne eam dicat nostrum. Ad zril principes vim, nec etiam alienum in, eos molestie facilisis interesset at. Magna iracundia inciderint cum ut, at vis suscipit nominati efficiendi. Id intellegat inciderint usu, ea unum dicta scripta has, aeque dissentiet per id. Vel no feugiat graecis. Est purto dissentias ea.',1,0,0,0,1,NULL,NULL),(16,34,1,'Performance failure 4',1,'Lorem ipsum dolor sit amet, ne eam dicat nostrum. Ad zril principes vim, nec etiam alienum in, eos molestie facilisis interesset at. Magna iracundia inciderint cum ut, at vis suscipit nominati efficiendi. Id intellegat inciderint usu, ea unum dicta scripta has, aeque dissentiet per id. Vel no feugiat graecis. Est purto dissentias ea.','Lorem ipsum dolor sit amet, ne eam dicat nostrum. Ad zril principes vim, nec etiam alienum in, eos molestie facilisis interesset at. Magna iracundia inciderint cum ut, at vis suscipit nominati efficiendi. Id intellegat inciderint usu, ea unum dicta scripta has, aeque dissentiet per id. Vel no feugiat graecis. Est purto dissentias ea.',0,0,0,0,1,NULL,NULL),(21,36,2,'Performance failure 1',1,'Lorem ipsum dolor sit amet, ne eam dicat nostrum. Ad zril principes vim, nec etiam alienum in, eos molestie facilisis interesset at. Magna iracundia inciderint cum ut, at vis suscipit nominati efficiendi. Id intellegat inciderint usu, ea unum dicta scripta has, aeque dissentiet per id. Vel no feugiat graecis. Est purto dissentias ea.','Lorem ipsum dolor sit amet, ne eam dicat nostrum. Ad zril principes vim, nec etiam alienum in, eos molestie facilisis interesset at. Magna iracundia inciderint cum ut, at vis suscipit nominati efficiendi. Id intellegat inciderint usu, ea unum dicta scripta has, aeque dissentiet per id. Vel no feugiat graecis. Est purto dissentias ea.',1,0,0,0,1,NULL,NULL),(22,36,1,'Performance failure 2',2,'Lorem ipsum dolor sit amet, ne eam dicat nostrum. Ad zril principes vim, nec etiam alienum in, eos molestie facilisis interesset at. Magna iracundia inciderint cum ut, at vis suscipit nominati efficiendi. Id intellegat inciderint usu, ea unum dicta scripta has, aeque dissentiet per id. Vel no feugiat graecis. Est purto dissentias ea.','Lorem ipsum dolor sit amet, ne eam dicat nostrum. Ad zril principes vim, nec etiam alienum in, eos molestie facilisis interesset at. Magna iracundia inciderint cum ut, at vis suscipit nominati efficiendi. Id intellegat inciderint usu, ea unum dicta scripta has, aeque dissentiet per id. Vel no feugiat graecis. Est purto dissentias ea.',0,0,0,0,1,NULL,NULL),(23,36,1,'Performance failure 3',3,'Lorem ipsum dolor sit amet, ne eam dicat nostrum. Ad zril principes vim, nec etiam alienum in, eos molestie facilisis interesset at. Magna iracundia inciderint cum ut, at vis suscipit nominati efficiendi. Id intellegat inciderint usu, ea unum dicta scripta has, aeque dissentiet per id. Vel no feugiat graecis. Est purto dissentias ea.','Lorem ipsum dolor sit amet, ne eam dicat nostrum. Ad zril principes vim, nec etiam alienum in, eos molestie facilisis interesset at. Magna iracundia inciderint cum ut, at vis suscipit nominati efficiendi. Id intellegat inciderint usu, ea unum dicta scripta has, aeque dissentiet per id. Vel no feugiat graecis. Est purto dissentias ea.',1,0,0,0,1,NULL,NULL),(24,36,1,'Performance failure 4',1,'Lorem ipsum dolor sit amet, ne eam dicat nostrum. Ad zril principes vim, nec etiam alienum in, eos molestie facilisis interesset at. Magna iracundia inciderint cum ut, at vis suscipit nominati efficiendi. Id intellegat inciderint usu, ea unum dicta scripta has, aeque dissentiet per id. Vel no feugiat graecis. Est purto dissentias ea.','Lorem ipsum dolor sit amet, ne eam dicat nostrum. Ad zril principes vim, nec etiam alienum in, eos molestie facilisis interesset at. Magna iracundia inciderint cum ut, at vis suscipit nominati efficiendi. Id intellegat inciderint usu, ea unum dicta scripta has, aeque dissentiet per id. Vel no feugiat graecis. Est purto dissentias ea.',0,0,0,0,1,NULL,NULL),(25,37,2,'Performance failure 1',1,'Lorem ipsum dolor sit amet, ne eam dicat nostrum. Ad zril principes vim, nec etiam alienum in, eos molestie facilisis interesset at. Magna iracundia inciderint cum ut, at vis suscipit nominati efficiendi. Id intellegat inciderint usu, ea unum dicta scripta has, aeque dissentiet per id. Vel no feugiat graecis. Est purto dissentias ea.','Lorem ipsum dolor sit amet, ne eam dicat nostrum. Ad zril principes vim, nec etiam alienum in, eos molestie facilisis interesset at. Magna iracundia inciderint cum ut, at vis suscipit nominati efficiendi. Id intellegat inciderint usu, ea unum dicta scripta has, aeque dissentiet per id. Vel no feugiat graecis. Est purto dissentias ea.',1,0,0,0,1,NULL,NULL),(26,37,1,'Performance failure 2',2,'Lorem ipsum dolor sit amet, ne eam dicat nostrum. Ad zril principes vim, nec etiam alienum in, eos molestie facilisis interesset at. Magna iracundia inciderint cum ut, at vis suscipit nominati efficiendi. Id intellegat inciderint usu, ea unum dicta scripta has, aeque dissentiet per id. Vel no feugiat graecis. Est purto dissentias ea.','Lorem ipsum dolor sit amet, ne eam dicat nostrum. Ad zril principes vim, nec etiam alienum in, eos molestie facilisis interesset at. Magna iracundia inciderint cum ut, at vis suscipit nominati efficiendi. Id intellegat inciderint usu, ea unum dicta scripta has, aeque dissentiet per id. Vel no feugiat graecis. Est purto dissentias ea.',0,0,0,0,1,NULL,NULL),(27,37,1,'Performance failure 3',3,'Lorem ipsum dolor sit amet, ne eam dicat nostrum. Ad zril principes vim, nec etiam alienum in, eos molestie facilisis interesset at. Magna iracundia inciderint cum ut, at vis suscipit nominati efficiendi. Id intellegat inciderint usu, ea unum dicta scripta has, aeque dissentiet per id. Vel no feugiat graecis. Est purto dissentias ea.','Lorem ipsum dolor sit amet, ne eam dicat nostrum. Ad zril principes vim, nec etiam alienum in, eos molestie facilisis interesset at. Magna iracundia inciderint cum ut, at vis suscipit nominati efficiendi. Id intellegat inciderint usu, ea unum dicta scripta has, aeque dissentiet per id. Vel no feugiat graecis. Est purto dissentias ea.',1,0,0,0,1,NULL,NULL),(28,37,1,'Performance failure 4',1,'Lorem ipsum dolor sit amet, ne eam dicat nostrum. Ad zril principes vim, nec etiam alienum in, eos molestie facilisis interesset at. Magna iracundia inciderint cum ut, at vis suscipit nominati efficiendi. Id intellegat inciderint usu, ea unum dicta scripta has, aeque dissentiet per id. Vel no feugiat graecis. Est purto dissentias ea.','Lorem ipsum dolor sit amet, ne eam dicat nostrum. Ad zril principes vim, nec etiam alienum in, eos molestie facilisis interesset at. Magna iracundia inciderint cum ut, at vis suscipit nominati efficiendi. Id intellegat inciderint usu, ea unum dicta scripta has, aeque dissentiet per id. Vel no feugiat graecis. Est purto dissentias ea.',0,0,0,0,1,NULL,NULL),(29,38,2,'Performance failure 1',1,'Lorem ipsum dolor sit amet, ne eam dicat nostrum. Ad zril principes vim, nec etiam alienum in, eos molestie facilisis interesset at. Magna iracundia inciderint cum ut, at vis suscipit nominati efficiendi. Id intellegat inciderint usu, ea unum dicta scripta has, aeque dissentiet per id. Vel no feugiat graecis. Est purto dissentias ea.','Lorem ipsum dolor sit amet, ne eam dicat nostrum. Ad zril principes vim, nec etiam alienum in, eos molestie facilisis interesset at. Magna iracundia inciderint cum ut, at vis suscipit nominati efficiendi. Id intellegat inciderint usu, ea unum dicta scripta has, aeque dissentiet per id. Vel no feugiat graecis. Est purto dissentias ea.',1,0,0,0,1,NULL,NULL),(30,38,1,'Performance failure 2',2,'Lorem ipsum dolor sit amet, ne eam dicat nostrum. Ad zril principes vim, nec etiam alienum in, eos molestie facilisis interesset at. Magna iracundia inciderint cum ut, at vis suscipit nominati efficiendi. Id intellegat inciderint usu, ea unum dicta scripta has, aeque dissentiet per id. Vel no feugiat graecis. Est purto dissentias ea.','Lorem ipsum dolor sit amet, ne eam dicat nostrum. Ad zril principes vim, nec etiam alienum in, eos molestie facilisis interesset at. Magna iracundia inciderint cum ut, at vis suscipit nominati efficiendi. Id intellegat inciderint usu, ea unum dicta scripta has, aeque dissentiet per id. Vel no feugiat graecis. Est purto dissentias ea.',0,0,0,0,1,NULL,NULL),(31,38,1,'Performance failure 3',3,'Lorem ipsum dolor sit amet, ne eam dicat nostrum. Ad zril principes vim, nec etiam alienum in, eos molestie facilisis interesset at. Magna iracundia inciderint cum ut, at vis suscipit nominati efficiendi. Id intellegat inciderint usu, ea unum dicta scripta has, aeque dissentiet per id. Vel no feugiat graecis. Est purto dissentias ea.','Lorem ipsum dolor sit amet, ne eam dicat nostrum. Ad zril principes vim, nec etiam alienum in, eos molestie facilisis interesset at. Magna iracundia inciderint cum ut, at vis suscipit nominati efficiendi. Id intellegat inciderint usu, ea unum dicta scripta has, aeque dissentiet per id. Vel no feugiat graecis. Est purto dissentias ea.',1,0,0,0,1,NULL,NULL),(32,38,1,'Performance failure 4',1,'Lorem ipsum dolor sit amet, ne eam dicat nostrum. Ad zril principes vim, nec etiam alienum in, eos molestie facilisis interesset at. Magna iracundia inciderint cum ut, at vis suscipit nominati efficiendi. Id intellegat inciderint usu, ea unum dicta scripta has, aeque dissentiet per id. Vel no feugiat graecis. Est purto dissentias ea.','Lorem ipsum dolor sit amet, ne eam dicat nostrum. Ad zril principes vim, nec etiam alienum in, eos molestie facilisis interesset at. Magna iracundia inciderint cum ut, at vis suscipit nominati efficiendi. Id intellegat inciderint usu, ea unum dicta scripta has, aeque dissentiet per id. Vel no feugiat graecis. Est purto dissentias ea.',0,0,0,0,1,NULL,NULL),(33,39,2,'Performance failure 1',1,'Lorem ipsum dolor sit amet, ne eam dicat nostrum. Ad zril principes vim, nec etiam alienum in, eos molestie facilisis interesset at. Magna iracundia inciderint cum ut, at vis suscipit nominati efficiendi. Id intellegat inciderint usu, ea unum dicta scripta has, aeque dissentiet per id. Vel no feugiat graecis. Est purto dissentias ea.','Lorem ipsum dolor sit amet, ne eam dicat nostrum. Ad zril principes vim, nec etiam alienum in, eos molestie facilisis interesset at. Magna iracundia inciderint cum ut, at vis suscipit nominati efficiendi. Id intellegat inciderint usu, ea unum dicta scripta has, aeque dissentiet per id. Vel no feugiat graecis. Est purto dissentias ea.',1,0,0,0,1,NULL,NULL),(34,39,1,'Performance failure 2',2,'Lorem ipsum dolor sit amet, ne eam dicat nostrum. Ad zril principes vim, nec etiam alienum in, eos molestie facilisis interesset at. Magna iracundia inciderint cum ut, at vis suscipit nominati efficiendi. Id intellegat inciderint usu, ea unum dicta scripta has, aeque dissentiet per id. Vel no feugiat graecis. Est purto dissentias ea.','Lorem ipsum dolor sit amet, ne eam dicat nostrum. Ad zril principes vim, nec etiam alienum in, eos molestie facilisis interesset at. Magna iracundia inciderint cum ut, at vis suscipit nominati efficiendi. Id intellegat inciderint usu, ea unum dicta scripta has, aeque dissentiet per id. Vel no feugiat graecis. Est purto dissentias ea.',0,0,0,0,1,NULL,NULL),(35,39,1,'Performance failure 3',3,'Lorem ipsum dolor sit amet, ne eam dicat nostrum. Ad zril principes vim, nec etiam alienum in, eos molestie facilisis interesset at. Magna iracundia inciderint cum ut, at vis suscipit nominati efficiendi. Id intellegat inciderint usu, ea unum dicta scripta has, aeque dissentiet per id. Vel no feugiat graecis. Est purto dissentias ea.','Lorem ipsum dolor sit amet, ne eam dicat nostrum. Ad zril principes vim, nec etiam alienum in, eos molestie facilisis interesset at. Magna iracundia inciderint cum ut, at vis suscipit nominati efficiendi. Id intellegat inciderint usu, ea unum dicta scripta has, aeque dissentiet per id. Vel no feugiat graecis. Est purto dissentias ea.',1,0,0,0,1,NULL,NULL),(36,39,1,'Performance failure 4',1,'Lorem ipsum dolor sit amet, ne eam dicat nostrum. Ad zril principes vim, nec etiam alienum in, eos molestie facilisis interesset at. Magna iracundia inciderint cum ut, at vis suscipit nominati efficiendi. Id intellegat inciderint usu, ea unum dicta scripta has, aeque dissentiet per id. Vel no feugiat graecis. Est purto dissentias ea.','Lorem ipsum dolor sit amet, ne eam dicat nostrum. Ad zril principes vim, nec etiam alienum in, eos molestie facilisis interesset at. Magna iracundia inciderint cum ut, at vis suscipit nominati efficiendi. Id intellegat inciderint usu, ea unum dicta scripta has, aeque dissentiet per id. Vel no feugiat graecis. Est purto dissentias ea.',0,0,0,0,1,NULL,NULL),(37,40,2,'Performance failure 1',1,'Lorem ipsum dolor sit amet, ne eam dicat nostrum. Ad zril principes vim, nec etiam alienum in, eos molestie facilisis interesset at. Magna iracundia inciderint cum ut, at vis suscipit nominati efficiendi. Id intellegat inciderint usu, ea unum dicta scripta has, aeque dissentiet per id. Vel no feugiat graecis. Est purto dissentias ea.','Lorem ipsum dolor sit amet, ne eam dicat nostrum. Ad zril principes vim, nec etiam alienum in, eos molestie facilisis interesset at. Magna iracundia inciderint cum ut, at vis suscipit nominati efficiendi. Id intellegat inciderint usu, ea unum dicta scripta has, aeque dissentiet per id. Vel no feugiat graecis. Est purto dissentias ea.',1,0,0,0,1,NULL,NULL),(38,40,1,'Performance failure 2',2,'Lorem ipsum dolor sit amet, ne eam dicat nostrum. Ad zril principes vim, nec etiam alienum in, eos molestie facilisis interesset at. Magna iracundia inciderint cum ut, at vis suscipit nominati efficiendi. Id intellegat inciderint usu, ea unum dicta scripta has, aeque dissentiet per id. Vel no feugiat graecis. Est purto dissentias ea.','Lorem ipsum dolor sit amet, ne eam dicat nostrum. Ad zril principes vim, nec etiam alienum in, eos molestie facilisis interesset at. Magna iracundia inciderint cum ut, at vis suscipit nominati efficiendi. Id intellegat inciderint usu, ea unum dicta scripta has, aeque dissentiet per id. Vel no feugiat graecis. Est purto dissentias ea.',0,0,0,0,1,NULL,NULL),(39,40,1,'Performance failure 3',3,'Lorem ipsum dolor sit amet, ne eam dicat nostrum. Ad zril principes vim, nec etiam alienum in, eos molestie facilisis interesset at. Magna iracundia inciderint cum ut, at vis suscipit nominati efficiendi. Id intellegat inciderint usu, ea unum dicta scripta has, aeque dissentiet per id. Vel no feugiat graecis. Est purto dissentias ea.','Lorem ipsum dolor sit amet, ne eam dicat nostrum. Ad zril principes vim, nec etiam alienum in, eos molestie facilisis interesset at. Magna iracundia inciderint cum ut, at vis suscipit nominati efficiendi. Id intellegat inciderint usu, ea unum dicta scripta has, aeque dissentiet per id. Vel no feugiat graecis. Est purto dissentias ea.',1,0,0,0,1,NULL,NULL),(40,40,1,'Performance failure 4',1,'Lorem ipsum dolor sit amet, ne eam dicat nostrum. Ad zril principes vim, nec etiam alienum in, eos molestie facilisis interesset at. Magna iracundia inciderint cum ut, at vis suscipit nominati efficiendi. Id intellegat inciderint usu, ea unum dicta scripta has, aeque dissentiet per id. Vel no feugiat graecis. Est purto dissentias ea.','Lorem ipsum dolor sit amet, ne eam dicat nostrum. Ad zril principes vim, nec etiam alienum in, eos molestie facilisis interesset at. Magna iracundia inciderint cum ut, at vis suscipit nominati efficiendi. Id intellegat inciderint usu, ea unum dicta scripta has, aeque dissentiet per id. Vel no feugiat graecis. Est purto dissentias ea.',0,0,0,0,1,NULL,NULL),(41,41,2,'Performance failure 1',1,'Lorem ipsum dolor sit amet, ne eam dicat nostrum. Ad zril principes vim, nec etiam alienum in, eos molestie facilisis interesset at. Magna iracundia inciderint cum ut, at vis suscipit nominati efficiendi. Id intellegat inciderint usu, ea unum dicta scripta has, aeque dissentiet per id. Vel no feugiat graecis. Est purto dissentias ea.','Lorem ipsum dolor sit amet, ne eam dicat nostrum. Ad zril principes vim, nec etiam alienum in, eos molestie facilisis interesset at. Magna iracundia inciderint cum ut, at vis suscipit nominati efficiendi. Id intellegat inciderint usu, ea unum dicta scripta has, aeque dissentiet per id. Vel no feugiat graecis. Est purto dissentias ea.',1,0,0,0,1,NULL,NULL),(42,41,1,'Performance failure 2',2,'Lorem ipsum dolor sit amet, ne eam dicat nostrum. Ad zril principes vim, nec etiam alienum in, eos molestie facilisis interesset at. Magna iracundia inciderint cum ut, at vis suscipit nominati efficiendi. Id intellegat inciderint usu, ea unum dicta scripta has, aeque dissentiet per id. Vel no feugiat graecis. Est purto dissentias ea.','Lorem ipsum dolor sit amet, ne eam dicat nostrum. Ad zril principes vim, nec etiam alienum in, eos molestie facilisis interesset at. Magna iracundia inciderint cum ut, at vis suscipit nominati efficiendi. Id intellegat inciderint usu, ea unum dicta scripta has, aeque dissentiet per id. Vel no feugiat graecis. Est purto dissentias ea.',0,0,0,0,1,NULL,NULL),(43,41,1,'Performance failure 3',3,'Lorem ipsum dolor sit amet, ne eam dicat nostrum. Ad zril principes vim, nec etiam alienum in, eos molestie facilisis interesset at. Magna iracundia inciderint cum ut, at vis suscipit nominati efficiendi. Id intellegat inciderint usu, ea unum dicta scripta has, aeque dissentiet per id. Vel no feugiat graecis. Est purto dissentias ea.','Lorem ipsum dolor sit amet, ne eam dicat nostrum. Ad zril principes vim, nec etiam alienum in, eos molestie facilisis interesset at. Magna iracundia inciderint cum ut, at vis suscipit nominati efficiendi. Id intellegat inciderint usu, ea unum dicta scripta has, aeque dissentiet per id. Vel no feugiat graecis. Est purto dissentias ea.',1,0,0,0,1,NULL,NULL),(44,41,1,'Performance failure 4',1,'Lorem ipsum dolor sit amet, ne eam dicat nostrum. Ad zril principes vim, nec etiam alienum in, eos molestie facilisis interesset at. Magna iracundia inciderint cum ut, at vis suscipit nominati efficiendi. Id intellegat inciderint usu, ea unum dicta scripta has, aeque dissentiet per id. Vel no feugiat graecis. Est purto dissentias ea.','Lorem ipsum dolor sit amet, ne eam dicat nostrum. Ad zril principes vim, nec etiam alienum in, eos molestie facilisis interesset at. Magna iracundia inciderint cum ut, at vis suscipit nominati efficiendi. Id intellegat inciderint usu, ea unum dicta scripta has, aeque dissentiet per id. Vel no feugiat graecis. Est purto dissentias ea.',0,0,0,0,1,NULL,NULL),(45,42,2,'Performance failure 1',1,'Lorem ipsum dolor sit amet, ne eam dicat nostrum. Ad zril principes vim, nec etiam alienum in, eos molestie facilisis interesset at. Magna iracundia inciderint cum ut, at vis suscipit nominati efficiendi. Id intellegat inciderint usu, ea unum dicta scripta has, aeque dissentiet per id. Vel no feugiat graecis. Est purto dissentias ea.','Lorem ipsum dolor sit amet, ne eam dicat nostrum. Ad zril principes vim, nec etiam alienum in, eos molestie facilisis interesset at. Magna iracundia inciderint cum ut, at vis suscipit nominati efficiendi. Id intellegat inciderint usu, ea unum dicta scripta has, aeque dissentiet per id. Vel no feugiat graecis. Est purto dissentias ea.',1,0,0,0,1,NULL,NULL),(46,42,1,'Performance failure 2',2,'Lorem ipsum dolor sit amet, ne eam dicat nostrum. Ad zril principes vim, nec etiam alienum in, eos molestie facilisis interesset at. Magna iracundia inciderint cum ut, at vis suscipit nominati efficiendi. Id intellegat inciderint usu, ea unum dicta scripta has, aeque dissentiet per id. Vel no feugiat graecis. Est purto dissentias ea.','Lorem ipsum dolor sit amet, ne eam dicat nostrum. Ad zril principes vim, nec etiam alienum in, eos molestie facilisis interesset at. Magna iracundia inciderint cum ut, at vis suscipit nominati efficiendi. Id intellegat inciderint usu, ea unum dicta scripta has, aeque dissentiet per id. Vel no feugiat graecis. Est purto dissentias ea.',0,0,0,0,1,NULL,NULL),(47,42,1,'Performance failure 3',3,'Lorem ipsum dolor sit amet, ne eam dicat nostrum. Ad zril principes vim, nec etiam alienum in, eos molestie facilisis interesset at. Magna iracundia inciderint cum ut, at vis suscipit nominati efficiendi. Id intellegat inciderint usu, ea unum dicta scripta has, aeque dissentiet per id. Vel no feugiat graecis. Est purto dissentias ea.','Lorem ipsum dolor sit amet, ne eam dicat nostrum. Ad zril principes vim, nec etiam alienum in, eos molestie facilisis interesset at. Magna iracundia inciderint cum ut, at vis suscipit nominati efficiendi. Id intellegat inciderint usu, ea unum dicta scripta has, aeque dissentiet per id. Vel no feugiat graecis. Est purto dissentias ea.',1,0,0,0,1,NULL,NULL),(48,42,1,'Performance failure 4',1,'Lorem ipsum dolor sit amet, ne eam dicat nostrum. Ad zril principes vim, nec etiam alienum in, eos molestie facilisis interesset at. Magna iracundia inciderint cum ut, at vis suscipit nominati efficiendi. Id intellegat inciderint usu, ea unum dicta scripta has, aeque dissentiet per id. Vel no feugiat graecis. Est purto dissentias ea.','Lorem ipsum dolor sit amet, ne eam dicat nostrum. Ad zril principes vim, nec etiam alienum in, eos molestie facilisis interesset at. Magna iracundia inciderint cum ut, at vis suscipit nominati efficiendi. Id intellegat inciderint usu, ea unum dicta scripta has, aeque dissentiet per id. Vel no feugiat graecis. Est purto dissentias ea.',0,0,0,0,1,NULL,NULL),(49,43,2,'Performance failure 1',1,'Lorem ipsum dolor sit amet, ne eam dicat nostrum. Ad zril principes vim, nec etiam alienum in, eos molestie facilisis interesset at. Magna iracundia inciderint cum ut, at vis suscipit nominati efficiendi. Id intellegat inciderint usu, ea unum dicta scripta has, aeque dissentiet per id. Vel no feugiat graecis. Est purto dissentias ea.','Lorem ipsum dolor sit amet, ne eam dicat nostrum. Ad zril principes vim, nec etiam alienum in, eos molestie facilisis interesset at. Magna iracundia inciderint cum ut, at vis suscipit nominati efficiendi. Id intellegat inciderint usu, ea unum dicta scripta has, aeque dissentiet per id. Vel no feugiat graecis. Est purto dissentias ea.',1,0,0,0,1,NULL,NULL),(50,43,1,'Performance failure 2',2,'Lorem ipsum dolor sit amet, ne eam dicat nostrum. Ad zril principes vim, nec etiam alienum in, eos molestie facilisis interesset at. Magna iracundia inciderint cum ut, at vis suscipit nominati efficiendi. Id intellegat inciderint usu, ea unum dicta scripta has, aeque dissentiet per id. Vel no feugiat graecis. Est purto dissentias ea.','Lorem ipsum dolor sit amet, ne eam dicat nostrum. Ad zril principes vim, nec etiam alienum in, eos molestie facilisis interesset at. Magna iracundia inciderint cum ut, at vis suscipit nominati efficiendi. Id intellegat inciderint usu, ea unum dicta scripta has, aeque dissentiet per id. Vel no feugiat graecis. Est purto dissentias ea.',0,0,0,0,1,NULL,NULL),(51,43,1,'Performance failure 3',3,'Lorem ipsum dolor sit amet, ne eam dicat nostrum. Ad zril principes vim, nec etiam alienum in, eos molestie facilisis interesset at. Magna iracundia inciderint cum ut, at vis suscipit nominati efficiendi. Id intellegat inciderint usu, ea unum dicta scripta has, aeque dissentiet per id. Vel no feugiat graecis. Est purto dissentias ea.','Lorem ipsum dolor sit amet, ne eam dicat nostrum. Ad zril principes vim, nec etiam alienum in, eos molestie facilisis interesset at. Magna iracundia inciderint cum ut, at vis suscipit nominati efficiendi. Id intellegat inciderint usu, ea unum dicta scripta has, aeque dissentiet per id. Vel no feugiat graecis. Est purto dissentias ea.',1,0,0,0,1,NULL,NULL),(52,43,1,'Performance failure 4',1,'Lorem ipsum dolor sit amet, ne eam dicat nostrum. Ad zril principes vim, nec etiam alienum in, eos molestie facilisis interesset at. Magna iracundia inciderint cum ut, at vis suscipit nominati efficiendi. Id intellegat inciderint usu, ea unum dicta scripta has, aeque dissentiet per id. Vel no feugiat graecis. Est purto dissentias ea.','Lorem ipsum dolor sit amet, ne eam dicat nostrum. Ad zril principes vim, nec etiam alienum in, eos molestie facilisis interesset at. Magna iracundia inciderint cum ut, at vis suscipit nominati efficiendi. Id intellegat inciderint usu, ea unum dicta scripta has, aeque dissentiet per id. Vel no feugiat graecis. Est purto dissentias ea.',0,0,0,0,1,NULL,NULL),(53,44,2,'Performance failure 1',1,'Lorem ipsum dolor sit amet, ne eam dicat nostrum. Ad zril principes vim, nec etiam alienum in, eos molestie facilisis interesset at. Magna iracundia inciderint cum ut, at vis suscipit nominati efficiendi. Id intellegat inciderint usu, ea unum dicta scripta has, aeque dissentiet per id. Vel no feugiat graecis. Est purto dissentias ea.','Lorem ipsum dolor sit amet, ne eam dicat nostrum. Ad zril principes vim, nec etiam alienum in, eos molestie facilisis interesset at. Magna iracundia inciderint cum ut, at vis suscipit nominati efficiendi. Id intellegat inciderint usu, ea unum dicta scripta has, aeque dissentiet per id. Vel no feugiat graecis. Est purto dissentias ea.',1,0,0,0,1,NULL,NULL),(54,44,1,'Performance failure 2',2,'Lorem ipsum dolor sit amet, ne eam dicat nostrum. Ad zril principes vim, nec etiam alienum in, eos molestie facilisis interesset at. Magna iracundia inciderint cum ut, at vis suscipit nominati efficiendi. Id intellegat inciderint usu, ea unum dicta scripta has, aeque dissentiet per id. Vel no feugiat graecis. Est purto dissentias ea.','Lorem ipsum dolor sit amet, ne eam dicat nostrum. Ad zril principes vim, nec etiam alienum in, eos molestie facilisis interesset at. Magna iracundia inciderint cum ut, at vis suscipit nominati efficiendi. Id intellegat inciderint usu, ea unum dicta scripta has, aeque dissentiet per id. Vel no feugiat graecis. Est purto dissentias ea.',0,0,0,0,1,NULL,NULL),(55,44,1,'Performance failure 3',3,'Lorem ipsum dolor sit amet, ne eam dicat nostrum. Ad zril principes vim, nec etiam alienum in, eos molestie facilisis interesset at. Magna iracundia inciderint cum ut, at vis suscipit nominati efficiendi. Id intellegat inciderint usu, ea unum dicta scripta has, aeque dissentiet per id. Vel no feugiat graecis. Est purto dissentias ea.','Lorem ipsum dolor sit amet, ne eam dicat nostrum. Ad zril principes vim, nec etiam alienum in, eos molestie facilisis interesset at. Magna iracundia inciderint cum ut, at vis suscipit nominati efficiendi. Id intellegat inciderint usu, ea unum dicta scripta has, aeque dissentiet per id. Vel no feugiat graecis. Est purto dissentias ea.',1,0,0,0,1,NULL,NULL),(56,44,1,'Performance failure 4',1,'Lorem ipsum dolor sit amet, ne eam dicat nostrum. Ad zril principes vim, nec etiam alienum in, eos molestie facilisis interesset at. Magna iracundia inciderint cum ut, at vis suscipit nominati efficiendi. Id intellegat inciderint usu, ea unum dicta scripta has, aeque dissentiet per id. Vel no feugiat graecis. Est purto dissentias ea.','Lorem ipsum dolor sit amet, ne eam dicat nostrum. Ad zril principes vim, nec etiam alienum in, eos molestie facilisis interesset at. Magna iracundia inciderint cum ut, at vis suscipit nominati efficiendi. Id intellegat inciderint usu, ea unum dicta scripta has, aeque dissentiet per id. Vel no feugiat graecis. Est purto dissentias ea.',0,0,0,0,1,NULL,NULL),(57,45,2,'Performance failure 1',1,'Lorem ipsum dolor sit amet, ne eam dicat nostrum. Ad zril principes vim, nec etiam alienum in, eos molestie facilisis interesset at. Magna iracundia inciderint cum ut, at vis suscipit nominati efficiendi. Id intellegat inciderint usu, ea unum dicta scripta has, aeque dissentiet per id. Vel no feugiat graecis. Est purto dissentias ea.','Lorem ipsum dolor sit amet, ne eam dicat nostrum. Ad zril principes vim, nec etiam alienum in, eos molestie facilisis interesset at. Magna iracundia inciderint cum ut, at vis suscipit nominati efficiendi. Id intellegat inciderint usu, ea unum dicta scripta has, aeque dissentiet per id. Vel no feugiat graecis. Est purto dissentias ea.',1,0,0,0,1,NULL,NULL),(58,45,1,'Performance failure 2',2,'Lorem ipsum dolor sit amet, ne eam dicat nostrum. Ad zril principes vim, nec etiam alienum in, eos molestie facilisis interesset at. Magna iracundia inciderint cum ut, at vis suscipit nominati efficiendi. Id intellegat inciderint usu, ea unum dicta scripta has, aeque dissentiet per id. Vel no feugiat graecis. Est purto dissentias ea.','Lorem ipsum dolor sit amet, ne eam dicat nostrum. Ad zril principes vim, nec etiam alienum in, eos molestie facilisis interesset at. Magna iracundia inciderint cum ut, at vis suscipit nominati efficiendi. Id intellegat inciderint usu, ea unum dicta scripta has, aeque dissentiet per id. Vel no feugiat graecis. Est purto dissentias ea.',0,0,0,0,1,NULL,NULL),(59,45,1,'Performance failure 3',3,'Lorem ipsum dolor sit amet, ne eam dicat nostrum. Ad zril principes vim, nec etiam alienum in, eos molestie facilisis interesset at. Magna iracundia inciderint cum ut, at vis suscipit nominati efficiendi. Id intellegat inciderint usu, ea unum dicta scripta has, aeque dissentiet per id. Vel no feugiat graecis. Est purto dissentias ea.','Lorem ipsum dolor sit amet, ne eam dicat nostrum. Ad zril principes vim, nec etiam alienum in, eos molestie facilisis interesset at. Magna iracundia inciderint cum ut, at vis suscipit nominati efficiendi. Id intellegat inciderint usu, ea unum dicta scripta has, aeque dissentiet per id. Vel no feugiat graecis. Est purto dissentias ea.',1,0,0,0,1,NULL,NULL),(60,45,1,'Performance failure 4',1,'Lorem ipsum dolor sit amet, ne eam dicat nostrum. Ad zril principes vim, nec etiam alienum in, eos molestie facilisis interesset at. Magna iracundia inciderint cum ut, at vis suscipit nominati efficiendi. Id intellegat inciderint usu, ea unum dicta scripta has, aeque dissentiet per id. Vel no feugiat graecis. Est purto dissentias ea.','Lorem ipsum dolor sit amet, ne eam dicat nostrum. Ad zril principes vim, nec etiam alienum in, eos molestie facilisis interesset at. Magna iracundia inciderint cum ut, at vis suscipit nominati efficiendi. Id intellegat inciderint usu, ea unum dicta scripta has, aeque dissentiet per id. Vel no feugiat graecis. Est purto dissentias ea.',0,0,0,0,1,NULL,NULL),(65,47,2,'Performance failure 1',1,'Lorem ipsum dolor sit amet, ne eam dicat nostrum. Ad zril principes vim, nec etiam alienum in, eos molestie facilisis interesset at. Magna iracundia inciderint cum ut, at vis suscipit nominati efficiendi. Id intellegat inciderint usu, ea unum dicta scripta has, aeque dissentiet per id. Vel no feugiat graecis. Est purto dissentias ea.','Lorem ipsum dolor sit amet, ne eam dicat nostrum. Ad zril principes vim, nec etiam alienum in, eos molestie facilisis interesset at. Magna iracundia inciderint cum ut, at vis suscipit nominati efficiendi. Id intellegat inciderint usu, ea unum dicta scripta has, aeque dissentiet per id. Vel no feugiat graecis. Est purto dissentias ea.',1,0,0,0,1,NULL,NULL),(66,47,1,'Performance failure 2',2,'Lorem ipsum dolor sit amet, ne eam dicat nostrum. Ad zril principes vim, nec etiam alienum in, eos molestie facilisis interesset at. Magna iracundia inciderint cum ut, at vis suscipit nominati efficiendi. Id intellegat inciderint usu, ea unum dicta scripta has, aeque dissentiet per id. Vel no feugiat graecis. Est purto dissentias ea.','Lorem ipsum dolor sit amet, ne eam dicat nostrum. Ad zril principes vim, nec etiam alienum in, eos molestie facilisis interesset at. Magna iracundia inciderint cum ut, at vis suscipit nominati efficiendi. Id intellegat inciderint usu, ea unum dicta scripta has, aeque dissentiet per id. Vel no feugiat graecis. Est purto dissentias ea.',0,0,0,0,1,NULL,NULL),(67,47,1,'Performance failure 3',3,'Lorem ipsum dolor sit amet, ne eam dicat nostrum. Ad zril principes vim, nec etiam alienum in, eos molestie facilisis interesset at. Magna iracundia inciderint cum ut, at vis suscipit nominati efficiendi. Id intellegat inciderint usu, ea unum dicta scripta has, aeque dissentiet per id. Vel no feugiat graecis. Est purto dissentias ea.','Lorem ipsum dolor sit amet, ne eam dicat nostrum. Ad zril principes vim, nec etiam alienum in, eos molestie facilisis interesset at. Magna iracundia inciderint cum ut, at vis suscipit nominati efficiendi. Id intellegat inciderint usu, ea unum dicta scripta has, aeque dissentiet per id. Vel no feugiat graecis. Est purto dissentias ea.',1,0,0,0,1,NULL,NULL),(68,47,1,'Performance failure 4',1,'Lorem ipsum dolor sit amet, ne eam dicat nostrum. Ad zril principes vim, nec etiam alienum in, eos molestie facilisis interesset at. Magna iracundia inciderint cum ut, at vis suscipit nominati efficiendi. Id intellegat inciderint usu, ea unum dicta scripta has, aeque dissentiet per id. Vel no feugiat graecis. Est purto dissentias ea.','Lorem ipsum dolor sit amet, ne eam dicat nostrum. Ad zril principes vim, nec etiam alienum in, eos molestie facilisis interesset at. Magna iracundia inciderint cum ut, at vis suscipit nominati efficiendi. Id intellegat inciderint usu, ea unum dicta scripta has, aeque dissentiet per id. Vel no feugiat graecis. Est purto dissentias ea.',0,0,0,0,1,NULL,NULL);
/*!40000 ALTER TABLE `pi_performance_failures` ENABLE KEYS */;
UNLOCK TABLES;

--
-- Table structure for table `pi_performance_failures_category`
--

DROP TABLE IF EXISTS `pi_performance_failures_category`;
/*!40101 SET @saved_cs_client     = @@character_set_client */;
/*!40101 SET character_set_client = utf8 */;
CREATE TABLE `pi_performance_failures_category` (
  `id` int(10) unsigned NOT NULL AUTO_INCREMENT,
  `name` varchar(191) COLLATE utf8mb4_unicode_ci NOT NULL,
  `draft` tinyint(1) NOT NULL DEFAULT '0',
  `requested_modification` tinyint(1) NOT NULL DEFAULT '0',
  `published` tinyint(1) NOT NULL DEFAULT '0',
  `created_at` timestamp NULL DEFAULT NULL,
  `updated_at` timestamp NULL DEFAULT NULL,
  PRIMARY KEY (`id`),
  UNIQUE KEY `pi_performance_failures_category_name_unique` (`name`)
) ENGINE=InnoDB AUTO_INCREMENT=3 DEFAULT CHARSET=utf8mb4 COLLATE=utf8mb4_unicode_ci;
/*!40101 SET character_set_client = @saved_cs_client */;

--
-- Dumping data for table `pi_performance_failures_category`
--

LOCK TABLES `pi_performance_failures_category` WRITE;
/*!40000 ALTER TABLE `pi_performance_failures_category` DISABLE KEYS */;
INSERT INTO `pi_performance_failures_category` VALUES (1,'Transparency in accounting and in operations',0,0,0,NULL,NULL),(2,'Financial objectives',0,0,0,NULL,NULL);
/*!40000 ALTER TABLE `pi_performance_failures_category` ENABLE KEYS */;
UNLOCK TABLES;

--
-- Table structure for table `ppp_delivery_models`
--

DROP TABLE IF EXISTS `ppp_delivery_models`;
/*!40101 SET @saved_cs_client     = @@character_set_client */;
/*!40101 SET character_set_client = utf8 */;
CREATE TABLE `ppp_delivery_models` (
  `id` int(10) unsigned NOT NULL AUTO_INCREMENT,
  `name` varchar(255) COLLATE utf8mb4_unicode_ci NOT NULL,
  `created_at` timestamp NULL DEFAULT NULL,
  `updated_at` timestamp NULL DEFAULT NULL,
  PRIMARY KEY (`id`)
) ENGINE=InnoDB AUTO_INCREMENT=8 DEFAULT CHARSET=utf8mb4 COLLATE=utf8mb4_unicode_ci;
/*!40101 SET character_set_client = @saved_cs_client */;

--
-- Dumping data for table `ppp_delivery_models`
--

LOCK TABLES `ppp_delivery_models` WRITE;
/*!40000 ALTER TABLE `ppp_delivery_models` DISABLE KEYS */;
INSERT INTO `ppp_delivery_models` VALUES (1,'Design Build Finance Operate Transfer (DBFOT)',NULL,NULL),(2,'Design Build Finance Operate Maintain (DBFOM)',NULL,NULL),(3,'Design Build Finance (DBF)',NULL,NULL),(4,'Design build Finance Operate (DBFO)',NULL,NULL),(5,'Design Build Finance Maintain (DBFM)',NULL,NULL),(6,'Build Finance Operate Maintain (BFOM)',NULL,NULL),(7,'Operation & Maintenance (O&M)',NULL,NULL);
/*!40000 ALTER TABLE `ppp_delivery_models` ENABLE KEYS */;
UNLOCK TABLES;

--
-- Table structure for table `prefixes`
--

DROP TABLE IF EXISTS `prefixes`;
/*!40101 SET @saved_cs_client     = @@character_set_client */;
/*!40101 SET character_set_client = utf8 */;
CREATE TABLE `prefixes` (
  `id` int(10) unsigned NOT NULL AUTO_INCREMENT,
  `country` varchar(191) COLLATE utf8mb4_unicode_ci NOT NULL,
  `iso` varchar(45) COLLATE utf8mb4_unicode_ci NOT NULL,
  `dial_code` varchar(12) COLLATE utf8mb4_unicode_ci NOT NULL,
  `created_at` timestamp NULL DEFAULT NULL,
  `updated_at` timestamp NULL DEFAULT NULL,
  PRIMARY KEY (`id`),
  UNIQUE KEY `prefixes_country_unique` (`country`),
  UNIQUE KEY `prefixes_iso_unique` (`iso`)
) ENGINE=InnoDB AUTO_INCREMENT=240 DEFAULT CHARSET=utf8mb4 COLLATE=utf8mb4_unicode_ci;
/*!40101 SET character_set_client = @saved_cs_client */;

--
-- Dumping data for table `prefixes`
--

LOCK TABLES `prefixes` WRITE;
/*!40000 ALTER TABLE `prefixes` DISABLE KEYS */;
INSERT INTO `prefixes` VALUES (1,'Afghanistan','af','93','2020-01-28 09:39:22',NULL),(2,'Albania','al','355','2020-01-28 09:39:22',NULL),(3,'Algeria','dz','213','2020-01-28 09:39:22',NULL),(4,'American Samoa','as','1684','2020-01-28 09:39:22',NULL),(5,'Andorra','ad','376','2020-01-28 09:39:22',NULL),(6,'Angola','ao','244','2020-01-28 09:39:22',NULL),(7,'Anguilla','ai','1264','2020-01-28 09:39:22',NULL),(8,'Antigua &amp; Barbuda','ag','1268','2020-01-28 09:39:22',NULL),(9,'Argentina','ar','54','2020-01-28 09:39:22',NULL),(10,'Armenia','am','374','2020-01-28 09:39:22',NULL),(11,'Aruba','aw','297','2020-01-28 09:39:22',NULL),(12,'Australia','au','61','2020-01-28 09:39:22',NULL),(13,'Austria','at','43','2020-01-28 09:39:22',NULL),(14,'Azerbaijan','az','994','2020-01-28 09:39:22',NULL),(15,'Bahamas','bs','1242','2020-01-28 09:39:22',NULL),(16,'Bahrain','bh','973','2020-01-28 09:39:22',NULL),(17,'Bangladesh','bd','880','2020-01-28 09:39:22',NULL),(18,'Barbados','bb','1246','2020-01-28 09:39:22',NULL),(19,'Belarus','by','375','2020-01-28 09:39:22',NULL),(20,'Belgium','be','32','2020-01-28 09:39:22',NULL),(21,'Bolivia','bo','591','2020-01-28 09:39:22',NULL),(22,'Bosnia &amp; Herzegovina','ba','387','2020-01-28 09:39:22',NULL),(23,'Botswana','bw','267','2020-01-28 09:39:22',NULL),(24,'Brazil','br','55','2020-01-28 09:39:22',NULL),(25,'British Indian Ocean Territory','io','246','2020-01-28 09:39:22',NULL),(26,'British Virgin Islands','vg','1284','2020-01-28 09:39:22',NULL),(27,'Brunei','bn','673','2020-01-28 09:39:22',NULL),(28,'Bulgaria','bg','359','2020-01-28 09:39:22',NULL),(29,'Burkina Faso','bf','226','2020-01-28 09:39:22',NULL),(30,'Burundi','bi','257','2020-01-28 09:39:22',NULL),(31,'Cambodia','kh','855','2020-01-28 09:39:22',NULL),(32,'Cameroon','cm','237','2020-01-28 09:39:22',NULL),(33,'Canada','ca','1','2020-01-28 09:39:22',NULL),(34,'Cape Verde','cv','238','2020-01-28 09:39:22',NULL),(35,'Caribbean Netherlands','bq','599','2020-01-28 09:39:22',NULL),(36,'Cayman Islands','ky','1345','2020-01-28 09:39:22',NULL),(37,'Central African Republic','cf','236','2020-01-28 09:39:22',NULL),(38,'Chad','td','235','2020-01-28 09:39:22',NULL),(39,'Chile','cl','56','2020-01-28 09:39:22',NULL),(40,'China','cn','86','2020-01-28 09:39:22',NULL),(41,'Christmas Island','cx','61','2020-01-28 09:39:22',NULL),(42,'Cocos (Keeling) Islands','cc','61','2020-01-28 09:39:22',NULL),(43,'Colombia','co','57','2020-01-28 09:39:22',NULL),(44,'Comoros','km','269','2020-01-28 09:39:22',NULL),(45,'Congo - Kinshasa','cd','243','2020-01-28 09:39:22',NULL),(46,'Congo - Brazzaville','cg','242','2020-01-28 09:39:22',NULL),(47,'Cook Islands','ck','682','2020-01-28 09:39:22',NULL),(48,'Costa Rica','cr','506','2020-01-28 09:39:22',NULL),(49,'Cte dIvoire','ci','225','2020-01-28 09:39:22',NULL),(50,'Croatia','hr','385','2020-01-28 09:39:22',NULL),(51,'Cuba','cu','53','2020-01-28 09:39:22',NULL),(52,'Curaao','cw','599','2020-01-28 09:39:22',NULL),(53,'Cyprus','cy','357','2020-01-28 09:39:22',NULL),(54,'Czech Republic','cz','420','2020-01-28 09:39:22',NULL),(55,'Denmark','dk','45','2020-01-28 09:39:22',NULL),(56,'Djibouti','dj','253','2020-01-28 09:39:22',NULL),(57,'Dominica','dm','1767','2020-01-28 09:39:22',NULL),(58,'Dominican Republic','do','1','2020-01-28 09:39:22',NULL),(59,'Ecuador','ec','593','2020-01-28 09:39:22',NULL),(60,'Egypt','eg','20','2020-01-28 09:39:22',NULL),(61,'El Salvador','sv','503','2020-01-28 09:39:22',NULL),(62,'Equatorial Guinea','gq','240','2020-01-28 09:39:22',NULL),(63,'Eritrea','er','291','2020-01-28 09:39:22',NULL),(64,'Estonia','ee','372','2020-01-28 09:39:22',NULL),(65,'Ethiopia','et','251','2020-01-28 09:39:22',NULL),(66,'Falkland Islands','fk','500','2020-01-28 09:39:22',NULL),(67,'Faroe Islands','fo','298','2020-01-28 09:39:22',NULL),(68,'Fiji','fj','679','2020-01-28 09:39:22',NULL),(69,'Finland','fi','358','2020-01-28 09:39:22',NULL),(70,'France','fr','33','2020-01-28 09:39:22',NULL),(71,'French Guiana','gf','594','2020-01-28 09:39:22',NULL),(72,'French Polynesia','pf','689','2020-01-28 09:39:22',NULL),(73,'Gabon','ga','241','2020-01-28 09:39:22',NULL),(74,'Gambia','gm','220','2020-01-28 09:39:22',NULL),(75,'Georgia','ge','995','2020-01-28 09:39:22',NULL),(76,'Germany','de','49','2020-01-28 09:39:22',NULL),(77,'Ghana','gh','233','2020-01-28 09:39:22',NULL),(78,'Gibraltar','gi','350','2020-01-28 09:39:22',NULL),(79,'Greece','gr','30','2020-01-28 09:39:22',NULL),(80,'Greenland','gl','299','2020-01-28 09:39:22',NULL),(81,'Grenada','gd','1473','2020-01-28 09:39:22',NULL),(82,'Guadeloupe','gp','590','2020-01-28 09:39:22',NULL),(83,'Guam','gu','1671','2020-01-28 09:39:22',NULL),(84,'Guatemala','gt','502','2020-01-28 09:39:22',NULL),(85,'Guernsey','gg','44','2020-01-28 09:39:22',NULL),(86,'Guinea','gn','224','2020-01-28 09:39:22',NULL),(87,'Guinea-Bissau','gw','245','2020-01-28 09:39:22',NULL),(88,'Guyana','gy','592','2020-01-28 09:39:22',NULL),(89,'Haiti','ht','509','2020-01-28 09:39:22',NULL),(90,'Honduras','hn','504','2020-01-28 09:39:22',NULL),(91,'Hong Kong SAR China','hk','852','2020-01-28 09:39:22',NULL),(92,'Hungary','hu','36','2020-01-28 09:39:22',NULL),(93,'Iceland','is','354','2020-01-28 09:39:22',NULL),(94,'India','in','91','2020-01-28 09:39:22',NULL),(95,'Indonesia','id','62','2020-01-28 09:39:22',NULL),(96,'Iran','ir','98','2020-01-28 09:39:22',NULL),(97,'Iraq','iq','964','2020-01-28 09:39:22',NULL),(98,'Ireland','ie','353','2020-01-28 09:39:22',NULL),(99,'Isle of Man','im','44','2020-01-28 09:39:22',NULL),(100,'Israel','il','972','2020-01-28 09:39:22',NULL),(101,'Italy','it','39','2020-01-28 09:39:22',NULL),(102,'Jamaica','jm','1876','2020-01-28 09:39:22',NULL),(103,'Japan','jp','81','2020-01-28 09:39:22',NULL),(104,'Jersey','je','44','2020-01-28 09:39:22',NULL),(105,'Jordan','jo','962','2020-01-28 09:39:22',NULL),(106,'Kazakhstan','kz','7','2020-01-28 09:39:22',NULL),(107,'Kenya','ke','254','2020-01-28 09:39:22',NULL),(108,'Kiribati','ki','686','2020-01-28 09:39:22',NULL),(109,'Kosovo','xk','383','2020-01-28 09:39:22',NULL),(110,'Kuwait','kw','965','2020-01-28 09:39:22',NULL),(111,'Kyrgyzstan','kg','996','2020-01-28 09:39:22',NULL),(112,'Laos','la','856','2020-01-28 09:39:22',NULL),(113,'Latvia','lv','371','2020-01-28 09:39:22',NULL),(114,'Lebanon','lb','961','2020-01-28 09:39:22',NULL),(115,'Lesotho','ls','266','2020-01-28 09:39:22',NULL),(116,'Liberia','lr','231','2020-01-28 09:39:22',NULL),(117,'Libya','ly','218','2020-01-28 09:39:22',NULL),(118,'Liechtenstein','li','423','2020-01-28 09:39:22',NULL),(119,'Lithuania','lt','370','2020-01-28 09:39:22',NULL),(120,'Luxembourg','lu','352','2020-01-28 09:39:22',NULL),(121,'Macau SAR China','mo','853','2020-01-28 09:39:22',NULL),(122,'Macedonia','mk','389','2020-01-28 09:39:22',NULL),(123,'Madagascar','mg','261','2020-01-28 09:39:22',NULL),(124,'Malawi','mw','265','2020-01-28 09:39:22',NULL),(125,'Malaysia','my','60','2020-01-28 09:39:22',NULL),(126,'Maldives','mv','960','2020-01-28 09:39:22',NULL),(127,'Mali','ml','223','2020-01-28 09:39:22',NULL),(128,'Malta','mt','356','2020-01-28 09:39:22',NULL),(129,'Marshall Islands','mh','692','2020-01-28 09:39:22',NULL),(130,'Martinique','mq','596','2020-01-28 09:39:22',NULL),(131,'Mauritania','mr','222','2020-01-28 09:39:22',NULL),(132,'Mauritius','mu','230','2020-01-28 09:39:22',NULL),(133,'Mayotte','yt','262','2020-01-28 09:39:22',NULL),(134,'Mexico','mx','52','2020-01-28 09:39:22',NULL),(135,'Micronesia','fm','691','2020-01-28 09:39:22',NULL),(136,'Moldova','md','373','2020-01-28 09:39:22',NULL),(137,'Monaco','mc','377','2020-01-28 09:39:22',NULL),(138,'Mongolia','mn','976','2020-01-28 09:39:22',NULL),(139,'Montenegro','me','382','2020-01-28 09:39:22',NULL),(140,'Montserrat','ms','1664','2020-01-28 09:39:22',NULL),(141,'Morocco','ma','212','2020-01-28 09:39:22',NULL),(142,'Mozambique','mz','258','2020-01-28 09:39:22',NULL),(143,'Myanmar (Burma)','mm','95','2020-01-28 09:39:22',NULL),(144,'Namibia','na','264','2020-01-28 09:39:22',NULL),(145,'Nauru','nr','674','2020-01-28 09:39:22',NULL),(146,'Nepal','np','977','2020-01-28 09:39:22',NULL),(147,'Netherlands','nl','31','2020-01-28 09:39:22',NULL),(148,'New Caledonia','nc','687','2020-01-28 09:39:22',NULL),(149,'New Zealand','nz','64','2020-01-28 09:39:22',NULL),(150,'Nicaragua','ni','505','2020-01-28 09:39:22',NULL),(151,'Niger','ne','227','2020-01-28 09:39:22',NULL),(152,'Nigeria','ng','234','2020-01-28 09:39:22',NULL),(153,'Niue','nu','683','2020-01-28 09:39:22',NULL),(154,'Norfolk Island','nf','672','2020-01-28 09:39:22',NULL),(155,'North Korea','kp','850','2020-01-28 09:39:22',NULL),(156,'Northern Mariana Islands','mp','1670','2020-01-28 09:39:22',NULL),(157,'Norway','no','47','2020-01-28 09:39:22',NULL),(158,'Oman','om','968','2020-01-28 09:39:22',NULL),(159,'Pakistan','pk','92','2020-01-28 09:39:22',NULL),(160,'Palau','pw','680','2020-01-28 09:39:22',NULL),(161,'Palestinian Territories','ps','970','2020-01-28 09:39:22',NULL),(162,'Panama','pa','507','2020-01-28 09:39:22',NULL),(163,'Papua New Guinea','pg','675','2020-01-28 09:39:22',NULL),(164,'Paraguay','py','595','2020-01-28 09:39:22',NULL),(165,'Peru','pe','51','2020-01-28 09:39:22',NULL),(166,'Philippines','ph','63','2020-01-28 09:39:22',NULL),(167,'Poland','pl','48','2020-01-28 09:39:22',NULL),(168,'Portugal','pt','351','2020-01-28 09:39:22',NULL),(169,'Puerto Rico','pr','1','2020-01-28 09:39:22',NULL),(170,'Qatar','qa','974','2020-01-28 09:39:22',NULL),(171,'Runion','re','262','2020-01-28 09:39:22',NULL),(172,'Romania','ro','40','2020-01-28 09:39:22',NULL),(173,'Russia','ru','7','2020-01-28 09:39:22',NULL),(174,'Rwanda','rw','250','2020-01-28 09:39:22',NULL),(175,'St. Barthlemy','bl','590','2020-01-28 09:39:22',NULL),(176,'St. Helena','sh','290','2020-01-28 09:39:22',NULL),(177,'St. Kitts &amp; Nevis','kn','1869','2020-01-28 09:39:22',NULL),(178,'St. Lucia','lc','1758','2020-01-28 09:39:22',NULL),(179,'St. Martin','mf','590','2020-01-28 09:39:22',NULL),(180,'St. Pierre &amp; Miquelon','pm','508','2020-01-28 09:39:22',NULL),(181,'St. Vincent &amp; Grenadines','vc','1784','2020-01-28 09:39:22',NULL),(182,'Samoa','ws','685','2020-01-28 09:39:22',NULL),(183,'San Marino','sm','378','2020-01-28 09:39:22',NULL),(184,'So Tom &amp; Prncipe','st','239','2020-01-28 09:39:22',NULL),(185,'Saudi Arabia','sa','966','2020-01-28 09:39:22',NULL),(186,'Senegal','sn','221','2020-01-28 09:39:22',NULL),(187,'Serbia','rs','381','2020-01-28 09:39:22',NULL),(188,'Seychelles','sc','248','2020-01-28 09:39:22',NULL),(189,'Sierra Leone','sl','232','2020-01-28 09:39:22',NULL),(190,'Singapore','sg','65','2020-01-28 09:39:22',NULL),(191,'Sint Maarten','sx','1721','2020-01-28 09:39:22',NULL),(192,'Slovakia','sk','421','2020-01-28 09:39:22',NULL),(193,'Slovenia','si','386','2020-01-28 09:39:22',NULL),(194,'Solomon Islands','sb','677','2020-01-28 09:39:22',NULL),(195,'Somalia','so','252','2020-01-28 09:39:22',NULL),(196,'South Africa','za','27','2020-01-28 09:39:22',NULL),(197,'South Korea','kr','82','2020-01-28 09:39:22',NULL),(198,'South Sudan','ss','211','2020-01-28 09:39:22',NULL),(199,'Spain','es','34','2020-01-28 09:39:22',NULL),(200,'Sri Lanka','lk','94','2020-01-28 09:39:22',NULL),(201,'Sudan','sd','249','2020-01-28 09:39:22',NULL),(202,'Suriname','sr','597','2020-01-28 09:39:22',NULL),(203,'Svalbard &amp; Jan Mayen','sj','47','2020-01-28 09:39:22',NULL),(204,'Swaziland','sz','268','2020-01-28 09:39:22',NULL),(205,'Sweden','se','46','2020-01-28 09:39:22',NULL),(206,'Switzerland','ch','41','2020-01-28 09:39:22',NULL),(207,'Syria','sy','963','2020-01-28 09:39:22',NULL),(208,'Taiwan','tw','886','2020-01-28 09:39:22',NULL),(209,'Tajikistan','tj','992','2020-01-28 09:39:22',NULL),(210,'Tanzania','tz','255','2020-01-28 09:39:22',NULL),(211,'Thailand','th','66','2020-01-28 09:39:22',NULL),(212,'Timor-Leste','tl','670','2020-01-28 09:39:22',NULL),(213,'Togo','tg','228','2020-01-28 09:39:22',NULL),(214,'Tokelau','tk','690','2020-01-28 09:39:22',NULL),(215,'Tonga','to','676','2020-01-28 09:39:22',NULL),(216,'Trinidad &amp; Tobago','tt','1868','2020-01-28 09:39:22',NULL),(217,'Tunisia','tn','216','2020-01-28 09:39:22',NULL),(218,'Turkey','tr','90','2020-01-28 09:39:22',NULL),(219,'Turkmenistan','tm','993','2020-01-28 09:39:22',NULL),(220,'Turks &amp; Caicos Islands','tc','1649','2020-01-28 09:39:22',NULL),(221,'Tuvalu','tv','688','2020-01-28 09:39:22',NULL),(222,'U.S. Virgin Islands','vi','1340','2020-01-28 09:39:22',NULL),(223,'Uganda','ug','256','2020-01-28 09:39:22',NULL),(224,'Ukraine','ua','380','2020-01-28 09:39:22',NULL),(225,'United Arab Emirates','ae','971','2020-01-28 09:39:22',NULL),(226,'United Kingdom','gb','44','2020-01-28 09:39:22',NULL),(227,'United States','us','1','2020-01-28 09:39:22',NULL),(228,'Uruguay','uy','598','2020-01-28 09:39:22',NULL),(229,'Uzbekistan','uz','998','2020-01-28 09:39:22',NULL),(230,'Vanuatu','vu','678','2020-01-28 09:39:22',NULL),(231,'Vatican City','va','39','2020-01-28 09:39:22',NULL),(232,'Venezuela','ve','58','2020-01-28 09:39:22',NULL),(233,'Vietnam','vn','84','2020-01-28 09:39:22',NULL),(234,'Wallis &amp; Futuna','wf','681','2020-01-28 09:39:22',NULL),(235,'Western Sahara','eh','212','2020-01-28 09:39:22',NULL),(236,'Yemen','ye','967','2020-01-28 09:39:22',NULL),(237,'Zambia','zm','260','2020-01-28 09:39:22',NULL),(238,'Zimbabwe','zw','263','2020-01-28 09:39:22',NULL),(239,'land Islands','ax','358','2020-01-28 09:39:22',NULL);
/*!40000 ALTER TABLE `prefixes` ENABLE KEYS */;
UNLOCK TABLES;

--
-- Table structure for table `project_details`
--

DROP TABLE IF EXISTS `project_details`;
/*!40101 SET @saved_cs_client     = @@character_set_client */;
/*!40101 SET character_set_client = utf8 */;
CREATE TABLE `project_details` (
  `id` int(10) unsigned NOT NULL AUTO_INCREMENT,
  `project_id` int(10) unsigned NOT NULL,
  `contract_summary_active` tinyint(1) NOT NULL DEFAULT '1',
  `contract_summary_private` tinyint(1) NOT NULL DEFAULT '0',
  `documents_active` tinyint(1) NOT NULL DEFAULT '1',
  `documents_private` tinyint(1) NOT NULL DEFAULT '0',
  `environment_active` tinyint(1) NOT NULL DEFAULT '1',
  `environment_private` tinyint(1) NOT NULL DEFAULT '0',
  `procurement_active` tinyint(1) NOT NULL DEFAULT '0',
  `procurement_private` tinyint(1) NOT NULL DEFAULT '0',
  `risks_active` tinyint(1) NOT NULL DEFAULT '1',
  `risks_private` tinyint(1) NOT NULL DEFAULT '0',
  `evaluation_ppp_active` tinyint(1) NOT NULL DEFAULT '0',
  `evaluation_ppp_private` tinyint(1) NOT NULL DEFAULT '0',
  `financial_active` tinyint(1) NOT NULL DEFAULT '1',
  `financial_private` tinyint(1) NOT NULL DEFAULT '0',
  `government_support_active` tinyint(1) NOT NULL DEFAULT '1',
  `government_support__private` tinyint(1) NOT NULL DEFAULT '0',
  `tariffs_active` tinyint(1) NOT NULL DEFAULT '1',
  `tariffs_private` tinyint(1) NOT NULL DEFAULT '0',
  `contract_termination_active` tinyint(1) NOT NULL DEFAULT '1',
  `contract_termination_private` tinyint(1) NOT NULL DEFAULT '0',
  `renegotiations_active` tinyint(1) NOT NULL DEFAULT '1',
  `renegotiations_private` tinyint(1) NOT NULL DEFAULT '0',
  `created_at` timestamp NULL DEFAULT NULL,
  `updated_at` timestamp NULL DEFAULT NULL,
  `award_active` tinyint(1) NOT NULL DEFAULT '1',
  `award_private` tinyint(1) NOT NULL DEFAULT '0',
  PRIMARY KEY (`id`),
  UNIQUE KEY `project_details_project_id_unique` (`project_id`),
  CONSTRAINT `project_details_project_id_foreign` FOREIGN KEY (`project_id`) REFERENCES `projects` (`id`) ON DELETE CASCADE
) ENGINE=InnoDB AUTO_INCREMENT=48 DEFAULT CHARSET=utf8mb4 COLLATE=utf8mb4_unicode_ci;
/*!40101 SET character_set_client = @saved_cs_client */;

--
-- Dumping data for table `project_details`
--

LOCK TABLES `project_details` WRITE;
/*!40000 ALTER TABLE `project_details` DISABLE KEYS */;
INSERT INTO `project_details` VALUES (32,32,1,0,1,0,1,0,0,0,1,0,0,0,1,0,1,0,1,0,1,0,1,0,NULL,NULL,1,0),(33,33,1,0,1,0,1,0,0,0,1,0,0,0,1,0,1,0,1,0,1,0,1,0,NULL,NULL,1,0),(34,34,1,0,1,0,1,0,0,0,1,0,0,0,1,0,1,0,1,0,1,0,1,0,NULL,NULL,1,0),(36,36,1,0,1,0,1,0,0,0,1,0,0,0,1,0,1,0,1,0,1,0,1,0,NULL,NULL,1,0),(37,37,1,0,1,0,1,0,0,0,1,0,0,0,1,0,1,0,1,0,1,0,1,0,NULL,NULL,1,0),(38,38,1,0,1,0,1,0,0,0,1,0,0,0,1,0,1,0,1,0,1,0,1,0,NULL,NULL,1,0),(39,39,1,0,1,0,1,0,0,0,1,0,0,0,1,0,1,0,1,0,1,0,1,0,NULL,NULL,1,0),(40,40,1,0,1,0,1,0,0,0,1,0,0,0,1,0,1,0,1,0,1,0,1,0,NULL,NULL,1,0),(41,41,1,0,1,0,1,0,0,0,1,0,0,0,1,0,1,0,1,0,1,0,1,0,NULL,NULL,1,0),(42,42,1,0,1,0,1,0,0,0,1,0,0,0,1,0,1,0,1,0,1,0,1,0,NULL,NULL,1,0),(43,43,1,0,1,0,1,0,0,0,1,0,0,0,1,0,1,0,1,0,1,0,1,0,NULL,NULL,1,0),(44,44,1,0,1,0,1,0,0,0,1,0,0,0,1,0,1,0,1,0,1,0,1,0,NULL,NULL,1,0),(45,45,1,0,1,0,1,0,0,0,1,0,0,0,1,0,1,0,1,0,1,0,1,0,NULL,NULL,1,0),(47,47,1,0,1,0,1,0,0,0,1,0,0,0,1,0,1,0,1,0,1,0,1,0,NULL,NULL,1,0);
/*!40000 ALTER TABLE `project_details` ENABLE KEYS */;
UNLOCK TABLES;

--
-- Table structure for table `project_galleries`
--

DROP TABLE IF EXISTS `project_galleries`;
/*!40101 SET @saved_cs_client     = @@character_set_client */;
/*!40101 SET character_set_client = utf8 */;
CREATE TABLE `project_galleries` (
  `id` int(10) unsigned NOT NULL AUTO_INCREMENT,
  `project_id` int(10) unsigned NOT NULL,
  `name` varchar(191) COLLATE utf8mb4_unicode_ci NOT NULL,
  `draft` tinyint(1) NOT NULL,
  `request_modification` tinyint(1) NOT NULL,
  `published` tinyint(1) NOT NULL,
  `created_at` timestamp NULL DEFAULT NULL,
  `updated_at` timestamp NULL DEFAULT NULL,
  PRIMARY KEY (`id`),
  KEY `project_galleries_project_id_index` (`project_id`),
  CONSTRAINT `project_galleries_project_id_foreign` FOREIGN KEY (`project_id`) REFERENCES `projects` (`id`) ON DELETE CASCADE
) ENGINE=InnoDB DEFAULT CHARSET=utf8mb4 COLLATE=utf8mb4_unicode_ci;
/*!40101 SET character_set_client = @saved_cs_client */;

--
-- Dumping data for table `project_galleries`
--

LOCK TABLES `project_galleries` WRITE;
/*!40000 ALTER TABLE `project_galleries` DISABLE KEYS */;
/*!40000 ALTER TABLE `project_galleries` ENABLE KEYS */;
UNLOCK TABLES;

--
-- Table structure for table `project_information`
--

DROP TABLE IF EXISTS `project_information`;
/*!40101 SET @saved_cs_client     = @@character_set_client */;
/*!40101 SET character_set_client = utf8 */;
CREATE TABLE `project_information` (
  `id` int(10) unsigned NOT NULL AUTO_INCREMENT,
  `project_id` int(10) unsigned NOT NULL,
  `sponsor_id` int(10) unsigned DEFAULT NULL,
  `ocid` varchar(191) COLLATE utf8mb4_unicode_ci NOT NULL,
  `stage_id` int(10) unsigned NOT NULL,
  `project_need` text COLLATE utf8mb4_unicode_ci,
  `project_need_private` tinyint(1) NOT NULL DEFAULT '1',
  `description_services` text COLLATE utf8mb4_unicode_ci,
  `description_services_private` tinyint(1) NOT NULL DEFAULT '1',
  `reasons_ppp` text COLLATE utf8mb4_unicode_ci,
  `reasons_ppp_private` tinyint(1) NOT NULL DEFAULT '1',
  `stakeholder_consultation` text COLLATE utf8mb4_unicode_ci,
  `stakeholder_consultation_private` tinyint(1) NOT NULL DEFAULT '1',
  `description_asset` text COLLATE utf8mb4_unicode_ci,
  `description_asset_private` tinyint(1) NOT NULL DEFAULT '1',
  `project_summary_document` text COLLATE utf8mb4_unicode_ci,
  `project_summary_document_private` tinyint(1) NOT NULL DEFAULT '1',
  `project_value_usd` double(15,5) DEFAULT NULL,
  `project_value_second` double(15,5) DEFAULT NULL,
  `draft` tinyint(1) NOT NULL DEFAULT '0',
  `request_modification` tinyint(1) NOT NULL DEFAULT '0',
  `published` tinyint(1) NOT NULL DEFAULT '0',
  `indicative_timing_invest` varchar(50) COLLATE utf8mb4_unicode_ci DEFAULT NULL,
  `indicative_timing_invest_private` tinyint(1) NOT NULL DEFAULT '1',
  `created_at` timestamp NULL DEFAULT NULL,
  `updated_at` timestamp NULL DEFAULT NULL,
  `local_government` text COLLATE utf8mb4_unicode_ci,
  `cofog_sector_id` int(11) DEFAULT NULL,
  `description` text COLLATE utf8mb4_unicode_ci,
  `description_private` tinyint(4) NOT NULL DEFAULT '1',
  `ppp_delivery_model_id` int(10) unsigned DEFAULT NULL,
  PRIMARY KEY (`id`),
  UNIQUE KEY `project_information_ocid_unique` (`ocid`),
  KEY `project_information_project_id_index` (`project_id`),
  KEY `project_information_sponsor_id_index` (`sponsor_id`),
  KEY `project_information_stage_id_index` (`stage_id`),
  KEY `FK_project_information_ppp_delivery_model_id_foreign` (`ppp_delivery_model_id`),
  FULLTEXT KEY `project_information` (`project_need`,`description_asset`,`description_services`,`reasons_ppp`,`stakeholder_consultation`,`project_summary_document`),
  CONSTRAINT `FK_project_information_ppp_delivery_model_id_foreign` FOREIGN KEY (`ppp_delivery_model_id`) REFERENCES `ppp_delivery_models` (`id`),
  CONSTRAINT `project_information_project_id_foreign` FOREIGN KEY (`project_id`) REFERENCES `projects` (`id`) ON DELETE CASCADE,
  CONSTRAINT `project_information_sponsor_id_foreign` FOREIGN KEY (`sponsor_id`) REFERENCES `entities` (`id`),
  CONSTRAINT `project_information_stage_id_foreign` FOREIGN KEY (`stage_id`) REFERENCES `stages` (`id`)
) ENGINE=InnoDB AUTO_INCREMENT=48 DEFAULT CHARSET=utf8mb4 COLLATE=utf8mb4_unicode_ci;
/*!40101 SET character_set_client = @saved_cs_client */;

--
-- Dumping data for table `project_information`
--

LOCK TABLES `project_information` WRITE;
/*!40000 ALTER TABLE `project_information` DISABLE KEYS */;
INSERT INTO `project_information` VALUES (32,32,1,'ocds-aaaaaa-32',1,'Mwanakwerekwe market is one of the two busiest markets in the Urban West area, currently serving about 2000 traders (including stall and shop assistants) operating in Mwanakwerekwe, with about 500 spilling out of the formal market area and setting up temporary stalls just outside. The current market is depicted with numerous stalls occupying temporary stalls of light materials that cannot withstand all-weather conditions and far from the sanitary and hygienic place where, especially, food items are sold for households in the area to consume. The stalls are also not uniform in space, and many vendors occupy the roadside, adding to the chaos brought by the lack of a proper parking area for vehicles and sidewalk for people.',1,'Making available the commercial spaces for utilization and collection of fees in form of fixed monthly rentals from users of market facility and other amenities such as parking and rental spaces. Provision of support facilities such as drinking water, toilets and showers, solid waste management, 24/7 security, power backup.',1,'With the DBFOM (User pay) model the concessionaire assumes the revenue risk, provided with freedom, flexibility and motivation to develop, operate and generate rate of return to recover the project lifecycle costs. Such arrangement entails the responsibility of revenue collection as well as demand generation is vested with the Private Partner. During operations, the private partner will share revenue with the Implementing Authority in form of a variable payment (Annual Concession Fee), which will be the bid parameter.  With this model, the Implementing Authority shall create an enabling environment for successful development of the project that shall be attractive for investors.',1,'During the surveys conducted at Feasibility Study stage, a total of 188 market traders in Mwanakwerekwe, of which 104 or 55% were from the main markets, and the rest from the Annex. The survey was important to understand the current situation from the target beneficiaries viewpoint. The observations from the community engagements, and the results from the survey were consistent with regards to peoples anticipation of the proposed project. Some of the project benefits identified by the target beneficiaries included: (1) better/cleaner environment may impact on health and eliminate hazards (2) comfort and safety for all traders and buyers, (3) better security in the area, (4) potential to attract tourists to purchase items from the market, (5) having a feeling of pride and dignity in trading, and (6) more flexible trading hours. These perceived benefits influence the high acceptability of the project from the viewpoint of the target beneficiaries, indicating that the proposed project will bring about positive impact on the overall well-being of the public.',1,'The various facilities proposed within the market complex include commercial stalls, and ATM, Auction platform, Office Space for market administration office and rental, parking for cars and two wheelers as well as other amenities such as community hall, prayer room, open space and pedestrian walkways.',1,'',1,783000.00000,18800.00000,0,0,0,NULL,1,NULL,'2020-06-17 21:07:02',NULL,NULL,NULL,1,2),(33,33,1,'ocds-aaaaaa-33',1,'Mombasa Market is known in the Urban West Region as the primary receiver of wholesale products imported from Pemba Island. From here, wholesale orders can be made, for retailing to other markets such as Darajani and Mwanakwerekwe. Many households in the area also purchase goods from Mombasa Market for their daily needs. Based on an inventory by the Urban Municipal Council (UMC), there are currently about 696 traders operating in the market, there are also about 23 temporary stalls built outside its periphery. The current Mombasa Market is depicted with numerous stalls occupying temporary stalls of light materials that cannot withstand all-weather conditions. Because of this, the UMC proposed for the redevelopment of the Mombasa public market. The redeveloped market and improved services will provide market stalls for wet and dry goods, commercial space for lease, essential amenities, parking space, pathways and open spaces for ease mobility within the public market',1,'Making available the commercial spaces for utilization and collection of fees in form of fixed monthly rentals from users of market facility and other amenities such as parking and rental spaces. Provision of support facilities such as drinking water, toilets and showers, solid waste management, 24/7 security, power backup.',1,'With the DBFOM (User pay) model the concessionaire assumes the revenue risk, provided with freedom, flexibility and motivation to develop, operate and generate rate of return to recover the project lifecycle costs. With this model, the Implementing Authority shall create an enabling environment for successful development of the project that shall be attractive for investors.',1,'During the surveys conducted at Feasibility Study stage, 121 market traders were interviewed, representing 17.4% of the total number of traders selling goods and offering services there, as inventoried by the UMC. The survey was important to understand the current situation from the target beneficiaries viewpoint. 93% of all those interviewed were excited with the prospect of having the market redeveloped, as promoted by the local government. The UMC has held community engagements to gather traders opinions and support for the plan. The observations from the\ncommunity engagements, and the results from the survey were consistent with regards to peoples anticipation of the proposed project. Some of the project benefits identified by the target beneficiaries included: (1) better/cleaner environment may impact on health and eliminate hazards (2) comfort and safety for all traders and buyers, (3) better security in the area, (4) potential to attract tourists to purchase items from the market, (5) having a feeling of pride and dignity in trading, and (6) more flexible trading hours. These perceived benefits influence the high acceptability of the project from the viewpoint of the target beneficiaries, indicating that the proposed project will bring about positive impact on the overall well-being of the public.',1,'The various facilities proposed within the market complex include commercial stalls, shops and ATM, Office Space for market administration office and rental, parking for cars and two wheelers as well as other amenities such as community hall, prayer room, open space and pedestrian walkways.',1,'',1,4.00000,9715.00000,0,0,0,NULL,1,NULL,NULL,NULL,NULL,NULL,1,NULL),(34,34,1,'ocds-aaaaaa-34',1,'The proposed site in Kijangwani currently serves as a temporary transport terminal serving the Urban West Region, where most of Zanzibars commercial and government establishments are located, is a convergence point in Unguja island. Many people from the different districts, commute daily via buses and daladala for various purposes such as work, schooling, and trading. The site is located in the close proximity in close proximity to the Darajani Market and the touristy Stone Town, two busiest centres of urban west region. Most of the passengers are picked up along the Kaunda Road in front of the Mnazi Mmoja Hospital. As the capital of country, Urban West Region is anticipating more people and economic activities in the future putting pressure on the current temporary terminal. The current temporary bus terminal does not have proper facilities to run smoothly, like alighting and boarding bays, passenger waiting area/ passenger concourse, ticketing, idle parking, separate entry and exit, help desk, information display, toilets, food stall, etc. The proposed bus terminal will be fully equipped with these facilities adequately to cater the need of commuters, daladala operators and the citizens in general.',1,'Making available the passenger concourse, departure bus bays, Alighting bus bays, Idle bus bays, Overnight bus parking, Ticketing counters, Bus schedule display and monitoring, Public address system, Workshop for repairs, Public amenities, Driver rest room, Bus operators booths/offices, Commercial spaces, Prayer rooms, Parking for private vehicles for utilization. Collection of fees in form of terminal fee, to be paid by the buses/daladalas, and feed from other amenities such as parking and rental spaces. Provision of support facilities such as drinking water, toilets and showers, solid waste management, 24/7 security, power backup.',1,'With the DBFOM (User pay) model the concessionaire assumes the revenue risk, provided with freedom, flexibility and motivation to develop, operate and generate rate of return to recover the project lifecycle costs. Such arrangement entails the responsibility of revenue collection as well as demand generation is vested with the Private Partner. During operations, the private partner will share revenue with the Implementing Authority in form of a variable payment (Annual Concession Fee), which will be the bid parameter With this model, the Implementing Authority shall create an enabling environment for successful development of the project that shall be attractive for investors.',1,'Survey launched during the Feasibility Study enabled the council to understand the current situation from the target beneficiaries viewpoint. Interview was conducted with 43 drivers and 42 passengers where 74% of the drivers and 88% of the passengers stated that if a terminal facility will be established within the vicinity, they will be supportive of it. Some of the project benefits identified included: (1) comfort and safety, (2) better security in the area, (3) better/cleaner environment may impact on health and eliminate hazards, and (4) potential to attract tourists to use public transport. These perceived benefits influence the high acceptability of the project from the viewpoint of the target beneficiaries, indicating that the proposed project will bring about positive impact on the overall well-being of the public.',1,'The various facilities proposed within the bus terminal complex include circulation with Passenger concourse, Departure bus bays, Alighting bus bays, Idle bus bays, Passenger waiting area,  Commercial space including Fast food corners, Shops, Kiosks, Bank ATMs, Office Space, Bus Terminal, Administration Office, Transporters Office, Rental Office, Parking for cars and two wheelers and others amenities such as drivers rest room, prayer rooms, public conveniences as well as open space.',1,'',1,7.45000,17871.00000,0,0,0,NULL,1,NULL,NULL,NULL,NULL,NULL,1,NULL),(36,36,5,'ocds-aaaaaa-36',1,'Pemba Island has four districts and Chakechake is among the two in the Kusini or Southern Region. The location of the Pemba airport makes Chakechake the gateway for tourism and one of the convergence points in the island. Many people from the different districts, commute daily via buses and daladala for various purposes such as work, and trading. However, the town of Chakechake currently has a temporary terminal facility in an open space in the midst of the busy area of Central Business District (CBD) of town, surrounded by market and some residential buildings. There are no proper waiting areas for commuters especially during rush hours. The temporary terminal is depicted as chaotic, and congested. The council has established a toll gate for cars passing from the northern region, and another for those passing from the southern region. Toll gate keepers collect a one-time daily Tsh 1,000 per PUV for the use of the temporary terminals. This prompted the council to propose a proper terminal facility.',1,'Making available the passenger concourse, departure bus bays, Alighting bus bays, Idle bus bays, Overnight bus parking, Ticketing counters, Bus schedule display and monitoring, Public address system, Workshop for repairs, Public amenities, Driver rest room, Bus operators booths/offices, Commercial spaces, Prayer rooms, Parking for private vehicles for utilization. Collection of fees in form of terminal fee, to be paid by the buses/daladalas, and feed from other amenities such as parking and rental spaces. Provision of support facilities such as drinking water, toilets and showers, solid waste management, 24/7 security, power backup.',1,'With the DBFOM (User pay) model the concessionaire assumes the revenue risk, provided with freedom, flexibility and motivation to develop, operate and generate rate of return to recover the project lifecycle costs. Such arrangement entails the responsibility of revenue collection as well as demand generation is vested with the Private Partner. During operations, the private partner will share revenue with the Implementing Authority in form of a variable payment (Annual Concession Fee), which will be the bid parameter With this model, the Implementing Authority shall create an enabling environment for successful development of the project that shall be attractive for investors',1,'Launched during the Feasibility Study enabled the council to understand the current situation from the target beneficiaries viewpoint. Interview was conducted with 65 drivers representing about 19% of the 349 registered PUVs in 2019. Of these, 71% expressed support to CTCs proposal for a better terminal that will address the issues. While among the 65 passengers interviewed, 72% expressed support. Some of the project benefits identified included: (1) more convenience parking and terminal space, (2) comfort and safety for passengers and drivers, (3) potential to attract tourists to use public conveyance, (4) better/cleaner environment may impact on health, (5) more order within the streets of Chakechake, and (6) avoidance of accidents caused by the narrow and singular entry/exit point and the lack of space for safe manoeuvring. These perceived benefits influence the high acceptability from the viewpoint of the target beneficiaries, indicating that the project will bring about positive impact on the overall well-being of the public.',1,'The various facilities proposed within the bus terminal complex include circulation with Passenger concourse, Departure bus bays, Alighting bus bays, Idle bus bays, Passenger waiting area,  Commercial space including Fast food corners, Shops, Kiosks, Bank ATMs, Office Space, Bus Terminal, Administration Office, Transporters Office, Rental Office, Parking for cars and two wheelers and others amenities such as drivers rest room, prayer rooms, public conveniences as well as open space.',1,'',1,3.37000,8088.00000,0,0,0,NULL,1,NULL,NULL,NULL,NULL,NULL,1,NULL),(37,37,4,'ocds-aaaaaa-37',1,'Established in the Fumba Economic Zone, the International Trade and Conventional Centre is a flagship project strategically created to optimize the tourism opportunity of the isles for regional and international events. The project objective is realized through a modern international trade and convention centre (ITCC) that will be at par with world standards and attractive to the dynamic meetings, incentives, conferences and exhibitions (MICE) industry. The proposed ITCC will provide facilities like convention centre, exhibition halls, hotel accommodation, offices, residential apartments and other amenities. Currently there is no ITCC in Zanzibar. ITCC will therefore help in promoting tourism and attract more holiday makers and business travellers. Key benefits of the project include enhanced tourism, improved trade, job creation, enhancement in Tax revenue, improvement in infrastructure as well as increase in land values in the adjacent areas.',1,'Detailed design, construction methodology, quality assurance procedures, and the procurement, engineering and construction for completion of the project. At its own cost and expense, procure finance for and undertake the design, engineering, procurement, construction, operation and maintenance of the project assets and observe, fulfil, comply with and perform all its obligations set out in the PPP Agreement. Obtain Applicable Permits to perform its obligations during the project team and keep in force and effect such applicable permits in conformity with applicable laws. Permit safe, smooth and uninterrupted flow of operations, project assets during normal operating conditions. Collect the user fees and its appropriation by the private partner. Operation and maintenance of all communication, control and administrative system necessary for efficient operation of the project assets by the private partner. Maintain public relations unit or a grievance redressal cell to interface with and attend to suggestions from users, government agencies, media and other agencies by the private partner.',1,'DBFOM (user pay) and DBFOM (ABP) offer value for money and present good returns for the project. However, DBFOM (User Pay) model offers better VFM than DBFOM (ABP). From a private investor perspective, ABP would be more attractive as the risk is limited and there are guaranteed payments from the government. However, it is important to note that the project is one of the flagship projects intended to put Zanzibar in world map as one of leading MICE destinations. This would require a great effort in terms of the marketing the project facilities through a well-crafted & executed marketing strategy which is not the Authoritys forte and again the Authority would be dependent on the third-party marketing agents. The project business is dynamic in nature and subject to frequent changes which warrant instant responses to market dynamics wherein there could be certain limitations for the Authority. In absence of a robust mechanism to optimize the revenues, it would be extremely difficult to create a sustainable template for the project vision to develop Zanzibar into a world class MICE destination. In light of the above facts and foregoing discussions, it is recommended that the project may be implemented through the DBFOM (user pay) model wherein the Concessionaire assumes the revenue risk, is provided with the freedom, flexibility and motivation to develop, operate and generate rate of return to recover the project lifecycle costs. The Authority shall create an enabling environment for successful development of the project that shall be attractive for the investors.',1,'',1,'The various facilities proposed within the ITCC include one Convention Centre with two floors, Five exhibition halls of single floors, a hotel block with three floors, office building  with three floors, one stop centre with two floors, a medical centre with a single floor, club and amenities with two floors and two apartment buildings with five floors each.',1,'',1,44.03000,105662.00000,0,0,0,NULL,1,NULL,NULL,NULL,NULL,NULL,1,NULL),(38,38,1,'ocds-aaaaaa-38',1,'The Urban West Region, where most of Zanzibars commercial and government establishments are located, is a convergence point in Unguja island. Many people from the different districts, commute daily using private vehicle. The trends of increasing new car registrations and new licenses is not seen to decline in the next years. Hundreds of cars are parked by the roadside, there are designated parking spaces in the urban core, but these are depicted to be very muddy during the rainy season, and dusty during the summer. As the capital of country, Urban West Region is anticipating more people and economic activities in the future putting pressure on current infrastructure and services. One of the key problems in the region is that there is a lack of a parking facility that could be used for the orderly parking of private vehicles used by the local population, the tourists, and other Zanzibaris travelling to or from the northern and southern regions of Unguja. The current temporary parking sites at Darajani do not have proper facilities, like standardized parking bays, exit, entry, ticketing, toilets, etc. The proposed car parking will be fully equipped with these facilities adequately to cater the need of parkers.',1,'Making available the parking bays, collection of fees in form of parking fee, to be paid by the users, and fee from other amenities such as parking and rental spaces. Provision of support facilities such as drinking water, toilets and showers, solid waste management, 24/7 security, power backup.',1,'With the DBFOM (User pay) model the concessionaire assumes the revenue risk, provided with freedom, flexibility and motivation to develop, operate and generate rate of return to recover the project lifecycle costs. Such arrangement entails the responsibility of revenue collection as well as demand generation is vested with the Private Partner. During operations, the private partner will share revenue with the Implementing Authority in form of a variable payment (Annual Concession Fee), which will be the bid parameter With this model, the Implementing Authority shall create an enabling environment for successful development of the project that shall be attractive for investors.',1,'Survey launched during the Feasibility Study enabled the council to understand the current situation from the target beneficiaries viewpoint. Interview was conducted with 106 drivers and car owners, 96%, stated that if a parking facility will be established within the vicinity, they will be supportive of it. Some of the project benefits identified included: (1) more order in the streets, (2) better security for vehicles, (3) possibly lesser accidents when parking, and (4) people can use side streets for walking, biking. These perceived benefits influence the high acceptability of the project from the viewpoint of the target beneficiaries, indicating that the proposed project will bring about positive impact on the overall well-being of the public.',1,'The various facilities proposed within the car parking complex include Parking bays for cars and two-wheelers, Equipment used for collecting parking fee and parking management system , Closed circuit television system, information kiosks / enquiry counters, fire detection, suppression and evacuation systems as well as other amenities.',1,'',1,3.46000,8297.00000,0,0,0,NULL,1,NULL,NULL,NULL,NULL,NULL,1,NULL),(39,39,13,'ocds-aaaaaa-39',1,'Located in a village, 12 Kms North of the capital in Unguja, Chuini is a critical junction which attracts lots of public utility vehicle (PUV) traffic (from Bububu/town, North A and West A) but lacks a bus terminal and formal market with adequate facilities to manage high volume of buses/ daladalas and accommodate buying and selling of goods in the locality. WAMC intends to develop a bus terminal facility with adequate capacity to handle the increasing traffic of public transport. Without bus terminal facility, the PUV at Chuini are operating along the main road reducing the effective road carriageway. During the rush/peak hours, situation becomes worse with more vehicles on the road, which is unsafe for commuters. This has prompted the West A Municipal Council to propose for a bus/ daladala terminal with a commercial complex.',1,'Provision of departures for daladalas/buses, pedestrian entry/exit points of the bus terminal building, pedestrian circulation/movement, seating spaces for passengers in waiting areas, departure, alighting and idle/staging bays, parking bays for private cars and two wheelers, collection of terminal fee revenue, schedule/information display system, closed circuit television system, rest rooms / toilets, information kiosks, complaint desks, public address system, drinking water faucets/taps, waste management as well as pest control and fire safety',1,'Implementing this project under PPP modality will provide avenue for the private sector player to design, develop and operate the project on a long term basis, giving full freedom and flexibility to create a robust revenue stream for the project, take the requisite measures to develop the project into a hub within vicinity. Under the PPP model, the project will also develop skills, expertise and business acumen of the PSP. The proposed Project may be proceeded with the typical Design, Finance, Build, Operate, Maintenance and Transfer (DFBOM) with core project responsibility lying with Concessionaire and the IA mainly managing & monitoring the concessions as per the terms and conditions contained in the PPP Agreement. The role of the IA will be restricted to the management of the Concession throughout the Concession Period and see to it that the mandatory development obligations carved out for the Concessionaire in the PPP Agreement shall be performed by the Concessionaire during the term of the PPP Agreement. However, the Project being a complex in nature, the IA need to assist the Concessionaire in marketing the facilities to the general public to attract/ and further increase the influx of users, by endorsing the same. The monitoring will be through an Independent Expert who shall perform its functions based on the terms laid out in the PPP Agreement.',1,'Survey was launched during the Feasibility Study enabled the council to understand the current situation from the target beneficiaries viewpoint. Interview was conducted with 42 drivers interviewed, 42 passengers, and 84 traders. Thus, in the survey conducted, 85% of the respondents stated that if a terminal facility with commercial spaces for rent will be established within the vicinity, they will be supportive of it. Some of the project benefits identified included: (1) comfort and safety, (2) better security in the area, (3) better/cleaner environment may impact on health and eliminate hazards, and (4) potential to attract tourists to use public transport or purchase items from the commercial complex. These perceived benefits influence the high acceptability of the project from the viewpoint of the target beneficiaries, indicating that the proposed project will bring about positive impact on the overall well-being of the public.',1,'The various facilities proposed within the bus/daladala terminal include 58 boarding bays , 29 alighting bays, 174 idle/staging bays, vehicle and pedestrian circulation areas, passenger concourse, terminal schedule (information display) with public address system, scheduling system, driver retiring room, information kiosk/ enquiry counter and complaint desks, security system, service centre for minor repairs of buses and other vehicles, firefighting system and power backup, commercial spaces, market facility and other support facilities.',1,'',1,7.60000,18238.00000,0,0,0,NULL,1,NULL,NULL,NULL,NULL,NULL,1,NULL),(40,40,14,'ocds-aaaaaa-40',1,'Jumbi is along the way to the South Region of Unguja in which about 154 hotels and resorts in Zanzibar are located. The South or Kusini Region is the topmost choice in tourism, followed by the North or Kaskazini Region, however, West B District does not have an existing market. Households rely on the already congested markets in the Urban District which are Mwanakwerekwe and Mombasa Markets which also serves the West A District and the South Region. There are also upcoming township developments in Tunguu. Currently, road construction works are underway from Fuoni to Tunguu, and further developments are anticipated. Because of this, there is increasing demand for basic infrastructure. The lack of a central trading area in West B, a basic infrastructure that could boost the local economy, has resulted to a variety of issues. This prompted the West A District Council proposed for the establishment of a modern market with commercial building in a strategic location in Jumbi. The proposed market will be fully equipped with all market amenities (like parking, universally accessible design, pathways, public conveniences, etc.) with improved energy efficient design along with adequate commercial space and some office space.',1,'Making available the commercial spaces for utilization and collection of fees in form of fixed monthly rentals from users of market facility and other amenities such as parking and rental spaces. Provision of support facilities such as drinking water, toilets and showers, solid waste management, 24/7 security, power backup.',1,'With the DBFOM (User pay) model the concessionaire assumes the revenue risk, provided with freedom, flexibility and motivation to develop, operate and generate rate of return to recover the project lifecycle costs. With this model, the Implementing Authority shall create an enabling environment for successful development of the project that shall be attractive for investors.',1,'A survey was launched on 83 traders for the project. Of this 71% are presently trading around the proposed project location, while 29% are holding business in the central business district in Mlandege. From the first group or respondents, viewpoints on their present condition of trading were obtained, as well as their perceptions on the proposed market stalls component of the project; while from the second group, their views on the commercial space component were elicited. The survey was important to understand the current situation from the target beneficiaries viewpoint In the survey conducted, 88% of the traders presently conducting business in Jumbi and nearby Mombasa Dragon Market stated that if the project will be established within the vicinity, they will be supportive of it. Meanwhile, among those who are currently operating in the central business district, some 79% expressed interest to venture into another business in the proposed project in Jumbi. Some of the project benefits identified included: (1) comfort and safety, (2) better security in the area, (3) better/cleaner environment may impact on health and eliminate hazards, and (4) potential to attract tourists to purchase items from the market and commercial complex. These perceived benefits influence the high acceptability of the project from the viewpoint of the target beneficiaries, indicating that the proposed project will bring about positive impact on the overall well-being of the public.',1,'The various facilities proposed within the market complex include commercial stalls, shops and ATM, Office Space for market administration office and rental, parking for cars and two wheelers as well as other amenities such as community hall, prayer room, open space and pedestrian walkways.',1,'',1,4.85000,11633.00000,0,0,0,NULL,1,NULL,NULL,NULL,NULL,NULL,1,NULL),(41,41,5,'ocds-aaaaaa-41',1,'Chakechake is among the two districts of the Pemba island, located in the South. The location of the Pemba airport makes Chakechake the gateway for tourism and one of the convergence points in the island. Many people from the different districts, commute daily via buses and daladala for various purposes such as work, and trading. In the midst of Chakechake town is the Machomanne market that caters for the day-to-day needs of households, and the general public. It is one of the public markets in Chakechake District and is 2.5 kilometres from the Chakechake Town. Machomanne market is housed in a decrepit old building where about half the stalls are unoccupied by a few traders, mostly in the morning but the market becomes almost empty by midday. There are some hardware shops, convenience stores and eateries, but some of the vendors are selling their goods on the floor. The current market does not have proper facilities to run smoothly, like parking, ventilated building, universally accessible design, pathways/ internal circulation, public conveniences, etc. The redeveloped market will be fully equipped with all market amenities with improved energy efficient design along with additional commercial space',1,'Making available the commercial spaces for utilization and collection of fees in form of fixed monthly rentals from users of market facility and other amenities such as parking and rental spaces. Provision of support facilities such as drinking water, toilets and showers, solid waste management, 24/7 security, power backup.',1,'With the DBFOM (User pay) model the concessionaire assumes the revenue risk, provided with freedom, flexibility and motivation to develop, operate and generate rate of return to recover the project lifecycle costs. Such arrangement entails the responsibility of revenue collection as well as demand generation is vested with the Private Partner. During operations, the private partner will share revenue with the Implementing Authority in form of a variable payment (Annual Concession Fee), which will be the bid parameter With this model, the Implementing Authority shall create an enabling environment for successful development of the project that shall be attractive for investors.',1,'During the surveys conducted at Feasibility Study stage, 37 traders were interviewed. This roughly represents about 40% of the estimated 87 traders that are currently operating in the market. Despite the dismal goings-on, a very positive disposition among the vendors and traders can be observed. According to them, the potential to attract more patrons to the market is high, if only the infrastructure can be improved. Thus, in the survey conducted, an impressive 91.7% expressed support to councils proposal for a much better market that will address the issues. Some of the project benefits identified included: (1) more potential clients/visitors in the market including tourists, (2) feeling of pride in trading, (3) better security in the area, (4) better/cleaner environment may impact on health, (5) more flexible trading hours. These perceived benefits influence the high acceptability of the project from the viewpoint of the target beneficiaries, indicating that the proposed project will bring about positive impact on the overall well-being of the public.',1,'The various facilities proposed within the market complex include commercial stalls, shops and ATM, Office Space for market administration office and rental, parking for cars and two wheelers as well as other amenities such as community hall, prayer room, open space and pedestrian walkways.',1,'',1,1.49000,3576.00000,0,0,0,NULL,1,NULL,NULL,NULL,NULL,NULL,1,NULL),(42,42,7,'ocds-aaaaaa-42',1,'Located at what could otherwise be a prime location, Mkokotoni market is a very busy market, where auctions for catch-of-the-day fish and other seafoods are carried out regularly. The market sits adjacent to the administrative offices of the North A District Council, along the road leading to most of the hotels and resorts in North A. It is presently used by traders as an importing and exporting venue of products via sea transport with Pemba Island. However, the rundown market is a heaven for flies and mosquitoes, and far from the sanitary and hygienic place where, especially, food items are sold for households in the area to consume. The stalls are also not uniform in space, and many vendors occupy the roadside, adding to the chaos brought by the lack of a proper parking area for vehicles and sidewalk for people. North A District Council proposed for the redevelopment of the Mkokotoni public market. The redeveloped market will be fully equipped with all market amenities with improved energy efficient design along with additional commercial space.',1,'Making available the commercial spaces for utilization and collection of fees in form of fixed monthly rentals from users of market facility and other amenities such as parking and rental spaces. Provision of support facilities such as drinking water, toilets and showers, solid waste management, 24/7 security, power backup.',1,'With the DBFOM (User pay) model the concessionaire assumes the revenue risk, provided with freedom, flexibility and motivation to develop, operate and generate rate of return to recover the project lifecycle costs. Such arrangement entails the responsibility of revenue collection as well as demand generation is vested with the Private Partner. During operations, the private partner will share revenue with the Implementing Authority in form of a variable payment (Annual Concession Fee), which will be the bid parameter With this model, the Implementing Authority shall create an enabling environment for successful development of the project that shall be attractive for investors.',1,'The North A District Council has held community engagements to gather traders opinions and support for the plan. The observations from the community engagements, and the results from the survey conducted at Feasibility Study stage, were consistent with regards to peoples anticipation of the proposed project. Some of the project benefits identified by the target beneficiaries included: (1) better/cleaner environment may impact on health and eliminate hazards (2) comfort and safety for all traders and buyers, (3) better security in the area, (4) potential to attract tourists to purchase items from the market, (5) having a feeling of pride and dignity in trading, and (6) more flexible trading hours. These perceived benefits influence the high acceptability of the project from the viewpoint of the target beneficiaries, indicating that the proposed project will bring about positive impact on the overall well-being of the public.',1,'The various facilities proposed within the market include two market blocks, meat shops, meat and fish stalls (sheds), auction platform, Bank ATMs, warehouse and cold storage, changing rooms and other amenities such as  parking for cars and two wheelers, truck loading and offloading, prayer room and garbage collection point.',1,'',1,2.65000,6349.00000,0,0,0,NULL,1,NULL,NULL,NULL,NULL,NULL,1,NULL),(43,43,6,'ocds-aaaaaa-43',1,'The Tunguu campus is designated as the main campus and the Universitys administrative base hosting about 38%, of the total student population. The campus is located about 15 kilometres from the urban centre. Currently, the key challenges being faced by the students is the lack of an in-campus accommodation. The Administration of the Tunguu campus is determined to address this issue in its commitment to ensure an enabling learning environment, including ancillary facilities, identified as important by the students themselves. The project will provide a safe heaven for students who will be living in-campus. For now, the private hostels that are off-campus are usually accessible through unpaved, unlighted dirt roads, which are surrounded by tall bushes. No security services are also provided. Such conditions are conducive for gender-based crimes or offenses and poses a lot of danger, especially to female students.',1,'Provide well illuminated rooms, maintain clean toilets, dining and common areas, maintain drinking water faucets in working conditions at all times, provide water supply and power backup, fire detection and suppression systems, public address system, internet and WIFI, security of project facility inside and outside of the perimeter, pest control and waste management.',1,'The recommended model to be opted for the Project is the DBFOM (Availability based Payments). One of the main reasons to opt for this model is that major revenue stream for the project is from the students and, in this case, IA is best placed and equipped to undertake this task. Implementing Authority can efficiently collect the hostel fee from the students along with the tuition fee. Also, it is best placed to exercise on the captive customers of this Project i.e. the students in case of non-payment of the hostel fee. This mechanism will allow building the confidence amongst investor and lending community in the Project.',1,'A survey on students in Tunguu was conducted for the feasibility study in relation to the highlighted need for an in-campus hostel. The survey was primarily designed to profile the students, understand current issues pertaining to accommodation, and elicit their willingness to shift and willingness to pay (WTP) should a hostel be built within the campus premises with 122 students, or 8% of the total student population in SUZA Tunguu campus for AY 2018/2019, enrolled in various courses. Those who currently live in private hostels or apartments near the campus comprised 47%, and 11.5% live with relatives or friends with houses nearby. In total, 58.2% are currently not living in their permanent residences with the primary reason of being near the campus. Of these students that have sought accommodation, 91.5% are paying rent and utilities. Average rent is Tsh135,000 per semester of four (4) months, with minimum at Tsh100,000 and maximum reaching Tsh320,000. Utilities being paid for include water, electricity and garbage collection service. These other fees total to an average of Tsh64,635 per semester. When asked about the reasons why they chose to live in a rental room, hostel or apartment, the reasons were: (1) practicality, as there will be savings on travel time and cost, (2) opportunity to focus more on studies, (3) monthly rent is not too high, and (4) the need for independence.',1,'The proposed for the Student Hostel Project are the two hostel blocks, two,  two Mess/ Canteen ,other facilities for each respective hostel (separately for boys and girls) central common, recreational room, mini common/study rooms, washing and drying area, hostel parking, commercial spaces including convenient / tuck Shops and a Shopping Center',1,'',1,2.96000,7110.00000,0,0,0,NULL,1,NULL,NULL,NULL,NULL,NULL,1,NULL),(44,44,1,'ocds-aaaaaa-44',1,'The water sector of Zanzibar is heavily reliant on groundwater extraction through a total of 303 serviceable boreholes. Each of these boreholes are operated by electric pumps. This results to a dependence on conventional electricity that is imported from mainland Tanzania, and thus, a direct competition for energy with the domestic and no-domestic energy requirements of Zanzibar. The heavy dependence of the water sector to the imported electricity supply in the islands is a major area for worry. The expenses on electricity to power the water extraction are fully subsidized by the national government, including payroll and other operating expenses. The water sector is now seriously looking into tapping renewable resources, such as solar power, in which the tropical islands of Unguja and Pemba. With the start of an new source of electricity supply for running the water pumping stations from solar power, it will ensure the uninterrupted water supply to the people of Zanzibar.',1,'Operating and maintaining the project assets including providing earthing and lightening protections, emergency response system and security of the project facilities',1,'The recommended model to be opted for the Project is the DBFOM (Availability based Payments). The reason behind the same is that under this model, there will be no entitlement with the Private Player to collect any user fee/ charges and the payment during the operation and maintenance of the Project Assets shall be done by the Implementing Authority to the Private Player from a dedicated fund created by the Implementing Authority for making Service Payments to the Private Player. The Concessionaire and its lenders shall have confidence in the Project as they shall receive fixed Service Payments.',1,'',1,'Solar PV modules, Mounting system, Invertor, Batteries, Allied equipment/fittings like cabling, junction boxes, earthling, lightning arrestor, switch, bidirectional meter, ACDB and DCDB, Security and safety system',1,'',1,3.47000,8331.00000,0,0,0,NULL,1,NULL,NULL,NULL,NULL,NULL,1,NULL),(45,45,7,'ocds-aaaaaa-45',1,'24% of resorts, hotels and guesthouses in Zanzibar are found in North A, making it one of the top destination of tourists. Because tourism industry is thriving in this part of Unguja Island, and local population is constantly growing, waste generation has also been increasing. Daily, the North A District reports a collection of 50 tons of garbage done by its designated service provider, Zanrec. Other service providers also collect waste from clients with whom they have direct contracts. Of the total waste collected, 60% to 70% are estimated to come from the resorts and hotels. Tourist generates about 1.5 kg to 2.0 kg per day which is higher than the estimated 0.55kg/capita/day of residents and a total of about 120 tons per day is generated in North A, and only 50 tons is collected and transported to the dumpsite at Kijini. There is no solid waste management program that includes an environmentally-sound waste disposal facility to accommodate the increasing garbage generation in the area. Currently NADC and the private company hired by Council, only cover part of commercial establishments and urban wards. Most of the rural wards are uncovered. Private service collectors dump the collected garbage in inconspicuous places, which are either designated by the district council or not. As relayed by the PMT, the present collection and transportation system is limited only to some resorts, hotels and one village. For those whose wastes are not collected, people resort to dumping in open spaces or on the street or digging pits and burning within the yard. Lack of proper SWM are well have huge impacts on health, environmental quality, and the society; when waste-related problems have already blown out of proportion, the effect becomes economy wide. With the local economy is highly dependent on tourism, ecological quality of the environment, through SWM, is of paramount importance. Under the proposed PPP project, the coverage of SWM will improve and the contracts will ensure that all parts of Council and all types of waste generators like hotels, markets, institutions, industries, households, etc. will be covered with robust SWM mechanism. With proper mechanism in place with PPP project, people will not burn wastes ad more waste will be collected and disposed.',1,'The scope of the Project in terms of service offering includes collection, transport, segregation, and disposal of Municipal Solid Waste generated by the identified Waste Generators in the area falling under the jurisdiction of the North A District Council along with Management of Mlilile Landfill Site. Operation and maintenance of the landfill operation with leachate management, landfill gas management, storm water management as well as monitoring surface and ground water quality. Managing public relations unit or a grievance redressal cell to interface with and attend to suggestions from users, government agencies, media and other agencies by the private partner.',1,'With the DBFOM (User pay) model the concessionaire assumes the revenue risk, provided with freedom, flexibility and motivation to develop, operate and generate rate of return to recover the project lifecycle costs. With this model, the Implementing Authority shall create an enabling environment for successful development of the project that shall be attractive for investors.',1,'The North A District Council has held community engagements to gather opinions and support for the plan. A survey was launched at the Feasibility Study stage on local residents and hotels who were invited for a brief forum. There were representatives from 10 hotels and resorts, with minimum capacity of 10 to a maximum of 250 guests, and 28 household heads. According to the respondents, the issues they face with the current situation include inefficiency in collection and transportation such as the irregularity in the service provision. The observations from the community engagements, and the results from the survey were consistent with regards to peoples anticipation of the proposed project. Some of the project benefits identified by the target beneficiaries included: (1) better/cleaner environment may impact on health and eliminate hazards (2) eradication of diseases caused by undisposed waste, (3) potential to attract more tourists in the area to support local economy, and (4) employment opportunity. These perceived benefits influence the high acceptability of the project from the viewpoint of the target beneficiaries, indicating that the proposed project will bring about positive impact on the overall well-being of the public.',1,'Landfill construction comprising of landfill cells, leachate pond, contaminated storm water pond, screening/ segregation area, equipment and garage, office, weighbridge, Toilet block, water storage, ground water monitoring well and buffer zone. Solid Waste collection, transport equipment as well as Personal Protective gears.',1,'',1,4.72000,11337.00000,0,0,0,NULL,1,NULL,NULL,NULL,NULL,NULL,1,NULL),(47,47,3,'ocds-aaaaaa-47',2,'Zanzibar imports its bulk petroleum products (kerosene, aviation fuel, petrol and diesel) through the Mtoni terminal on Unguja Island. The terminal is located in a World Heritage buffer zone and adjoins tourism and residential areas. The Mtoni terminal no longer meets the needs of Zanzibar: It is too small to meet growing demand. Because of encroaching urban development, expansion is not possible; Shallow draughts, aggravated by silting, constrain the size of vessels that can berth. Increasingly frequent shipments are required from small vessels, adding to transport costs and fuel prices in Zanzibar; Inefficient operations also add to transport costs and fuel prices; The potential for oil spills is too high; and Small storage capacity means that security of supply is not assured. This project therefore contemplates construction and operation of a high standard petroleum terminal, on Unguja Island, in the Bumbwini/Mangapwani region of approximately 380 hectares, 22 kilometres north of the existing Mtoni terminal. This will allow larger shipments and more efficient handling, thereby minimizing shipment costs. The unloading times of shippers and loading time of buyers will be reduced. Increase storage capacity and better access by vessels will improve security of supply. The project will be implemented in an environmentally sustainable manner. The risk to human life and the environment will also be reduced by re-locating the facility away from environmentally and culturally sensitive urban areas.',1,'The private partner shall install sufficient storage capacity and the necessary systems to ensure that stock outs do not occur at the importation facility to reduce the cost of fuel in Zanzibar and improve energy security. The private operator will also collect revenues on a commercial basis from customers using the facility. The terminal fees of the private operator will be approved by ZURA to ensure that the monopoly position of the operator is does not lead to higher prices for consumers.',1,'The proposed form of contracts are Build operate transfer (BOT) or Design, Build, Finance, Operate and Maintain (DBFOM) whereby, private partner will be responsible for financing, installation, operation and maintenance of the ZLT facility for the period specified in the agreement. The public partner will provide the exclusive right to the private partner to import petroleum products for the local market. All fuel products will be covered with the exclusion of LPG. Competition will be allowed in the LPG sector as there is already an operator in Mangapwani with advanced plans to develop a liquefied petroleum gas (LPG) importation facility under a ZIPA permit.',1,'The primary stakeholders are the oil marketing companies (OMCs), ZURA, Zanzibar Port Corporation (ZPC), Ministry of Infrastructure, Zanzibar Maritime Authority (ZMA) and consumers. There appears to be good support for the project from the primary stakeholders. There are, however, some potentially competing private sector operations in planning that may express concerns in been displaced by ZLT.',1,'Jetty, inclusive of dolphins, loading platform and trestle, piles and foundations, and piping; the tank farm; utility and building works; and transport infrastructure.',1,'',1,40.00000,96000.00000,0,0,0,NULL,1,NULL,'2020-06-25 06:36:24',NULL,NULL,NULL,1,2);
/*!40000 ALTER TABLE `project_information` ENABLE KEYS */;
UNLOCK TABLES;

--
-- Table structure for table `projects`
--

DROP TABLE IF EXISTS `projects`;
/*!40101 SET @saved_cs_client     = @@character_set_client */;
/*!40101 SET character_set_client = utf8 */;
CREATE TABLE `projects` (
  `id` int(10) unsigned NOT NULL AUTO_INCREMENT,
  `name` varchar(191) COLLATE utf8mb4_unicode_ci NOT NULL,
  `project_information_active` tinyint(1) NOT NULL DEFAULT '1',
  `project_information_private` tinyint(1) NOT NULL DEFAULT '0',
  `procurement_active` tinyint(1) NOT NULL DEFAULT '1',
  `procurement_private` tinyint(1) NOT NULL DEFAULT '0',
  `contract_milestones_active` tinyint(1) NOT NULL DEFAULT '1',
  `contract_milestones_private` tinyint(1) NOT NULL DEFAULT '0',
  `parties_active` tinyint(1) NOT NULL DEFAULT '1',
  `parties_private` tinyint(1) NOT NULL DEFAULT '0',
  `project_details_active` tinyint(1) NOT NULL DEFAULT '1',
  `project_details_private` tinyint(1) NOT NULL DEFAULT '0',
  `performance_information_active` tinyint(1) NOT NULL DEFAULT '1',
  `performance_information_private` tinyint(1) NOT NULL DEFAULT '0',
  `gallery_active` tinyint(1) NOT NULL DEFAULT '1',
  `gallery_private` tinyint(1) NOT NULL DEFAULT '0',
  `announcements_active` tinyint(1) NOT NULL DEFAULT '1',
  `announcements_private` tinyint(1) NOT NULL DEFAULT '0',
  `active` tinyint(1) NOT NULL DEFAULT '1',
  `private` tinyint(1) NOT NULL DEFAULT '0',
  `user_id` int(10) unsigned NOT NULL,
  `created_at` timestamp NULL DEFAULT NULL,
  `updated_at` timestamp NULL DEFAULT NULL,
  PRIMARY KEY (`id`),
  UNIQUE KEY `projects_name_unique` (`name`),
  KEY `projects_user_id_index` (`user_id`),
  FULLTEXT KEY `projects` (`name`),
  CONSTRAINT `projects_user_id_foreign` FOREIGN KEY (`user_id`) REFERENCES `users` (`id`)
) ENGINE=InnoDB AUTO_INCREMENT=48 DEFAULT CHARSET=utf8mb4 COLLATE=utf8mb4_unicode_ci;
/*!40101 SET character_set_client = @saved_cs_client */;

--
-- Dumping data for table `projects`
--

LOCK TABLES `projects` WRITE;
/*!40000 ALTER TABLE `projects` DISABLE KEYS */;
INSERT INTO `projects` VALUES (32,'Redevelopment of Mwanakwerekwe Market-1576435080',1,0,1,0,1,0,1,0,1,0,1,0,1,0,1,0,0,0,1,'2020-06-15 10:59:23','2020-06-17 22:40:10'),(33,'Development of Mombasa Dragon Market-2024838894',1,0,1,0,1,0,1,0,1,0,1,0,1,0,1,0,0,0,1,'2020-06-15 11:47:56','2020-06-15 11:47:56'),(34,'Development of Kijangwani Daladala Terminal-1333627288',1,0,1,0,1,0,1,0,1,0,1,0,1,0,1,0,0,0,1,'2020-06-15 21:56:34','2020-06-15 21:56:34'),(36,'Development of Chanjaani Daladala Terminal-1724894983',1,0,1,0,1,0,1,0,1,0,1,0,1,0,1,0,0,0,1,'2020-06-15 22:06:28','2020-06-15 22:06:28'),(37,'Development of International Trade Fair and Convention Centre-1101505791',1,0,1,0,1,0,1,0,1,0,1,0,1,0,1,0,0,0,1,'2020-06-15 22:08:26','2020-06-15 22:09:01'),(38,'Development of Malindi Modern Car Parking-445325436',1,0,1,0,1,0,1,0,1,0,1,0,1,0,1,0,0,0,1,'2020-06-15 22:18:58','2020-06-15 22:18:58'),(39,'Development of Daladala Terminal, Market and Commercial Building at Chuini-1837569466',1,0,1,0,1,0,1,0,1,0,1,0,1,0,1,0,0,0,1,'2020-06-15 22:48:44','2020-06-15 22:48:44'),(40,'Development of Jumbi market-55077901',1,0,1,0,1,0,1,0,1,0,1,0,1,0,1,0,0,0,1,'2020-06-15 23:04:50','2020-06-15 23:04:50'),(41,'Redevelopment of Machomanne Market-2014771022',1,0,1,0,1,0,1,0,1,0,1,0,1,0,1,0,0,0,1,'2020-06-15 23:17:39','2020-06-15 23:17:39'),(42,'Redevelopment of Mkokotoni Market-388463437',1,0,1,0,1,0,1,0,1,0,1,0,1,0,1,0,0,0,1,'2020-06-15 23:29:46','2020-06-15 23:29:46'),(43,'Development of SUZA Student of Hostel at Tunguu Campus-985083541',1,0,1,0,1,0,1,0,1,0,1,0,1,0,1,0,0,0,1,'2020-06-15 23:40:40','2020-06-15 23:40:40'),(44,'Development of Solar Water Pumping Stations-1033981225',1,0,1,0,1,0,1,0,1,0,1,0,1,0,1,0,0,0,1,'2020-06-15 23:49:20','2020-06-15 23:49:20'),(45,'Development of Solid Waste Management at Mlilile-856613270',1,0,1,0,1,0,1,0,1,0,1,0,1,0,1,0,0,0,1,'2020-06-15 23:59:35','2020-06-15 23:59:35'),(47,'Development of Zanzibar Bulk Liquids Terminal -1863171113',1,0,1,0,1,0,1,0,1,0,1,0,1,0,1,0,0,0,1,'2020-06-25 06:34:15','2020-06-25 06:36:24');
/*!40000 ALTER TABLE `projects` ENABLE KEYS */;
UNLOCK TABLES;

--
-- Table structure for table `roles`
--

DROP TABLE IF EXISTS `roles`;
/*!40101 SET @saved_cs_client     = @@character_set_client */;
/*!40101 SET character_set_client = utf8 */;
CREATE TABLE `roles` (
  `id` int(10) unsigned NOT NULL AUTO_INCREMENT,
  `alias` varchar(191) COLLATE utf8mb4_unicode_ci NOT NULL,
  `name` varchar(255) COLLATE utf8mb4_unicode_ci NOT NULL,
  `description` text COLLATE utf8mb4_unicode_ci NOT NULL,
  `default` tinyint(1) NOT NULL DEFAULT '0',
  `created_at` timestamp NULL DEFAULT NULL,
  `updated_at` timestamp NULL DEFAULT NULL,
  PRIMARY KEY (`id`),
  UNIQUE KEY `roles_alias_unique` (`alias`)
) ENGINE=InnoDB AUTO_INCREMENT=7 DEFAULT CHARSET=utf8mb4 COLLATE=utf8mb4_unicode_ci;
/*!40101 SET character_set_client = @saved_cs_client */;

--
-- Dumping data for table `roles`
--

LOCK TABLES `roles` WRITE;
/*!40000 ALTER TABLE `roles` DISABLE KEYS */;
INSERT INTO `roles` VALUES (1,'Administrator','role_admin','The main role for the application',1,NULL,NULL),(2,'View only','role_viewer','Another role',1,NULL,NULL),(3,'Data Entry','role_data_entry_generic','.....',1,NULL,NULL),(4,'Project Officer','role_data_entry_project_coordinator','......',1,NULL,NULL),(5,'IT user','role_it','......',1,NULL,NULL),(6,'Internal Auditor','role_auditor','......',1,NULL,NULL);
/*!40000 ALTER TABLE `roles` ENABLE KEYS */;
UNLOCK TABLES;

--
-- Table structure for table `sections`
--

DROP TABLE IF EXISTS `sections`;
/*!40101 SET @saved_cs_client     = @@character_set_client */;
/*!40101 SET character_set_client = utf8 */;
CREATE TABLE `sections` (
  `id` int(10) unsigned NOT NULL AUTO_INCREMENT,
  `name` varchar(255) COLLATE utf8mb4_unicode_ci NOT NULL,
  `code_lang` varchar(191) COLLATE utf8mb4_unicode_ci NOT NULL,
  `section_code` varchar(191) COLLATE utf8mb4_unicode_ci NOT NULL,
  `description` text COLLATE utf8mb4_unicode_ci NOT NULL,
  `parent` int(11) DEFAULT NULL,
  `active` tinyint(1) NOT NULL DEFAULT '1',
  `created_at` timestamp NULL DEFAULT NULL,
  `updated_at` timestamp NULL DEFAULT NULL,
  PRIMARY KEY (`id`),
  UNIQUE KEY `sections_code_lang_unique` (`code_lang`)
) ENGINE=InnoDB AUTO_INCREMENT=26 DEFAULT CHARSET=utf8mb4 COLLATE=utf8mb4_unicode_ci;
/*!40101 SET character_set_client = @saved_cs_client */;

--
-- Dumping data for table `sections`
--

LOCK TABLES `sections` WRITE;
/*!40000 ALTER TABLE `sections` DISABLE KEYS */;
INSERT INTO `sections` VALUES (1,'Basic project information','section_project_basic_information','i','',NULL,1,'2020-01-28 09:39:25',NULL),(2,'Project milestones','section_contract_milestones','cm','',NULL,1,'2020-01-28 09:39:25',NULL),(3,'Parties','section_parties','par','',NULL,1,'2020-01-28 09:39:25',NULL),(4,'Performance information','section_perfomance_information','pi','',NULL,1,'2020-01-28 09:39:25',NULL),(5,'Annual demand levels','section_perfomance_information_annual_demands','dl','',4,0,'2020-01-28 09:39:25',NULL),(6,'Income statements metrics','section_perfomance_information_income_statements_metrics','ism','',4,0,'2020-01-28 09:39:25',NULL),(7,'Other financial metrics','section_perfomance_information_other_financial_metrics','of','',4,0,'2020-01-28 09:39:25',NULL),(8,'Key performance indicators','section_perfomance_information_key_indicators','kpi','',4,1,'2020-01-28 09:39:25',NULL),(9,'Performance failures','section_perfomance_information_failures','pf','',4,1,'2020-01-28 09:39:25',NULL),(10,'Performance assessments','section_perfomance_information_assessements','pa','',4,1,'2020-01-28 09:39:25',NULL),(11,'Gallery','section_gallery','g','',NULL,0,'2020-01-28 09:39:25',NULL),(12,'Contract Summary','section_project_details','pd','',NULL,1,'2020-01-28 09:39:25',NULL),(13,'Redacted PPP Agreement','section_project_details_documents','d','',12,1,'2020-01-28 09:39:25',NULL),(14,'Announcements','section_project_details_announcements','a','',NULL,1,'2020-01-28 09:39:25',NULL),(15,'Procurement documents','section_procurement','pri','',NULL,1,'2020-01-28 09:39:25',NULL),(16,'Risks','section_project_details_risks','ri','',12,0,'2020-01-28 09:39:25',NULL),(17,'Evaluation of PPP','section_project_details_evaulation_ppp','e','',12,0,'2020-01-28 09:39:25',NULL),(18,'Financial Structure','section_project_details_financial_support','fi','',12,1,'2020-01-28 09:39:25',NULL),(19,'Government support','section_project_details_government_support','gs','',12,1,'2020-01-28 09:39:25',NULL),(20,'Tariffs','section_project_details_tariffs','t','',12,1,'2020-01-28 09:39:25',NULL),(21,'Terminal Provisions','section_project_details_contract_termination','ct','',12,1,'2020-01-28 09:39:25',NULL),(22,'Renegotiations','section_project_details_renegotiation','r','',12,1,'2020-01-28 09:39:25',NULL),(23,'Award & Financing','section_project_details_award','aw','',12,0,NULL,NULL),(24,'Award & Financing - Financing','section_project_details_award_financing','awf','',12,1,NULL,NULL),(25,'Contract Summary','section_project_details_contract_summary','cs','',12,1,NULL,NULL);
/*!40000 ALTER TABLE `sections` ENABLE KEYS */;
UNLOCK TABLES;

--
-- Table structure for table `sector_project_information`
--

DROP TABLE IF EXISTS `sector_project_information`;
/*!40101 SET @saved_cs_client     = @@character_set_client */;
/*!40101 SET character_set_client = utf8 */;
CREATE TABLE `sector_project_information` (
  `sector_id` int(10) unsigned NOT NULL,
  `project_information_id` int(10) unsigned NOT NULL,
  `created_at` timestamp NULL DEFAULT NULL,
  `updated_at` timestamp NULL DEFAULT NULL,
  KEY `sector_project_information_sector_id_index` (`sector_id`),
  KEY `sector_project_information_project_information_id_index` (`project_information_id`),
  CONSTRAINT `sector_project_information_project_information_id_foreign` FOREIGN KEY (`project_information_id`) REFERENCES `project_information` (`id`) ON DELETE CASCADE,
  CONSTRAINT `sector_project_information_sector_id_foreign` FOREIGN KEY (`sector_id`) REFERENCES `sectors` (`id`)
) ENGINE=InnoDB DEFAULT CHARSET=utf8mb4 COLLATE=utf8mb4_unicode_ci;
/*!40101 SET character_set_client = @saved_cs_client */;

--
-- Dumping data for table `sector_project_information`
--

LOCK TABLES `sector_project_information` WRITE;
/*!40000 ALTER TABLE `sector_project_information` DISABLE KEYS */;
INSERT INTO `sector_project_information` VALUES (2,32,NULL,NULL),(2,33,NULL,NULL),(2,34,NULL,NULL),(2,36,NULL,NULL),(1,37,NULL,NULL),(2,38,NULL,NULL),(2,39,NULL,NULL),(2,40,NULL,NULL),(2,41,NULL,NULL),(2,42,NULL,NULL),(5,43,NULL,NULL),(4,44,NULL,NULL),(3,45,NULL,NULL),(8,47,NULL,NULL);
/*!40000 ALTER TABLE `sector_project_information` ENABLE KEYS */;
UNLOCK TABLES;

--
-- Table structure for table `sectors`
--

DROP TABLE IF EXISTS `sectors`;
/*!40101 SET @saved_cs_client     = @@character_set_client */;
/*!40101 SET character_set_client = utf8 */;
CREATE TABLE `sectors` (
  `id` int(10) unsigned NOT NULL AUTO_INCREMENT,
  `name` varchar(255) COLLATE utf8mb4_unicode_ci NOT NULL,
  `code_lang` varchar(255) COLLATE utf8mb4_unicode_ci NOT NULL,
  `created_at` timestamp NULL DEFAULT NULL,
  `updated_at` timestamp NULL DEFAULT NULL,
  PRIMARY KEY (`id`)
) ENGINE=InnoDB AUTO_INCREMENT=20 DEFAULT CHARSET=utf8mb4 COLLATE=utf8mb4_unicode_ci;
/*!40101 SET character_set_client = @saved_cs_client */;

--
-- Dumping data for table `sectors`
--

LOCK TABLES `sectors` WRITE;
/*!40000 ALTER TABLE `sectors` DISABLE KEYS */;
INSERT INTO `sectors` VALUES (1,'Trade','sector_trade',NULL,NULL),(2,'Urban Municipal','sector_urban',NULL,NULL),(3,'Solid Waste Management','sector_waste',NULL,NULL),(4,'Water','sector_water',NULL,NULL),(5,'Student Hostels','sector_hostels',NULL,NULL),(6,'Health Facilities','sector_health',NULL,NULL),(7,'Port','sector_port',NULL,NULL),(8,'Bulk Liquid Terminal','sector_liquid',NULL,NULL),(9,'Airport','sector_airport',NULL,NULL),(10,'Solar','sector_solar',NULL,NULL),(11,'Energy','sector_energy',NULL,NULL),(12,'Market','sector_market',NULL,NULL),(13,'Daladala/Bus Terminal','sector_bus_terminal',NULL,NULL),(14,'Truck Terminal','sector_truck_terminal',NULL,NULL),(15,'City Park','sector_city_park',NULL,NULL),(16,'Abattoir','sector_abattoir',NULL,NULL),(17,'Rail','sector_rail',NULL,NULL),(18,'Hospital','sector_hospital',NULL,NULL),(19,'School','sector_school',NULL,NULL);
/*!40000 ALTER TABLE `sectors` ENABLE KEYS */;
UNLOCK TABLES;

--
-- Table structure for table `sectors_cofog`
--

DROP TABLE IF EXISTS `sectors_cofog`;
/*!40101 SET @saved_cs_client     = @@character_set_client */;
/*!40101 SET character_set_client = utf8 */;
CREATE TABLE `sectors_cofog` (
  `id` int(10) unsigned NOT NULL AUTO_INCREMENT,
  `first_level_id` int(11) NOT NULL,
  `second_level_id` int(11) NOT NULL,
  `name` varchar(191) COLLATE utf8mb4_unicode_ci NOT NULL,
  `created_at` timestamp NULL DEFAULT NULL,
  `updated_at` timestamp NULL DEFAULT NULL,
  PRIMARY KEY (`id`)
) ENGINE=InnoDB AUTO_INCREMENT=80 DEFAULT CHARSET=utf8mb4 COLLATE=utf8mb4_unicode_ci;
/*!40101 SET character_set_client = @saved_cs_client */;

--
-- Dumping data for table `sectors_cofog`
--

LOCK TABLES `sectors_cofog` WRITE;
/*!40000 ALTER TABLE `sectors_cofog` DISABLE KEYS */;
INSERT INTO `sectors_cofog` VALUES (1,1,0,'General public services',NULL,NULL),(2,1,1,'Executive and legislative organs, financial and fiscal affairs, external affairs',NULL,NULL),(3,1,2,'Foreign economic aid',NULL,NULL),(4,1,3,'General services',NULL,NULL),(5,1,4,'Basic research',NULL,NULL),(6,1,5,'R&D general public services',NULL,NULL),(7,1,6,'General public services',NULL,NULL),(8,1,7,'Public debt transactions',NULL,NULL),(9,1,8,'Transfers of a general character between different levels of government',NULL,NULL),(10,2,0,'Defence',NULL,NULL),(11,2,1,'Military defence',NULL,NULL),(12,2,2,'Civil defence',NULL,NULL),(13,2,3,'Foreign military aid',NULL,NULL),(14,2,4,'R&D defence',NULL,NULL),(15,2,5,'Defence n.e.c',NULL,NULL),(16,3,0,'Public order and safety',NULL,NULL),(17,3,1,'Police services',NULL,NULL),(18,3,2,'Fire-protection services',NULL,NULL),(19,3,3,'Law courts',NULL,NULL),(20,3,4,'Prisons',NULL,NULL),(21,3,5,'R&D public order and safety',NULL,NULL),(22,3,6,'Public order and safety n.e.c',NULL,NULL),(23,4,0,'Economic affairs',NULL,NULL),(24,4,1,'General economic, commercial and labour affairs',NULL,NULL),(25,4,2,'Agriculture, forestry, fishing and hunting',NULL,NULL),(26,4,3,'Fuel and energy',NULL,NULL),(27,4,4,'Mining, manufacturing and construction',NULL,NULL),(28,4,5,'Transport',NULL,NULL),(29,4,6,'Communication',NULL,NULL),(30,4,7,'Other industries',NULL,NULL),(31,4,8,'R&D economic affairs',NULL,NULL),(32,4,9,'Economic affairs n.e.c',NULL,NULL),(33,5,0,'Environmental protection',NULL,NULL),(34,5,1,'Waste management',NULL,NULL),(35,5,2,'Waste water management',NULL,NULL),(36,5,3,'Pollution abatement',NULL,NULL),(37,5,4,'Protection of biodiversity and landscape',NULL,NULL),(38,5,5,'R&D environmental protection',NULL,NULL),(39,5,6,'Environmental protection n.e.c',NULL,NULL),(40,6,0,'Housing and community amenities',NULL,NULL),(41,6,1,'Housing development',NULL,NULL),(42,6,2,'Community development',NULL,NULL),(43,6,3,'Water supply',NULL,NULL),(44,6,4,'Street lighting',NULL,NULL),(45,6,5,'R&D housing and community amenities',NULL,NULL),(46,6,6,'Housing and community amenities n.e.c',NULL,NULL),(47,7,0,'Health',NULL,NULL),(48,7,1,'Medical products, appliances and equipment',NULL,NULL),(49,7,2,'Outpatient services',NULL,NULL),(50,7,3,'Hospital services',NULL,NULL),(51,7,4,'Public health services',NULL,NULL),(52,7,5,'R&D health',NULL,NULL),(53,7,6,'Health n.e.c',NULL,NULL),(54,8,0,'Recreation, culture and religion',NULL,NULL),(55,8,1,'Recreational and sporting services',NULL,NULL),(56,8,2,'Cultural services',NULL,NULL),(57,8,3,'Broadcasting and publishing services',NULL,NULL),(58,8,4,'Religious and other community services',NULL,NULL),(59,8,5,'R&D recreation, culture and religion',NULL,NULL),(60,8,6,'Recreation, culture and religion n.e.c',NULL,NULL),(61,9,0,'Education',NULL,NULL),(62,9,1,'Pre-primary and primary education',NULL,NULL),(63,9,2,'Secondary education',NULL,NULL),(64,9,3,'Post-secondary non-tertiary education',NULL,NULL),(65,9,4,'Tertiary education',NULL,NULL),(66,9,5,'Education not definable by level',NULL,NULL),(67,9,6,'Subsidiary services to education',NULL,NULL),(68,9,7,'R&D education',NULL,NULL),(69,9,8,'Education n.e.c',NULL,NULL),(70,10,0,'Social protection',NULL,NULL),(71,10,1,'Sickness and disability',NULL,NULL),(72,10,2,'Old age',NULL,NULL),(73,10,3,'Survivors',NULL,NULL),(74,10,4,'Family and children',NULL,NULL),(75,10,5,'Unemployment',NULL,NULL),(76,10,6,'Housing',NULL,NULL),(77,10,7,'Social exclusion n.e.c',NULL,NULL),(78,10,8,'R&D social protection',NULL,NULL),(79,10,9,'Social protection n.e.c',NULL,NULL);
/*!40000 ALTER TABLE `sectors_cofog` ENABLE KEYS */;
UNLOCK TABLES;

--
-- Table structure for table `sliders`
--

DROP TABLE IF EXISTS `sliders`;
/*!40101 SET @saved_cs_client     = @@character_set_client */;
/*!40101 SET character_set_client = utf8 */;
CREATE TABLE `sliders` (
  `id` int(10) unsigned NOT NULL AUTO_INCREMENT,
  `name` varchar(255) COLLATE utf8mb4_unicode_ci NOT NULL,
  `description` text COLLATE utf8mb4_unicode_ci NOT NULL,
  `url` varchar(255) COLLATE utf8mb4_unicode_ci NOT NULL,
  `white` tinyint(1) NOT NULL DEFAULT '1',
  `active` tinyint(1) NOT NULL DEFAULT '0',
  `created_at` timestamp NULL DEFAULT NULL,
  `updated_at` timestamp NULL DEFAULT NULL,
  PRIMARY KEY (`id`)
) ENGINE=InnoDB DEFAULT CHARSET=utf8mb4 COLLATE=utf8mb4_unicode_ci;
/*!40101 SET character_set_client = @saved_cs_client */;

--
-- Dumping data for table `sliders`
--

LOCK TABLES `sliders` WRITE;
/*!40000 ALTER TABLE `sliders` DISABLE KEYS */;
/*!40000 ALTER TABLE `sliders` ENABLE KEYS */;
UNLOCK TABLES;

--
-- Table structure for table `stages`
--

DROP TABLE IF EXISTS `stages`;
/*!40101 SET @saved_cs_client     = @@character_set_client */;
/*!40101 SET character_set_client = utf8 */;
CREATE TABLE `stages` (
  `id` int(10) unsigned NOT NULL AUTO_INCREMENT,
  `name` varchar(255) COLLATE utf8mb4_unicode_ci NOT NULL,
  `color` varchar(6) COLLATE utf8mb4_unicode_ci NOT NULL,
  `created_at` timestamp NULL DEFAULT NULL,
  `updated_at` timestamp NULL DEFAULT NULL,
  PRIMARY KEY (`id`)
) ENGINE=InnoDB AUTO_INCREMENT=7 DEFAULT CHARSET=utf8mb4 COLLATE=utf8mb4_unicode_ci;
/*!40101 SET character_set_client = @saved_cs_client */;

--
-- Dumping data for table `stages`
--

LOCK TABLES `stages` WRITE;
/*!40000 ALTER TABLE `stages` DISABLE KEYS */;
INSERT INTO `stages` VALUES (1,'Identification','E53935',NULL,NULL),(2,'Preparation','f4d35e',NULL,NULL),(3,'Tendering','3f51b5',NULL,NULL),(4,'Award','3f51b5',NULL,NULL),(5,'Implementation','3f51b5',NULL,NULL),(6,'Handover','3f51b5',NULL,NULL);
/*!40000 ALTER TABLE `stages` ENABLE KEYS */;
UNLOCK TABLES;

--
-- Table structure for table `tasks`
--

DROP TABLE IF EXISTS `tasks`;
/*!40101 SET @saved_cs_client     = @@character_set_client */;
/*!40101 SET character_set_client = utf8 */;
CREATE TABLE `tasks` (
  `id` int(10) unsigned NOT NULL AUTO_INCREMENT,
  `user_id` int(10) unsigned NOT NULL,
  `project_id` int(10) unsigned DEFAULT NULL,
  `section` char(5) COLLATE utf8mb4_unicode_ci NOT NULL,
  `position` bigint(20) NOT NULL,
  `status` tinyint(1) DEFAULT NULL,
  `reason_declined` varchar(191) COLLATE utf8mb4_unicode_ci DEFAULT NULL,
  `name` varchar(255) COLLATE utf8mb4_unicode_ci NOT NULL,
  `reason` text COLLATE utf8mb4_unicode_ci,
  `data_json` text COLLATE utf8mb4_unicode_ci NOT NULL,
  `created_at` timestamp NULL DEFAULT NULL,
  `updated_at` timestamp NULL DEFAULT NULL,
  `comment` text COLLATE utf8mb4_unicode_ci,
  PRIMARY KEY (`id`),
  KEY `tasks_user_id_index` (`user_id`),
  KEY `tasks_project_id_index` (`project_id`),
  CONSTRAINT `tasks_project_id_foreign` FOREIGN KEY (`project_id`) REFERENCES `projects` (`id`) ON DELETE CASCADE,
  CONSTRAINT `tasks_user_id_foreign` FOREIGN KEY (`user_id`) REFERENCES `users` (`id`)
) ENGINE=InnoDB DEFAULT CHARSET=utf8mb4 COLLATE=utf8mb4_unicode_ci;
/*!40101 SET character_set_client = @saved_cs_client */;

--
-- Dumping data for table `tasks`
--

LOCK TABLES `tasks` WRITE;
/*!40000 ALTER TABLE `tasks` DISABLE KEYS */;
/*!40000 ALTER TABLE `tasks` ENABLE KEYS */;
UNLOCK TABLES;

--
-- Table structure for table `theme_fonts`
--

DROP TABLE IF EXISTS `theme_fonts`;
/*!40101 SET @saved_cs_client     = @@character_set_client */;
/*!40101 SET character_set_client = utf8 */;
CREATE TABLE `theme_fonts` (
  `id` int(10) unsigned NOT NULL AUTO_INCREMENT,
  `name` varchar(255) COLLATE utf8mb4_unicode_ci NOT NULL,
  `file` varchar(255) COLLATE utf8mb4_unicode_ci NOT NULL,
  `created_at` timestamp NULL DEFAULT NULL,
  `updated_at` timestamp NULL DEFAULT NULL,
  PRIMARY KEY (`id`)
) ENGINE=InnoDB AUTO_INCREMENT=10 DEFAULT CHARSET=utf8mb4 COLLATE=utf8mb4_unicode_ci;
/*!40101 SET character_set_client = @saved_cs_client */;

--
-- Dumping data for table `theme_fonts`
--

LOCK TABLES `theme_fonts` WRITE;
/*!40000 ALTER TABLE `theme_fonts` DISABLE KEYS */;
INSERT INTO `theme_fonts` VALUES (1,'PT_Serif','',NULL,NULL),(2,'Droid_Serif','',NULL,NULL),(3,'Merriweather','',NULL,NULL),(4,'\'Roboto Slab\'','',NULL,NULL),(5,'Roboto','',NULL,NULL),(6,'Oswald','',NULL,NULL),(7,'Source_sans_Pro','',NULL,NULL),(8,'Lato','',NULL,NULL),(9,'Open_sans','',NULL,NULL);
/*!40000 ALTER TABLE `theme_fonts` ENABLE KEYS */;
UNLOCK TABLES;

--
-- Table structure for table `theme_schemas`
--

DROP TABLE IF EXISTS `theme_schemas`;
/*!40101 SET @saved_cs_client     = @@character_set_client */;
/*!40101 SET character_set_client = utf8 */;
CREATE TABLE `theme_schemas` (
  `id` int(10) unsigned NOT NULL AUTO_INCREMENT,
  `theme_id` int(10) unsigned NOT NULL,
  `name` varchar(191) COLLATE utf8mb4_unicode_ci NOT NULL,
  `css_key` varchar(191) COLLATE utf8mb4_unicode_ci NOT NULL,
  `css_rule` varchar(191) COLLATE utf8mb4_unicode_ci NOT NULL,
  `created_at` timestamp NULL DEFAULT NULL,
  `updated_at` timestamp NULL DEFAULT NULL,
  PRIMARY KEY (`id`),
  KEY `theme_schemas_theme_id_foreign` (`theme_id`),
  CONSTRAINT `theme_schemas_theme_id_foreign` FOREIGN KEY (`theme_id`) REFERENCES `themes` (`id`)
) ENGINE=InnoDB AUTO_INCREMENT=13 DEFAULT CHARSET=utf8mb4 COLLATE=utf8mb4_unicode_ci;
/*!40101 SET character_set_client = @saved_cs_client */;

--
-- Dumping data for table `theme_schemas`
--

LOCK TABLES `theme_schemas` WRITE;
/*!40000 ALTER TABLE `theme_schemas` DISABLE KEYS */;
INSERT INTO `theme_schemas` VALUES (1,1,'primary_color','@primary-color','#00a3dd','2020-01-28 09:39:25','2020-01-28 09:39:25'),(2,1,'secondary_color','@secondary-color','#1eb53a','2020-01-28 09:39:25','2020-01-28 09:39:25'),(3,1,'body_font_size','@main-font-size','14px','2020-01-28 09:39:25','2020-01-28 09:39:25'),(4,1,'title_font_family','@title-font-family','\'Roboto Slab\'','2020-01-28 09:39:25','2020-01-28 09:39:25'),(5,1,'title_font_size','@title-font-size','48px','2020-01-28 09:39:25','2020-01-28 09:39:25'),(6,1,'title_letter_spacing','@title-letter-spacing','0px','2020-01-28 09:39:25','2020-01-28 09:39:25'),(7,1,'subtitle_font_size','@subtitle-font-size','18px','2020-01-28 09:39:25','2020-01-28 09:39:25'),(8,1,'subtitle_letter_spacing','@subtitle-letter-spacing','0px','2020-01-28 09:39:25','2020-01-28 09:39:25'),(9,1,'body_font_family','@body-font-family','Roboto','2020-01-28 09:39:25','2020-01-28 09:39:25'),(10,1,'body_letter_spacing','@body-letter-spacing','0px','2020-01-28 09:39:25','2020-01-28 09:39:25'),(11,1,'body_line_height','@line-height','20px','2020-01-28 09:39:25','2020-01-28 09:39:25'),(12,1,'body_spacing_paragraphs','@spacing-paragraphs','20px','2020-01-28 09:39:25','2020-01-28 09:39:25');
/*!40000 ALTER TABLE `theme_schemas` ENABLE KEYS */;
UNLOCK TABLES;

--
-- Table structure for table `themes`
--

DROP TABLE IF EXISTS `themes`;
/*!40101 SET @saved_cs_client     = @@character_set_client */;
/*!40101 SET character_set_client = utf8 */;
CREATE TABLE `themes` (
  `id` int(10) unsigned NOT NULL AUTO_INCREMENT,
  `name` varchar(191) COLLATE utf8mb4_unicode_ci NOT NULL,
  `active` tinyint(1) NOT NULL,
  `custom` tinyint(1) NOT NULL DEFAULT '1',
  `created_at` timestamp NULL DEFAULT NULL,
  `updated_at` timestamp NULL DEFAULT NULL,
  PRIMARY KEY (`id`)
) ENGINE=InnoDB AUTO_INCREMENT=2 DEFAULT CHARSET=utf8mb4 COLLATE=utf8mb4_unicode_ci;
/*!40101 SET character_set_client = @saved_cs_client */;

--
-- Dumping data for table `themes`
--

LOCK TABLES `themes` WRITE;
/*!40000 ALTER TABLE `themes` DISABLE KEYS */;
INSERT INTO `themes` VALUES (1,'default',1,0,'2020-01-28 09:39:25','2020-01-28 09:39:25');
/*!40000 ALTER TABLE `themes` ENABLE KEYS */;
UNLOCK TABLES;

--
-- Table structure for table `users`
--

DROP TABLE IF EXISTS `users`;
/*!40101 SET @saved_cs_client     = @@character_set_client */;
/*!40101 SET character_set_client = utf8 */;
CREATE TABLE `users` (
  `id` int(10) unsigned NOT NULL AUTO_INCREMENT,
  `role_id` int(10) unsigned NOT NULL,
  `entity_id` int(10) unsigned NOT NULL,
  `prefix_id` int(10) unsigned DEFAULT NULL,
  `name` varchar(255) COLLATE utf8mb4_unicode_ci NOT NULL,
  `email` varchar(191) COLLATE utf8mb4_unicode_ci NOT NULL,
  `telephone` varchar(30) COLLATE utf8mb4_unicode_ci DEFAULT NULL,
  `password` varchar(191) COLLATE utf8mb4_unicode_ci NOT NULL,
  `inactive` tinyint(1) NOT NULL DEFAULT '0',
  `remember_token` varchar(100) COLLATE utf8mb4_unicode_ci DEFAULT NULL,
  `created_at` timestamp NULL DEFAULT NULL,
  `updated_at` timestamp NULL DEFAULT NULL,
  PRIMARY KEY (`id`),
  UNIQUE KEY `users_email_unique` (`email`),
  KEY `users_role_id_index` (`role_id`),
  KEY `users_entity_id_index` (`entity_id`),
  KEY `users_prefix_id_index` (`prefix_id`),
  CONSTRAINT `users_entity_id_foreign` FOREIGN KEY (`entity_id`) REFERENCES `entities` (`id`),
  CONSTRAINT `users_prefix_id_foreign` FOREIGN KEY (`prefix_id`) REFERENCES `prefixes` (`id`),
  CONSTRAINT `users_role_id_foreign` FOREIGN KEY (`role_id`) REFERENCES `roles` (`id`)
) ENGINE=InnoDB AUTO_INCREMENT=14 DEFAULT CHARSET=utf8mb4 COLLATE=utf8mb4_unicode_ci;
/*!40101 SET character_set_client = @saved_cs_client */;

--
-- Dumping data for table `users`
--

LOCK TABLES `users` WRITE;
/*!40000 ALTER TABLE `users` DISABLE KEYS */;
INSERT INTO `users` VALUES (1,1,1,199,'admin','admin@admin.com','612345678','$2y$10$Jz06XT5iVoNSUugGqfBwT.8KYWFF2TvbKEe5Q1dVvRXzzS1490HIa',0,'uC7SrULhcXTtrHGAOBL5qjyBasQjcWvWqURWhoVEOXaZzgK5AIho6iZ1lViZ','2020-05-25 18:17:22','2020-05-25 18:17:22'),(2,2,1,150,'View only 1','transparency-viewer1@trashcanmail.com','612345678','$2y$10$53C83HU45WnlcxQseLPuQea7/9hRc7LygoyT71eKsMd/QthHb.hDa',0,NULL,'2020-05-25 18:17:22','2020-05-25 18:17:22'),(3,2,1,150,'View only 2','transparency-viewer2@trashcanmail.com','612345678','$2y$10$j6XNTwhjEHIV86V8/k2RteIQHJlHolgox6bgSLvc/krk2xpHqr1kO',0,NULL,'2020-05-25 18:17:22','2020-05-25 18:17:22'),(4,3,1,199,'Data Entry - Generic','transparency-dataentry@trashcanmail.com','612345678','$2y$10$JxirftQSvZxpaqd6T9CSrOwS6ULFitWBYc0R4kFS42SZypIsZbWR.',0,'8L47MdANIy9WllDrcWQZjaeF82StliB4nh3dwqquKoHutk50KuldidmnNMdQ','2020-05-25 18:17:22','2020-05-25 18:17:22'),(5,4,1,199,'Data Entry - Project Coordinator','transparency-projectcoordinator@trashcanmail.com','612 34 56 78','$2y$10$RNTUGXHYBRTuATH4TSzgqO0BY3bKl51uEE6U8TVKbOkE2BDfFlMCy',0,'wd26OrZ5I51bh04HAFS17nykiFcAAMBz2seCzxqjTm5r1emzis4Gp8Y1WEPg','2020-05-25 18:17:22','2020-05-25 18:17:22'),(6,5,1,199,'IT user','transparency-it@trashcanmail.com','612345678','$2y$10$PB6l.Et0rPJ7EXdOU3CLjunp6ERfroLYSiVk10LjLpZ3dplpRUzBa',0,'ZIoD9mGMPGnYnmRoKZd1xiuA70H6e4J0lYaEP8oKxinWzXJrKe41UQGN0VBa','2020-05-25 18:17:22','2020-05-25 18:17:22'),(7,6,1,199,'Internal Auditor','transparency-auditor@trashcanmail.com','612345478','$2y$10$tlH20sT/rr1Jra3wiCV4YOiDMfCr6peQgrcym8P79R6Y9dBDx2DqO',0,'VI1LS4A4hbLvYp530U63y5LvNxFTpz8i5mkRRtShMKSiBsce4g3z2wulNgMz','2020-05-25 18:17:22','2020-05-25 18:17:22'),(8,4,1,NULL,'Project Coordinator','jmontero@aninver.com',NULL,'$2y$10$DgZzoU3ictLb6Ty4moB9Fu.Yxz3AdVHtp.FhqudFkr3TutaZPc3.q',0,'IINtTRVVrwIpUWVTbmN8VXBn3TU83fFPRtY3SQctt7l57ZcPQXnpFBnOtZm2','2020-05-25 18:17:22','2020-05-25 18:17:22'),(9,1,12,199,'Miguel Martin','mmartin@aninver.com','951 76 79 73','$2y$10$muzMJpKasW40lVcI3YLubeVQtU034lkXntgqbeI40Ee9c0UNKGUOC',0,'N4Iah9KxzThoJ970MeMeLg2ggpqvHKbmIrx85oeNv6JZQoPhpuWGN145bGrF','2020-05-25 18:17:22','2020-05-25 18:17:22'),(10,4,12,210,'Jose Montero','aninver.it@gmail.com','123456678','$2y$10$H7.cV7mEVE4Z5ocpJBFX9el7ZPgCdP9yC/tfQ5q3MIJJ/tZ7qaCay',0,'w7QXL7nWOO7Xq8h9MDcS4AssxDlV9OXDrQhQAVolVNRJcuDM4oSL8DnnDkpg','2020-05-25 18:17:22','2020-05-25 18:17:22'),(11,1,12,199,'Adetoun Latifat Adetona','adetounadetona@yahoo.com','123456789','$2y$10$ujSXTP31/NtzLKtdnZCVyeXUYmcbHarC4.5uK0oqtWegZUQitFw2W',0,'8pKCCLH4gGCfVk8R2jHoZ70jwnEuvUdKOxT0z4KKp89wbMMGy2WZgI2bG63G','2020-05-25 18:17:22','2020-05-25 18:17:22'),(12,3,12,NULL,'Dataentry Generic','mon_montero@yahoo.es',NULL,'$2y$10$BpqSIgH5H1r3RmCZUg.M5eQzTtlRN7OAEIxZFnZS.x73jVsCrcQ36',0,'eUHokNGZQgWJmeaFg7ISGsjFvUkv4Y9J9OYzhu2JMc8yXT9cBXPwtphJmqWR','2020-05-25 18:17:22','2020-05-25 18:17:22'),(13,1,12,199,'Caroline Chema Eric','ceric@worldbank.org','677 67 76 77','$2y$10$viZNqQSBmzCiVdBC25I1BOb1I4paJgnHoxpsm/BFZSAhSf5ft6QDi',0,'4mKv2XwdI2C1lq7xW9Qa0EwWMnGPGVdB6EmbirnVgHBrJiFdoUs8xGdFizBi','2020-05-26 14:54:04','2020-05-27 10:13:10');
/*!40000 ALTER TABLE `users` ENABLE KEYS */;
UNLOCK TABLES;
/*!40103 SET TIME_ZONE=@OLD_TIME_ZONE */;

/*!40101 SET SQL_MODE=@OLD_SQL_MODE */;
/*!40014 SET FOREIGN_KEY_CHECKS=@OLD_FOREIGN_KEY_CHECKS */;
/*!40014 SET UNIQUE_CHECKS=@OLD_UNIQUE_CHECKS */;
/*!40101 SET CHARACTER_SET_CLIENT=@OLD_CHARACTER_SET_CLIENT */;
/*!40101 SET CHARACTER_SET_RESULTS=@OLD_CHARACTER_SET_RESULTS */;
/*!40101 SET COLLATION_CONNECTION=@OLD_COLLATION_CONNECTION */;
/*!40111 SET SQL_NOTES=@OLD_SQL_NOTES */;

-- Dump completed on 2020-06-25  8:05:07
